
Running 1936 tests using 5 workers

(node:4618) Warning: The 'NO_COLOR' env is ignored due to the 'FORCE_COLOR' env being set.
(Use `node --trace-warnings ...` to show where the warning was created)
(node:4619) Warning: The 'NO_COLOR' env is ignored due to the 'FORCE_COLOR' env being set.
(Use `node --trace-warnings ...` to show where the warning was created)
(node:4621) Warning: The 'NO_COLOR' env is ignored due to the 'FORCE_COLOR' env being set.
(Use `node --trace-warnings ...` to show where the warning was created)
(node:4620) Warning: The 'NO_COLOR' env is ignored due to the 'FORCE_COLOR' env being set.
(Use `node --trace-warnings ...` to show where the warning was created)
(node:4622) Warning: The 'NO_COLOR' env is ignored due to the 'FORCE_COLOR' env being set.
(Use `node --trace-warnings ...` to show where the warning was created)
  ✓     1 [mobile] › visual/visual.spec.ts:41:7 › readme-docs-kit--missing-token-fails-loudly (808ms)
  ✓     3 [mobile] › visual/visual.spec.ts:41:7 › readme-docs-kit--copy-without-a-clipboard (982ms)
  ✓     2 [mobile] › visual/visual.spec.ts:41:7 › readme-docs-kit--utilities-derive-from-the-catalogue (1.2s)
  ✓     6 [mobile] › visual/visual.spec.ts:41:7 › readme-docs-kit--swatch-paints-its-token (691ms)
  ✓     4 [mobile] › visual/visual.spec.ts:41:7 › readme-docs-kit--numeric-steps-sort-by-number (1.2s)
  ✓     5 [mobile] › visual/visual.spec.ts:41:7 › readme-docs-kit--copy-chips-copy-a-class (1.4s)
  ✓     7 [mobile] › visual/visual.spec.ts:41:7 › readme-docs-kit--swatch-copies-name-and-value (776ms)
  ✓     8 [mobile] › visual/visual.spec.ts:41:7 › readme-docs-kit--token-table-lists-every-match (690ms)
  ✓     9 [mobile] › visual/visual.spec.ts:41:7 › readme-docs-kit--type-specimen-uses-the-step (677ms)
  ✓    10 [mobile] › visual/visual.spec.ts:41:7 › readme-docs-kit--contrast-matrix-rates-each-pair (667ms)
  ✓    11 [mobile] › visual/visual.spec.ts:41:7 › readme-docs-kit--spacing-scale-multiplies-the-unit (730ms)
  ✓    12 [mobile] › visual/visual.spec.ts:41:7 › readme-docs-kit--radius-scale-shows-every-radius (606ms)
  ✓    13 [mobile] › visual/visual.spec.ts:41:7 › readme-docs-kit--shadow-ladder-paints-each-step (666ms)
  ✓    14 [mobile] › visual/visual.spec.ts:41:7 › readme-docs-kit--motion-demo-runs-on-the-tokens (686ms)
  ✓    15 [mobile] › visual/visual.spec.ts:41:7 › readme-docs-prose--prose-table-scrolls-at-360 (603ms)
  ✓    16 [mobile] › visual/visual.spec.ts:41:7 › readme-docs-prose--prose-tables-named-apart (583ms)
  ✓    17 [mobile] › visual/visual.spec.ts:41:7 › readme-docs-prose--prose-table-names-stay-unique (546ms)
  ✓    18 [mobile] › visual/visual.spec.ts:41:7 › readme-docs-prose--prose-table-that-fits-adds-no-tab-stop (545ms)
  ✓    19 [mobile] › visual/visual.spec.ts:41:7 › readme-canvas-geometry--padded-leaves-328 (509ms)
  ✓    20 [mobile] › visual/visual.spec.ts:41:7 › readme-canvas-geometry--centered-leaves-328 (577ms)
  ✓    21 [mobile] › visual/visual.spec.ts:41:7 › readme-canvas-geometry--fullscreen-leaves-360 (593ms)
  ✓    22 [mobile] › visual/visual.spec.ts:41:7 › readme-system-sx--responsive-classes-have-css (566ms)
  ✓    23 [mobile] › visual/visual.spec.ts:41:7 › app-ordering-app--home (852ms)
  ✓    24 [mobile] › visual/visual.spec.ts:41:7 › app-ordering-app--menu (721ms)
  ✓    25 [mobile] › visual/visual.spec.ts:41:7 › app-ordering-app--item-sheet-open (752ms)
  ✓    26 [mobile] › visual/visual.spec.ts:41:7 › app-ordering-app--cart (722ms)
  ✓    27 [mobile] › visual/visual.spec.ts:41:7 › app-ordering-app--tracking (726ms)
  ✓    28 [mobile] › visual/visual.spec.ts:41:7 › app-ordering-app--account (685ms)
  ✓    30 [mobile] › visual/visual.spec.ts:41:7 › atoms-avatar--playground (562ms)
  ✓    29 [mobile] › visual/visual.spec.ts:41:7 › app-ordering-app--home-360 (768ms)
  ✓    31 [mobile] › visual/visual.spec.ts:41:7 › atoms-avatar--sizes (566ms)
  ✓    32 [mobile] › visual/visual.spec.ts:41:7 › atoms-avatar--initials (558ms)
  ✓    33 [mobile] › visual/visual.spec.ts:41:7 › atoms-avatar--icon-fallback (536ms)
  ✓    34 [mobile] › visual/visual.spec.ts:41:7 › atoms-avatar--ring (597ms)
  ✓    35 [mobile] › visual/visual.spec.ts:41:7 › atoms-avatar--photo (593ms)
  ✓    36 [mobile] › visual/visual.spec.ts:41:7 › atoms-avatar--in-a-guest-row (555ms)
  ✓    37 [mobile] › visual/visual.spec.ts:41:7 › atoms-badge--playground (569ms)
  ✓    38 [mobile] › visual/visual.spec.ts:41:7 › atoms-badge--colors (550ms)
  ✓    39 [mobile] › visual/visual.spec.ts:41:7 › atoms-badge--status-colors (546ms)
  ✓    40 [mobile] › visual/visual.spec.ts:41:7 › atoms-badge--with-icon (525ms)
  ✓    41 [mobile] › visual/visual.spec.ts:41:7 › atoms-badge--on-a-menu-card (585ms)
  ✓    42 [mobile] › visual/visual.spec.ts:41:7 › atoms-badge--sx (590ms)
  ✓    43 [mobile] › visual/visual.spec.ts:41:7 › atoms-badge--on-surfaces-story (518ms)
  ✓    44 [mobile] › visual/visual.spec.ts:41:7 › atoms-button--playground (556ms)
  ✓    45 [mobile] › visual/visual.spec.ts:41:7 › atoms-button--states (576ms)
  ✓    46 [mobile] › visual/visual.spec.ts:41:7 › atoms-button--states-primary (575ms)
  ✓    47 [mobile] › visual/visual.spec.ts:41:7 › atoms-button--states-ghost (616ms)
  ✓    48 [mobile] › visual/visual.spec.ts:41:7 › atoms-button--states-inverse (575ms)
  ✓    49 [mobile] › visual/visual.spec.ts:41:7 › atoms-button--states-on-brand (588ms)
  ✓    50 [mobile] › visual/visual.spec.ts:41:7 › atoms-button--variants (577ms)
  ✓    51 [mobile] › visual/visual.spec.ts:41:7 › atoms-button--sizes (617ms)
  ✓    52 [mobile] › visual/visual.spec.ts:41:7 › atoms-button--leading-icon (653ms)
  ✓    53 [mobile] › visual/visual.spec.ts:41:7 › atoms-button--trailing-icon (647ms)
  ✓    54 [mobile] › visual/visual.spec.ts:41:7 › atoms-button--both-icons (561ms)
  ✓    55 [mobile] › visual/visual.spec.ts:41:7 › atoms-button--icon-by-size (574ms)
  ✓    56 [mobile] › visual/visual.spec.ts:41:7 › atoms-button--icon-after-by-size (598ms)
  ✓    57 [mobile] › visual/visual.spec.ts:41:7 › atoms-button--on-brand (727ms)
  ✓    58 [mobile] › visual/visual.spec.ts:41:7 › atoms-button--loading (799ms)
  ✓    59 [mobile] › visual/visual.spec.ts:41:7 › atoms-button--disabled (788ms)
  ✓    60 [mobile] › visual/visual.spec.ts:41:7 › atoms-button--full-width (1.2s)
  ✓    61 [mobile] › visual/visual.spec.ts:41:7 › atoms-button--sx (1.2s)
  ✓    63 [mobile] › visual/visual.spec.ts:41:7 › atoms-button--nested-surfaces (878ms)
  ✓    64 [mobile] › visual/visual.spec.ts:41:7 › atoms-button--as-child (960ms)
  ✓    62 [mobile] › visual/visual.spec.ts:41:7 › atoms-button--on-surfaces-story (1.5s)
  ✓    65 [mobile] › visual/visual.spec.ts:41:7 › atoms-button--long-label (834ms)
  ✓    66 [mobile] › visual/visual.spec.ts:41:7 › atoms-card--playground (963ms)
  ✓    67 [mobile] › visual/visual.spec.ts:41:7 › atoms-card--states (1.2s)
  ✓    70 [mobile] › visual/visual.spec.ts:41:7 › atoms-card--brand-ink (731ms)
  ✓    68 [mobile] › visual/visual.spec.ts:41:7 › atoms-card--default (1.3s)
  ✓    69 [mobile] › visual/visual.spec.ts:41:7 › atoms-card--feature-quiet (1.2s)
  ✓    71 [mobile] › visual/visual.spec.ts:41:7 › atoms-card--padding-none (1.1s)
  ✓    72 [mobile] › visual/visual.spec.ts:41:7 › atoms-card--paddings (960ms)
  ✓    73 [mobile] › visual/visual.spec.ts:41:7 › atoms-card--as-child (1.1s)
  ✓    74 [mobile] › visual/visual.spec.ts:41:7 › atoms-card--interactive-with-link (1.1s)
  ✓    75 [mobile] › visual/visual.spec.ts:41:7 › atoms-card--light-island (890ms)
  ✓    76 [mobile] › visual/visual.spec.ts:41:7 › atoms-card--soft-inside-brand (732ms)
  ✓    77 [mobile] › visual/visual.spec.ts:41:7 › atoms-checkbox--playground (624ms)
  ✓    78 [mobile] › visual/visual.spec.ts:41:7 › atoms-checkbox--interaction (616ms)
  ✓    79 [mobile] › visual/visual.spec.ts:41:7 › atoms-checkbox--checked-and-unchecked (587ms)
  ✓    80 [mobile] › visual/visual.spec.ts:41:7 › atoms-checkbox--price (734ms)
  ✓    81 [mobile] › visual/visual.spec.ts:41:7 › atoms-checkbox--description (708ms)
  ✓    82 [mobile] › visual/visual.spec.ts:41:7 › atoms-checkbox--invalid (644ms)
  ✓    83 [mobile] › visual/visual.spec.ts:41:7 › atoms-checkbox--disabled (625ms)
  ✓    84 [mobile] › visual/visual.spec.ts:41:7 › atoms-checkbox--add-on-list (660ms)
  ✓    85 [mobile] › visual/visual.spec.ts:41:7 › atoms-checkbox--on-surfaces-story (559ms)
  ✓    87 [mobile] › visual/visual.spec.ts:41:7 › atoms-countdown--in-launch-bar (664ms)
  ✓    88 [mobile] › visual/visual.spec.ts:41:7 › atoms-countdown--ended (556ms)
  ✓    89 [mobile] › visual/visual.spec.ts:41:7 › atoms-countdown--ended-renders-nothing (525ms)
  ✓    90 [mobile] › visual/visual.spec.ts:41:7 › atoms-dietmark--playground (509ms)
  ✓    91 [mobile] › visual/visual.spec.ts:41:7 › atoms-dietmark--sizes (566ms)
  ✓    92 [mobile] › visual/visual.spec.ts:41:7 › atoms-dietmark--in-context (535ms)
  ✓    93 [mobile] › visual/visual.spec.ts:41:7 › atoms-divider--playground (550ms)
  ✓    94 [mobile] › visual/visual.spec.ts:41:7 › atoms-divider--line (529ms)
  ✓    86 [mobile] › visual/visual.spec.ts:41:7 › atoms-countdown--playground (1.6s)
  ✓    95 [mobile] › visual/visual.spec.ts:41:7 › atoms-divider--label (538ms)
  ✓    96 [mobile] › visual/visual.spec.ts:41:7 › atoms-divider--diamond (541ms)
  ✓    97 [mobile] › visual/visual.spec.ts:41:7 › atoms-divider--on-brand (543ms)
  ✓    98 [mobile] › visual/visual.spec.ts:41:7 › atoms-divider--between-menu-rows (587ms)
  ✓    99 [mobile] › visual/visual.spec.ts:41:7 › atoms-divider--vertical (702ms)
  ✓   100 [mobile] › visual/visual.spec.ts:41:7 › atoms-divider--on-surfaces-story (626ms)
  ✓   101 [mobile] › visual/visual.spec.ts:41:7 › atoms-fab--playground (799ms)
  ✓   102 [mobile] › visual/visual.spec.ts:41:7 › atoms-fab--variants (1.1s)
  ✓   103 [mobile] › visual/visual.spec.ts:41:7 › atoms-fab--sizes (1.0s)
  ✓   105 [mobile] › visual/visual.spec.ts:41:7 › atoms-fab--disabled (879ms)
  ✓   104 [mobile] › visual/visual.spec.ts:41:7 › atoms-fab--extended (1.1s)
  ✓   106 [mobile] › visual/visual.spec.ts:41:7 › atoms-fab--as-link (770ms)
  ✓   107 [mobile] › visual/visual.spec.ts:41:7 › atoms-fab--on-grounds (615ms)
  ✓   108 [mobile] › visual/visual.spec.ts:41:7 › atoms-fab--positions (688ms)
  ✓   109 [mobile] › visual/visual.spec.ts:41:7 › atoms-fab--pinned (668ms)
  ✓   110 [mobile] › visual/visual.spec.ts:41:7 › atoms-fab--mobile-360 (679ms)
  ✓   111 [mobile] › visual/visual.spec.ts:41:7 › atoms-iconbutton--playground (729ms)
  ✓   112 [mobile] › visual/visual.spec.ts:41:7 › atoms-iconbutton--states (680ms)
  ✓   113 [mobile] › visual/visual.spec.ts:41:7 › atoms-iconbutton--variants (648ms)
  ✓   114 [mobile] › visual/visual.spec.ts:41:7 › atoms-iconbutton--sizes (685ms)
  ✓   115 [mobile] › visual/visual.spec.ts:41:7 › atoms-iconbutton--on-brand (656ms)
  ✓   116 [mobile] › visual/visual.spec.ts:41:7 › atoms-iconbutton--disabled (616ms)
  ✓   117 [mobile] › visual/visual.spec.ts:41:7 › atoms-iconbutton--over-photography (538ms)
  ✓   118 [mobile] › visual/visual.spec.ts:41:7 › atoms-iconbutton--count (546ms)
  ✓   119 [mobile] › visual/visual.spec.ts:41:7 › atoms-iconbutton--icon-only (551ms)
  ✓   120 [mobile] › visual/visual.spec.ts:41:7 › atoms-iconbutton--on-surfaces-story (576ms)
  ✓   121 [mobile] › visual/visual.spec.ts:41:7 › atoms-iconbutton--as-child (552ms)
  ✓   122 [mobile] › visual/visual.spec.ts:41:7 › atoms-icon--playground (569ms)
  ✓   123 [mobile] › visual/visual.spec.ts:41:7 › atoms-icon--sizes (572ms)
  ✓   124 [mobile] › visual/visual.spec.ts:41:7 › atoms-icon--current-color (556ms)
  ✓   125 [mobile] › visual/visual.spec.ts:41:7 › atoms-icon--glyphs (530ms)
  ✓   126 [mobile] › visual/visual.spec.ts:41:7 › atoms-icon--labelled (546ms)
  ✓   127 [mobile] › visual/visual.spec.ts:41:7 › atoms-icon--on-ink (557ms)
  ✓   128 [mobile] › visual/visual.spec.ts:41:7 › atoms-imageslot--playground (518ms)
  ✓   129 [mobile] › visual/visual.spec.ts:41:7 › atoms-imageslot--ratios (531ms)
  ✓   130 [mobile] › visual/visual.spec.ts:41:7 › atoms-imageslot--variants (540ms)
  ✓   131 [mobile] › visual/visual.spec.ts:41:7 › atoms-imageslot--label (574ms)
  ✓   132 [mobile] › visual/visual.spec.ts:41:7 › atoms-imageslot--photo (558ms)
  ✓   133 [mobile] › visual/visual.spec.ts:41:7 › atoms-imageslot--fill (581ms)
  ✓   134 [mobile] › visual/visual.spec.ts:41:7 › atoms-imageslot--radii (544ms)
  ✓   135 [mobile] › visual/visual.spec.ts:41:7 › atoms-imageslot--sx (568ms)
  ✓   136 [mobile] › visual/visual.spec.ts:41:7 › atoms-input--playground (587ms)
  ✓   137 [mobile] › visual/visual.spec.ts:41:7 › atoms-input--states (683ms)
  ✓   138 [mobile] › visual/visual.spec.ts:41:7 › atoms-input--rest (629ms)
  ✓   139 [mobile] › visual/visual.spec.ts:41:7 › atoms-input--filled-with-icon (582ms)
  ✓   140 [mobile] › visual/visual.spec.ts:41:7 › atoms-input--status-error (667ms)
  ✓   141 [mobile] › visual/visual.spec.ts:41:7 › atoms-input--status-success (723ms)
  ✓   142 [mobile] › visual/visual.spec.ts:41:7 › atoms-input--status-warning (629ms)
  ✓   143 [mobile] › visual/visual.spec.ts:41:7 › atoms-input--loading (850ms)
  ✓   144 [mobile] › visual/visual.spec.ts:41:7 › atoms-input--read-only (890ms)
  ✓   145 [mobile] › visual/visual.spec.ts:41:7 › atoms-input--disabled (659ms)
  ✓   146 [mobile] › visual/visual.spec.ts:41:7 › atoms-input--suffix-and-trailing (598ms)
  ✓   147 [mobile] › visual/visual.spec.ts:41:7 › atoms-input--disabled-trailing (738ms)
  ✓   148 [mobile] › visual/visual.spec.ts:41:7 › atoms-input--in-disabled-fieldset (619ms)
  ✓   149 [mobile] › visual/visual.spec.ts:41:7 › atoms-input--sizes (617ms)
  ✓   150 [mobile] › visual/visual.spec.ts:41:7 › atoms-input--multiline (614ms)
  ✓   151 [mobile] › visual/visual.spec.ts:41:7 › atoms-input--on-surfaces-story (575ms)
  ✓   152 [mobile] › visual/visual.spec.ts:41:7 › atoms-link--playground (560ms)
  ✓   153 [mobile] › visual/visual.spec.ts:41:7 › atoms-link--states (549ms)
  ✓   154 [mobile] › visual/visual.spec.ts:41:7 › atoms-link--default (572ms)
  ✓   155 [mobile] › visual/visual.spec.ts:41:7 › atoms-link--colors (571ms)
  ✓   156 [mobile] › visual/visual.spec.ts:41:7 › atoms-link--underline (518ms)
  ✓   157 [mobile] › visual/visual.spec.ts:41:7 › atoms-link--variants (552ms)
  ✓   158 [mobile] › visual/visual.spec.ts:41:7 › atoms-link--inherits-paragraph (560ms)
  ✓   159 [mobile] › visual/visual.spec.ts:41:7 › atoms-link--external (538ms)
  ✓   160 [mobile] › visual/visual.spec.ts:41:7 › atoms-link--as-child (551ms)
  ✓   161 [mobile] › visual/visual.spec.ts:41:7 › atoms-link--in-footer-nav (614ms)
  ✓   162 [mobile] › visual/visual.spec.ts:41:7 › atoms-link--on-surfaces-story (557ms)
  ✓   163 [mobile] › visual/visual.spec.ts:41:7 › atoms-menu--three-dot-menu (600ms)
  ✓   165 [mobile] › visual/visual.spec.ts:41:7 › atoms-menu--icon-menu (564ms)
  ✓   164 [mobile] › visual/visual.spec.ts:41:7 › atoms-menu--basic-menu (609ms)
  ✓   166 [mobile] › visual/visual.spec.ts:41:7 › atoms-menu--dense-menu (574ms)
  ✓   167 [mobile] › visual/visual.spec.ts:41:7 › atoms-menu--selected-menu (601ms)
  ✓   168 [mobile] › visual/visual.spec.ts:41:7 › atoms-menu--positioned-menu (602ms)
  ✓   169 [mobile] › visual/visual.spec.ts:41:7 › atoms-menu--long-menu (626ms)
  ✓   170 [mobile] › visual/visual.spec.ts:41:7 › atoms-menu--account-menu (631ms)
  ✓   171 [mobile] › visual/visual.spec.ts:41:7 › atoms-menu--radio-menu (623ms)
  ✓   172 [mobile] › visual/visual.spec.ts:41:7 › atoms-menu--checkbox-menu (613ms)
  ✓   173 [mobile] › visual/visual.spec.ts:41:7 › atoms-menu--nested-menu (644ms)
  ✓   174 [mobile] › visual/visual.spec.ts:41:7 › atoms-menu--on-surfaces (549ms)
  ✓   175 [mobile] › visual/visual.spec.ts:41:7 › atoms-menu--mobile-360 (634ms)
  ✓   176 [mobile] › visual/visual.spec.ts:41:7 › atoms-menu--listbox (571ms)
  ✓   177 [mobile] › visual/visual.spec.ts:41:7 › atoms-menu--groups-and-meta (573ms)
  ✓   178 [mobile] › visual/visual.spec.ts:41:7 › atoms-menu--empty (586ms)
  ✓   179 [mobile] › visual/visual.spec.ts:41:7 › atoms-menu--sheet-360 (632ms)
  ✓   180 [mobile] › visual/visual.spec.ts:41:7 › atoms-menu--floating-641 (684ms)
  ✓   181 [mobile] › visual/visual.spec.ts:41:7 › atoms-patternfield--playground (583ms)
  ✓   182 [mobile] › visual/visual.spec.ts:41:7 › atoms-patternfield--brand (678ms)
  ✓   183 [mobile] › visual/visual.spec.ts:41:7 › atoms-patternfield--ink (637ms)
  ✓   184 [mobile] › visual/visual.spec.ts:41:7 › atoms-patternfield--soft (735ms)
  ✓   185 [mobile] › visual/visual.spec.ts:41:7 › atoms-patternfield--light (762ms)
  ✓   186 [mobile] › visual/visual.spec.ts:41:7 › atoms-patternfield--faint (890ms)
  ✓   187 [mobile] › visual/visual.spec.ts:41:7 › atoms-patternfield--tiles (894ms)
  ✓   188 [mobile] › visual/visual.spec.ts:41:7 › atoms-patternfield--as-child (810ms)
  ✓   189 [mobile] › visual/visual.spec.ts:41:7 › atoms-patternfield--full-bleed-band (774ms)
  ✓   190 [mobile] › visual/visual.spec.ts:41:7 › atoms-patternfield--sx (726ms)
  ✓   191 [mobile] › visual/visual.spec.ts:41:7 › atoms-popover--playground (727ms)
  ✓   192 [mobile] › visual/visual.spec.ts:41:7 › atoms-popover--sides (657ms)
  ✓   194 [mobile] › visual/visual.spec.ts:41:7 › atoms-popover--info-popover (744ms)
  ✓   195 [mobile] › visual/visual.spec.ts:41:7 › atoms-popover--controlled (793ms)
  ✓   196 [mobile] › visual/visual.spec.ts:41:7 › atoms-popover--on-surfaces (693ms)
  ✓   197 [mobile] › visual/visual.spec.ts:41:7 › atoms-popover--mobile-360 (855ms)
  ✓   198 [mobile] › visual/visual.spec.ts:41:7 › atoms-popover--sheet (677ms)
  ✓   193 [mobile] › visual/visual.spec.ts:41:7 › atoms-popover--with-title (1.7s)
  ✓   199 [mobile] › visual/visual.spec.ts:41:7 › atoms-popover--sheet-360 (658ms)
  ✓   200 [mobile] › visual/visual.spec.ts:41:7 › atoms-popover--floating-641 (679ms)
  ✓   201 [mobile] › visual/visual.spec.ts:41:7 › atoms-pricetag--playground (602ms)
  ✓   202 [mobile] › visual/visual.spec.ts:41:7 › atoms-pricetag--amounts (560ms)
  ✓   203 [mobile] › visual/visual.spec.ts:41:7 › atoms-pricetag--was (557ms)
  ✓   204 [mobile] › visual/visual.spec.ts:41:7 › atoms-pricetag--range (643ms)
  ✓   205 [mobile] › visual/visual.spec.ts:41:7 › atoms-pricetag--sizes (618ms)
  ✓   206 [mobile] › visual/visual.spec.ts:41:7 › atoms-pricetag--colors (527ms)
  ✓   207 [mobile] › visual/visual.spec.ts:41:7 › atoms-pricetag--canvas (540ms)
  ✓   208 [mobile] › visual/visual.spec.ts:41:7 › atoms-pricetag--sx (544ms)
  ✓   209 [mobile] › visual/visual.spec.ts:41:7 › atoms-pricetag--on-surfaces-story (539ms)
  ✓   210 [mobile] › visual/visual.spec.ts:41:7 › atoms-progressbar--playground (566ms)
  ✓   211 [mobile] › visual/visual.spec.ts:41:7 › atoms-progressbar--segments (549ms)
  ✓   212 [mobile] › visual/visual.spec.ts:41:7 › atoms-progressbar--continuous (607ms)
  ✓   213 [mobile] › visual/visual.spec.ts:41:7 › atoms-progressbar--color-success (592ms)
  ✓   214 [mobile] › visual/visual.spec.ts:41:7 › atoms-progressbar--inverse (647ms)
  ✓   215 [mobile] › visual/visual.spec.ts:41:7 › atoms-progressbar--narrow (710ms)
  ✓   216 [mobile] › visual/visual.spec.ts:41:7 › atoms-progressbar--sizes (742ms)
  ✓   217 [mobile] › visual/visual.spec.ts:41:7 › atoms-progressbar--on-surfaces-story (750ms)
  ✓   218 [mobile] › visual/visual.spec.ts:41:7 › atoms-progressbar--sx (738ms)
  ✓   219 [mobile] › visual/visual.spec.ts:41:7 › atoms-radio--playground (720ms)
  ✓   220 [mobile] › visual/visual.spec.ts:41:7 › atoms-radio--interaction (644ms)
  ✓   221 [mobile] › visual/visual.spec.ts:41:7 › atoms-radio--group (735ms)
  ✓   222 [mobile] › visual/visual.spec.ts:41:7 › atoms-radio--no-price (623ms)
  ✓   223 [mobile] › visual/visual.spec.ts:41:7 › atoms-radio--disabled (694ms)
  ✓   224 [mobile] › visual/visual.spec.ts:41:7 › atoms-radio--group-error (694ms)
  ✓   225 [mobile] › visual/visual.spec.ts:41:7 › atoms-radio--invalid-checked (685ms)
  ✓   226 [mobile] › visual/visual.spec.ts:41:7 › atoms-radio--horizontal (649ms)
  ✓   227 [mobile] › visual/visual.spec.ts:41:7 › atoms-radio--states (626ms)
  ✓   228 [mobile] › visual/visual.spec.ts:41:7 › atoms-radio--portion-picker (650ms)
  ✓   229 [mobile] › visual/visual.spec.ts:41:7 › atoms-radio--on-surfaces-story (616ms)
  ✓   230 [mobile] › visual/visual.spec.ts:41:7 › atoms-rating--playground (582ms)
  ✓   231 [mobile] › visual/visual.spec.ts:41:7 › atoms-rating--values (597ms)
  ✓   232 [mobile] › visual/visual.spec.ts:41:7 › atoms-rating--symbol (586ms)
  ✓   233 [mobile] › visual/visual.spec.ts:41:7 › atoms-rating--count (607ms)
  ✓   234 [mobile] › visual/visual.spec.ts:41:7 › atoms-rating--sizes (1.1s)
  ✓   235 [mobile] › visual/visual.spec.ts:41:7 › atoms-rating--partial-fill (1.2s)
  ✓   237 [mobile] › visual/visual.spec.ts:41:7 › atoms-rating--on-surfaces-story (1.3s)
  ✓   236 [mobile] › visual/visual.spec.ts:41:7 › atoms-rating--on-an-outlet-card (1.6s)
  ✓   238 [mobile] › visual/visual.spec.ts:41:7 › atoms-select--playground (1.5s)
  ✓   239 [mobile] › visual/visual.spec.ts:41:7 › atoms-select--rest (1.2s)
  ✓   240 [mobile] › visual/visual.spec.ts:41:7 › atoms-select--placeholder-and-icon (1.4s)
  ✓   243 [mobile] › visual/visual.spec.ts:41:7 › atoms-select--status-warning (1.2s)
  ✓   242 [mobile] › visual/visual.spec.ts:41:7 › atoms-select--status-success (1.6s)
  ✓   244 [mobile] › visual/visual.spec.ts:41:7 › atoms-select--read-only-and-disabled (1.2s)
  ✓   245 [mobile] › visual/visual.spec.ts:41:7 › atoms-select--sizes (939ms)
  ✓   241 [mobile] › visual/visual.spec.ts:41:7 › atoms-select--status-error (2.2s)
  ✓   246 [mobile] › visual/visual.spec.ts:41:7 › atoms-select--long-label-at-360 (763ms)
  ✓   247 [mobile] › visual/visual.spec.ts:41:7 › atoms-select--two-up-at-360 (814ms)
  ✓   248 [mobile] › visual/visual.spec.ts:41:7 › atoms-select--on-surfaces-story (837ms)
  ✓   249 [mobile] › visual/visual.spec.ts:41:7 › atoms-select--content-sized-parent (816ms)
  ✓   250 [mobile] › visual/visual.spec.ts:41:7 › atoms-select--open-list (858ms)
  ✓   251 [mobile] › visual/visual.spec.ts:41:7 › atoms-select--keyboard (953ms)
  ✓   252 [mobile] › visual/visual.spec.ts:41:7 › atoms-select--long-list (993ms)
  ✓   253 [mobile] › visual/visual.spec.ts:41:7 › atoms-select--in-dialog (907ms)
  ✓   254 [mobile] › visual/visual.spec.ts:41:7 › atoms-select--in-app-shell (975ms)
  ✓   255 [mobile] › visual/visual.spec.ts:41:7 › atoms-select--sheet-360 (895ms)
  ✓   256 [mobile] › visual/visual.spec.ts:41:7 › atoms-skeleton--playground (735ms)
  ✓   257 [mobile] › visual/visual.spec.ts:41:7 › atoms-skeleton--block (693ms)
  ✓   258 [mobile] › visual/visual.spec.ts:41:7 › atoms-skeleton--lines (778ms)
  ✓   259 [mobile] › visual/visual.spec.ts:41:7 › atoms-skeleton--circle (761ms)
  ✓   260 [mobile] › visual/visual.spec.ts:41:7 › atoms-skeleton--card-shape (787ms)
  ✓   261 [mobile] › visual/visual.spec.ts:41:7 › atoms-slider--playground (753ms)
  ✓   262 [mobile] › visual/visual.spec.ts:41:7 › atoms-slider--dawat-guests (792ms)
  ✓   263 [mobile] › visual/visual.spec.ts:41:7 › atoms-slider--office-meals-on-ink (744ms)
  ✓   264 [mobile] › visual/visual.spec.ts:41:7 › atoms-slider--disabled (764ms)
  ✓   265 [mobile] › visual/visual.spec.ts:41:7 › atoms-socialheadline--playground (804ms)
  ✓   266 [mobile] › visual/visual.spec.ts:41:7 › atoms-socialheadline--overline (893ms)
  ✓   267 [mobile] › visual/visual.spec.ts:41:7 › atoms-socialheadline--hero (853ms)
  ✓   268 [mobile] › visual/visual.spec.ts:41:7 › atoms-socialheadline--h-1-h-2 (864ms)
  ✓   269 [mobile] › visual/visual.spec.ts:41:7 › atoms-socialheadline--body-caption (802ms)
  ✓   270 [mobile] › visual/visual.spec.ts:41:7 › atoms-socialheadline--alignment (723ms)
  ✓   271 [mobile] › visual/visual.spec.ts:41:7 › atoms-socialheadline--on-a-canvas (681ms)
  ✓   272 [mobile] › visual/visual.spec.ts:41:7 › atoms-socialheadline--on-surfaces-story (597ms)
  ✓   273 [mobile] › visual/visual.spec.ts:41:7 › atoms-socialheadline--sx (591ms)
  ✓   274 [mobile] › visual/visual.spec.ts:41:7 › atoms-spicelevel--playground (541ms)
  ✓   275 [mobile] › visual/visual.spec.ts:41:7 › atoms-spicelevel--levels (534ms)
  ✓   276 [mobile] › visual/visual.spec.ts:41:7 › atoms-spicelevel--with-label (573ms)
  ✓   277 [mobile] › visual/visual.spec.ts:41:7 › atoms-spicelevel--sizes (533ms)
  ✓   278 [mobile] › visual/visual.spec.ts:41:7 › atoms-spicelevel--in-context (582ms)
  ✓   279 [mobile] › visual/visual.spec.ts:41:7 › atoms-spicelevel--on-surfaces-story (570ms)
  ✓   280 [mobile] › visual/visual.spec.ts:41:7 › atoms-spinner--playground (594ms)
  ✓   281 [mobile] › visual/visual.spec.ts:41:7 › atoms-spinner--sizes (569ms)
  ✓   282 [mobile] › visual/visual.spec.ts:41:7 › atoms-spinner--colors (604ms)
  ✓   283 [mobile] › visual/visual.spec.ts:41:7 › atoms-spinner--inverse (574ms)
  ✓   284 [mobile] › visual/visual.spec.ts:41:7 › atoms-spinner--sx (529ms)
  ✓   285 [mobile] › visual/visual.spec.ts:41:7 › atoms-statusdot--playground (537ms)
  ✓   286 [mobile] › visual/visual.spec.ts:41:7 › atoms-statusdot--statuses (529ms)
  ✓   287 [mobile] › visual/visual.spec.ts:41:7 › atoms-statusdot--sizes (539ms)
  ✓   288 [mobile] › visual/visual.spec.ts:41:7 › atoms-statusdot--pulse (524ms)
  ✓   289 [mobile] › visual/visual.spec.ts:41:7 › atoms-statusdot--bare (585ms)
  ✓   290 [mobile] › visual/visual.spec.ts:41:7 › atoms-statusdot--outlet-strip (594ms)
  ✓   291 [mobile] › visual/visual.spec.ts:41:7 › atoms-statusdot--sx (571ms)
  ✓   292 [mobile] › visual/visual.spec.ts:41:7 › atoms-switch--playground (619ms)
  ✓   293 [mobile] › visual/visual.spec.ts:41:7 › atoms-switch--interaction (549ms)
  ✓   294 [mobile] › visual/visual.spec.ts:41:7 › atoms-switch--on-and-off (594ms)
  ✓   295 [mobile] › visual/visual.spec.ts:41:7 › atoms-switch--description (570ms)
  ✓   296 [mobile] › visual/visual.spec.ts:41:7 › atoms-switch--disabled (608ms)
  ✓   297 [mobile] › visual/visual.spec.ts:41:7 › atoms-switch--label-hidden (547ms)
  ✓   298 [mobile] › visual/visual.spec.ts:41:7 › atoms-switch--preferences-panel (580ms)
  ✓   299 [mobile] › visual/visual.spec.ts:41:7 › atoms-switch--on-surfaces-story (560ms)
  ✓   300 [mobile] › visual/visual.spec.ts:41:7 › atoms-tag--playground (601ms)
  ✓   301 [mobile] › visual/visual.spec.ts:41:7 › atoms-tag--states (557ms)
  ✓   302 [mobile] › visual/visual.spec.ts:41:7 › atoms-tag--selectable (607ms)
  ✓   303 [mobile] › visual/visual.spec.ts:41:7 › atoms-tag--with-icon (555ms)
  ✓   304 [mobile] › visual/visual.spec.ts:41:7 › atoms-tag--disabled (632ms)
  ✓   305 [mobile] › visual/visual.spec.ts:41:7 › atoms-tag--category-filter-rail (545ms)
  ✓   306 [mobile] › visual/visual.spec.ts:41:7 › atoms-tag--colors (574ms)
  ✓   307 [mobile] › visual/visual.spec.ts:41:7 › atoms-tag--on-surfaces-story (541ms)
  ✓   308 [mobile] › visual/visual.spec.ts:41:7 › atoms-tag--long-label (561ms)
  ✓   309 [mobile] › visual/visual.spec.ts:41:7 › atoms-textbutton--playground (588ms)
  ✓   310 [mobile] › visual/visual.spec.ts:41:7 › atoms-textbutton--states (559ms)
  ✓   311 [mobile] › visual/visual.spec.ts:41:7 › atoms-textbutton--colors (624ms)
  ✓   312 [mobile] › visual/visual.spec.ts:41:7 › atoms-textbutton--caps (609ms)
  ✓   313 [mobile] › visual/visual.spec.ts:41:7 › atoms-textbutton--with-icons (635ms)
  ✓   314 [mobile] › visual/visual.spec.ts:41:7 › atoms-textbutton--on-surfaces-story (649ms)
  ✓   315 [mobile] › visual/visual.spec.ts:41:7 › atoms-togglebutton--playground (694ms)
  ✓   316 [mobile] › visual/visual.spec.ts:41:7 › atoms-togglebutton--standalone (647ms)
  ✓   317 [mobile] › visual/visual.spec.ts:41:7 › atoms-togglebutton--sizes (686ms)
  ✓   318 [mobile] › visual/visual.spec.ts:41:7 › atoms-togglebutton--colors (675ms)
  ✓   319 [mobile] › visual/visual.spec.ts:41:7 › atoms-togglebutton--icon-only (628ms)
  ✓   320 [mobile] › visual/visual.spec.ts:41:7 › atoms-togglebutton--disabled (666ms)
  ✓   321 [mobile] › visual/visual.spec.ts:41:7 › atoms-tooltip--playground (742ms)
  ✓   322 [mobile] › visual/visual.spec.ts:41:7 › atoms-tooltip--sides (695ms)
  ✓   323 [mobile] › visual/visual.spec.ts:41:7 › atoms-tooltip--long-hint (728ms)
  ✓   324 [mobile] › visual/visual.spec.ts:41:7 › atoms-tooltip--on-a-button (689ms)
  ✓   325 [mobile] › visual/visual.spec.ts:41:7 › atoms-typography--playground (614ms)
  ✓   326 [mobile] › visual/visual.spec.ts:41:7 › atoms-typography--display-1 (554ms)
  ✓   327 [mobile] › visual/visual.spec.ts:41:7 › atoms-typography--display-2 (600ms)
  ✓   328 [mobile] › visual/visual.spec.ts:41:7 › atoms-typography--headings (591ms)
  ✓   329 [mobile] › visual/visual.spec.ts:41:7 › atoms-typography--body (566ms)
  ✓   330 [mobile] › visual/visual.spec.ts:41:7 › atoms-typography--caption-overline-mono (615ms)
  ✓   331 [mobile] › visual/visual.spec.ts:41:7 › atoms-typography--colors (583ms)
  ✓   332 [mobile] › visual/visual.spec.ts:41:7 › atoms-typography--no-wrap (590ms)
  ✓   333 [mobile] › visual/visual.spec.ts:41:7 › atoms-typography--link-variants (528ms)
  ✓   334 [mobile] › visual/visual.spec.ts:41:7 › atoms-typography--line-clamp (552ms)
  ✓   335 [mobile] › visual/visual.spec.ts:41:7 › atoms-typography--measure (540ms)
  ✓   336 [mobile] › visual/visual.spec.ts:41:7 › atoms-typography--fluid (582ms)
  ✓   337 [mobile] › visual/visual.spec.ts:41:7 › atoms-typography--on-surfaces-story (586ms)
  ✓   338 [mobile] › visual/visual.spec.ts:41:7 › brand-logo--playground (614ms)
  ✓   339 [mobile] › visual/visual.spec.ts:41:7 › brand-logo--variants (565ms)
  ✓   340 [mobile] › visual/visual.spec.ts:41:7 › brand-logo--colors (603ms)
  ✓   341 [mobile] › visual/visual.spec.ts:41:7 › brand-logo--clear-space (560ms)
  ✓   342 [mobile] › visual/visual.spec.ts:41:7 › brand-logo--header-height (585ms)
  ✓   343 [mobile] › visual/visual.spec.ts:41:7 › brand-logo--sx (586ms)
  ✓   344 [mobile] › visual/visual.spec.ts:41:7 › brand-specimens--lockup (658ms)
  ✓   345 [mobile] › visual/visual.spec.ts:41:7 › brand-specimens--wordmark (672ms)
  ✓   346 [mobile] › visual/visual.spec.ts:41:7 › brand-specimens--logo-tokens (695ms)
  ✓   347 [mobile] › visual/visual.spec.ts:41:7 › brand-specimens--clear-space (660ms)
  ✓   348 [mobile] › visual/visual.spec.ts:41:7 › brand-specimens--symbol-mark (638ms)
  ✓   349 [mobile] › visual/visual.spec.ts:41:7 › brand-specimens--mark-legibility (665ms)
  ✓   350 [mobile] › visual/visual.spec.ts:41:7 › brand-specimens--pattern-fields (619ms)
  ✓   351 [mobile] › visual/visual.spec.ts:41:7 › brand-specimens--pattern-tokens (685ms)
  ✓   352 [mobile] › visual/visual.spec.ts:41:7 › brand-specimens--diamond-motif (672ms)
  ✓   353 [mobile] › visual/visual.spec.ts:41:7 › brand-specimens--company-facts (769ms)
  ✓   354 [mobile] › visual/visual.spec.ts:41:7 › brand-specimens--company-facts-xl (720ms)
  ✓   355 [mobile] › visual/visual.spec.ts:41:7 › brand-specimens--icon-sizes (636ms)
  ✓   356 [mobile] › visual/visual.spec.ts:41:7 › brand-specimens--brand-glyphs (642ms)
  ✓   357 [mobile] › visual/visual.spec.ts:41:7 › brand-specimens--diet-and-heat (641ms)
  ✓   358 [mobile] › visual/visual.spec.ts:41:7 › colors-specimens--pink-ramp (860ms)
  ✓   359 [mobile] › visual/visual.spec.ts:41:7 › colors-specimens--ink-ramp (775ms)
  ✓   360 [mobile] › visual/visual.spec.ts:41:7 › colors-specimens--accents (822ms)
  ✓   361 [mobile] › visual/visual.spec.ts:41:7 › colors-specimens--text-companions (756ms)
  ✓   362 [mobile] › visual/visual.spec.ts:41:7 › colors-specimens--heat-scale (747ms)
  ✓   363 [mobile] › visual/visual.spec.ts:41:7 › colors-specimens--semantic-panels (651ms)
  ✓   365 [mobile] › visual/visual.spec.ts:41:7 › colors-specimens--four-grounds (684ms)
  ✓   366 [mobile] › visual/visual.spec.ts:41:7 › colors-specimens--light-island (719ms)
  ✓   364 [mobile] › visual/visual.spec.ts:41:7 › colors-specimens--semantic-tokens (1.1s)
  ✓   368 [mobile] › visual/visual.spec.ts:41:7 › colors-specimens--status-swatches (741ms)
  ✓   369 [mobile] › visual/visual.spec.ts:41:7 › colors-specimens--status-alerts (683ms)
  ✓   371 [mobile] › visual/visual.spec.ts:41:7 › layout-specimens--breakpoints (691ms)
  ✓   372 [mobile] › visual/visual.spec.ts:41:7 › layout-specimens--auto-grid-cards (692ms)
  ✓   373 [mobile] › visual/visual.spec.ts:41:7 › layout-specimens--auto-grid-tokens (774ms)
  ✓   370 [mobile] › visual/visual.spec.ts:41:7 › colors-specimens--contrast (1.5s)
  ✓   374 [mobile] › visual/visual.spec.ts:41:7 › layout-specimens--radii (692ms)
  ✓   375 [mobile] › visual/visual.spec.ts:41:7 › layout-specimens--borders (688ms)
  ✓   376 [mobile] › visual/visual.spec.ts:41:7 › layout-specimens--border-tokens (835ms)
  ✓   377 [mobile] › visual/visual.spec.ts:41:7 › layout-specimens--border-widths (755ms)
  ✓   378 [mobile] › visual/visual.spec.ts:41:7 › layout-specimens--depth-ladder (677ms)
  ✓   379 [mobile] › visual/visual.spec.ts:41:7 › layout-specimens--stacking (688ms)
  ✓   367 [mobile] › visual/visual.spec.ts:41:7 › colors-specimens--surface-overrides (3.4s)
  ✓   380 [mobile] › visual/visual.spec.ts:41:7 › layout-specimens--card-anatomy (633ms)
  ✓   381 [mobile] › visual/visual.spec.ts:41:7 › layout-specimens--utility-classes (636ms)
  ✓   382 [mobile] › visual/visual.spec.ts:41:7 › layouts-appshell--playground (620ms)
  ✓   383 [mobile] › visual/visual.spec.ts:41:7 › layouts-appshell--with-tab-bar (669ms)
  ✓   384 [mobile] › visual/visual.spec.ts:41:7 › layouts-appshell--with-overlay-sheet (671ms)
  ✓   385 [mobile] › visual/visual.spec.ts:41:7 › layouts-appshell--status-tones (679ms)
  ✓   386 [mobile] › visual/visual.spec.ts:41:7 › layouts-appshell--phone-sm (685ms)
  ✓   387 [mobile] › visual/visual.spec.ts:41:7 › layouts-appshell--sizes (729ms)
  ✓   388 [mobile] › visual/visual.spec.ts:41:7 › layouts-autogrid--playground (620ms)
  ✓   389 [mobile] › visual/visual.spec.ts:41:7 › layouts-autogrid--min-card (542ms)
  ✓   390 [mobile] › visual/visual.spec.ts:41:7 › layouts-autogrid--min-md (565ms)
  ✓   391 [mobile] › visual/visual.spec.ts:41:7 › layouts-autogrid--min-xs (583ms)
  ✓   392 [mobile] › visual/visual.spec.ts:41:7 › layouts-autogrid--columns-3 (548ms)
  ✓   393 [mobile] › visual/visual.spec.ts:41:7 › layouts-autogrid--mins (668ms)
  ✓   394 [mobile] › visual/visual.spec.ts:41:7 › layouts-autogrid--spacing (563ms)
  ✓   395 [mobile] › visual/visual.spec.ts:41:7 › layouts-autogrid--columns-at-360 (557ms)
  ✓   396 [mobile] › visual/visual.spec.ts:41:7 › layouts-autogrid--columns-at-768 (567ms)
  ✓   397 [mobile] › visual/visual.spec.ts:41:7 › layouts-autogrid--columns-at-1280 (557ms)
  ✓   398 [mobile] › visual/visual.spec.ts:41:7 › layouts-autogrid--long-word-holds-tracks (559ms)
  ✓   399 [mobile] › visual/visual.spec.ts:41:7 › layouts-autogrid--narrower-than-min-at-360 (612ms)
  ✓   400 [mobile] › visual/visual.spec.ts:41:7 › layouts-box--playground (596ms)
  ✓   401 [mobile] › visual/visual.spec.ts:41:7 › layouts-box--surfaces (622ms)
  ✓   402 [mobile] › visual/visual.spec.ts:41:7 › layouts-box--as-element (605ms)
  ✓   403 [mobile] › visual/visual.spec.ts:41:7 › layouts-box--responsive (564ms)
  ✓   404 [mobile] › visual/visual.spec.ts:41:7 › layouts-cluster--playground (568ms)
  ✓   405 [mobile] › visual/visual.spec.ts:41:7 › layouts-cluster--wrap (559ms)
  ✓   406 [mobile] › visual/visual.spec.ts:41:7 › layouts-cluster--justify-between (558ms)
  ✓   407 [mobile] › visual/visual.spec.ts:41:7 › layouts-cluster--scroll (573ms)
  ✓   408 [mobile] › visual/visual.spec.ts:41:7 › layouts-cluster--wrap-at-360 (596ms)
  ✓   409 [mobile] › visual/visual.spec.ts:41:7 › layouts-cluster--justify (637ms)
  ✓   410 [mobile] › visual/visual.spec.ts:41:7 › layouts-cluster--spacing (588ms)
  ✓   411 [mobile] › visual/visual.spec.ts:41:7 › layouts-cluster--baseline-meta-row (561ms)
  ✓   412 [mobile] › visual/visual.spec.ts:41:7 › layouts-cluster--scrollable-rail-at-360 (677ms)
  ✓   413 [mobile] › visual/visual.spec.ts:41:7 › layouts-container--playground (556ms)
  ✓   414 [mobile] › visual/visual.spec.ts:41:7 › layouts-container--sizes (510ms)
  ✓   415 [mobile] › visual/visual.spec.ts:41:7 › layouts-container--gutter (527ms)
  ✓   416 [mobile] › visual/visual.spec.ts:41:7 › layouts-container--at-the-floor (553ms)
  ✓   417 [mobile] › visual/visual.spec.ts:41:7 › layouts-container--at-desktop (562ms)
  ✓   418 [mobile] › visual/visual.spec.ts:41:7 › layouts-container--in-context (575ms)
  ✓   419 [mobile] › visual/visual.spec.ts:41:7 › layouts-grid--playground (637ms)
  ✓   420 [mobile] › visual/visual.spec.ts:41:7 › layouts-grid--twelve-column (918ms)
  ✓   421 [mobile] › visual/visual.spec.ts:41:7 › layouts-grid--responsive (894ms)
  ✓   422 [mobile] › visual/visual.spec.ts:41:7 › layouts-grid--asymmetric (683ms)
  ✓   423 [mobile] › visual/visual.spec.ts:41:7 › layouts-grid--offset (782ms)
  ✓   424 [mobile] › visual/visual.spec.ts:41:7 › layouts-grid--nested (833ms)
  ✓   425 [mobile] › visual/visual.spec.ts:41:7 › layouts-grid--at-360 (572ms)
  ✓   426 [mobile] › visual/visual.spec.ts:41:7 › layouts-postframe--playground (637ms)
  ✓   427 [mobile] › visual/visual.spec.ts:41:7 › layouts-postframe--post (699ms)
  ✓   428 [mobile] › visual/visual.spec.ts:41:7 › layouts-postframe--portrait (741ms)
  ✓   429 [mobile] › visual/visual.spec.ts:41:7 › layouts-postframe--story-with-safe-area (668ms)
  ✓   430 [mobile] › visual/visual.spec.ts:41:7 › layouts-postframe--landscape (667ms)
  ✓   431 [mobile] › visual/visual.spec.ts:41:7 › layouts-postframe--wide (640ms)
  ✓   432 [mobile] › visual/visual.spec.ts:41:7 › layouts-postframe--safe-area-guides (597ms)
  ✓   433 [mobile] › visual/visual.spec.ts:41:7 › layouts-postframe--padding (650ms)
  ✓   434 [mobile] › visual/visual.spec.ts:41:7 › layouts-postframe--alt-board (591ms)
  ✓   435 [mobile] › visual/visual.spec.ts:41:7 › layouts-postframe--leaderboard (620ms)
  ✓   436 [mobile] › visual/visual.spec.ts:41:7 › layouts-postframe--mpu (607ms)
  ✓   437 [mobile] › visual/visual.spec.ts:41:7 › layouts-postframe--all-formats (620ms)
  ✓   438 [mobile] › visual/visual.spec.ts:41:7 › layouts-postframe--fit-to-parent (592ms)
  ✓   439 [mobile] › visual/visual.spec.ts:41:7 › layouts-postframe--fits-its-parent-at-360 (629ms)
  ✓   440 [mobile] › visual/visual.spec.ts:41:7 › layouts-section--playground (663ms)
  ✓   441 [mobile] › visual/visual.spec.ts:41:7 › layouts-section--surfaces (680ms)
  ✓   442 [mobile] › visual/visual.spec.ts:41:7 › layouts-section--surfaces-at-360 (654ms)
  ✓   443 [mobile] › visual/visual.spec.ts:41:7 › layouts-section--rhythm (619ms)
  ✓   444 [mobile] › visual/visual.spec.ts:41:7 › layouts-section--patterns (600ms)
  ✓   445 [mobile] › visual/visual.spec.ts:41:7 › layouts-section--widths (604ms)
  ✓   446 [mobile] › visual/visual.spec.ts:41:7 › layouts-section--in-context (651ms)
  ✓   447 [mobile] › visual/visual.spec.ts:41:7 › layouts-section--nested-surfaces (693ms)
  ✓   448 [mobile] › visual/visual.spec.ts:41:7 › layouts-stack--playground (647ms)
  ✓   449 [mobile] › visual/visual.spec.ts:41:7 › layouts-stack--space-2 (683ms)
  ✓   450 [mobile] › visual/visual.spec.ts:41:7 › layouts-stack--space-6 (589ms)
  ✓   451 [mobile] › visual/visual.spec.ts:41:7 › layouts-stack--divided (559ms)
  ✓   452 [mobile] › visual/visual.spec.ts:41:7 › layouts-stack--steps (576ms)
  ✓   453 [mobile] › visual/visual.spec.ts:41:7 › layouts-stack--align (580ms)
  ✓   454 [mobile] › visual/visual.spec.ts:41:7 › layouts-stack--divided-list (564ms)
  ✓   455 [mobile] › visual/visual.spec.ts:41:7 › layouts-stack--divided-on-surfaces (571ms)
  ✓   456 [mobile] › visual/visual.spec.ts:41:7 › layouts-stack--long-word-at-360 (683ms)
  ✓   457 [mobile] › visual/visual.spec.ts:41:7 › layouts-stack--with-sx (640ms)
  ✓   458 [mobile] › visual/visual.spec.ts:41:7 › marketing-social-ads--offer (706ms)
  ✓   459 [mobile] › visual/visual.spec.ts:41:7 › marketing-social-ads--dish-launch (687ms)
  ✓   460 [mobile] › visual/visual.spec.ts:41:7 › marketing-social-ads--statement (788ms)
  ✓   461 [mobile] › visual/visual.spec.ts:41:7 › marketing-social-ads--carousel (651ms)
  ✓   462 [mobile] › visual/visual.spec.ts:41:7 › marketing-social-ads--feed-360 (733ms)
  ✓   463 [mobile] › visual/visual.spec.ts:41:7 › marketing-social-ads-ads-boards--offer-story-board (653ms)
  ✓   464 [mobile] › visual/visual.spec.ts:41:7 › marketing-social-ads-ads-boards--dish-story-board (647ms)
  ✓   465 [mobile] › visual/visual.spec.ts:41:7 › marketing-social-ads-ads-boards--link-banner-board (598ms)
  ✓   466 [mobile] › visual/visual.spec.ts:41:7 › marketing-social-ads-ads-boards--leaderboard-board (642ms)
  ✓   467 [mobile] › visual/visual.spec.ts:41:7 › marketing-social-ads-ads-boards--mpu-board (626ms)
  ✓   469 [mobile] › visual/visual.spec.ts:41:7 › marketing-specimens--canvas-formats (624ms)
  ✓   468 [mobile] › visual/visual.spec.ts:41:7 › marketing-social-ads-ads-boards--ads-360 (698ms)
  ✓   470 [mobile] › visual/visual.spec.ts:41:7 › marketing-specimens--canvas-tokens (621ms)
  ✓   471 [mobile] › visual/visual.spec.ts:41:7 › marketing-specimens--canvas-type (624ms)
  ✓   472 [mobile] › visual/visual.spec.ts:41:7 › marketing-specimens--canvas-type-tokens (636ms)
  ✓   474 [mobile] › visual/visual.spec.ts:41:7 › molecules-accordion--playground (671ms)
  ✓   475 [mobile] › visual/visual.spec.ts:41:7 › molecules-accordion--multiple (559ms)
  ✓   476 [mobile] › visual/visual.spec.ts:41:7 › molecules-accordion--as-headings (573ms)
  ✓   477 [mobile] › visual/visual.spec.ts:41:7 › molecules-accordion--surfaces (573ms)
  ✓   478 [mobile] › visual/visual.spec.ts:41:7 › molecules-accordion--narrow (577ms)
  ✓   479 [mobile] › visual/visual.spec.ts:41:7 › molecules-actionmenu--playground (581ms)
  ✓   480 [mobile] › visual/visual.spec.ts:41:7 › molecules-actionmenu--variants (628ms)
  ✓   481 [mobile] › visual/visual.spec.ts:41:7 › molecules-actionmenu--on-brand (553ms)
  ✓   473 [mobile] › visual/visual.spec.ts:41:7 › molecules-field-react-hook-form-zod--keyboard-only (1.9s)
  ✓   482 [mobile] › visual/visual.spec.ts:41:7 › molecules-actionmenu--open-in-row (632ms)
  ✓   483 [mobile] › visual/visual.spec.ts:41:7 › molecules-actionmenu--three-dot-menu (615ms)
  ✓   484 [mobile] › visual/visual.spec.ts:41:7 › molecules-alert--playground (596ms)
  ✓   485 [mobile] › visual/visual.spec.ts:41:7 › molecules-alert--info-and-success (607ms)
  ✓   486 [mobile] › visual/visual.spec.ts:41:7 › molecules-alert--warning-and-danger (586ms)
  ✓   487 [mobile] › visual/visual.spec.ts:41:7 › molecules-alert--brand-with-action (615ms)
  ✓   489 [mobile] › visual/visual.spec.ts:41:7 › molecules-alert--nudge (591ms)
  ✓   490 [mobile] › visual/visual.spec.ts:41:7 › molecules-alert--neutral (603ms)
  ✓   491 [mobile] › visual/visual.spec.ts:41:7 › molecules-alert--narrow (591ms)
  ✓   492 [mobile] › visual/visual.spec.ts:41:7 › molecules-alert--on-surfaces-story (607ms)
  ✓   493 [mobile] › visual/visual.spec.ts:41:7 › molecules-announcementbar--playground (552ms)
  ✓   494 [mobile] › visual/visual.spec.ts:41:7 › molecules-announcementbar--launch-price (541ms)
  ✓   495 [mobile] › visual/visual.spec.ts:41:7 › molecules-announcementbar--without-countdown (541ms)
  ✓   488 [mobile] › visual/visual.spec.ts:41:7 › molecules-alert--dismissible (1.6s)
  ✓   496 [mobile] › visual/visual.spec.ts:41:7 › molecules-announcementbar--expired (541ms)
  ✓   497 [mobile] › visual/visual.spec.ts:41:7 › molecules-breadcrumb--playground (547ms)
  ✓   498 [mobile] › visual/visual.spec.ts:41:7 › molecules-breadcrumb--two-levels (544ms)
  ✓   499 [mobile] › visual/visual.spec.ts:41:7 › molecules-breadcrumb--long (563ms)
  ✓   500 [mobile] › visual/visual.spec.ts:41:7 › molecules-breadcrumb--unlinked-level (567ms)
  ✓   501 [mobile] › visual/visual.spec.ts:41:7 › molecules-breadcrumb--on-surfaces-story (570ms)
  ✓   502 [mobile] › visual/visual.spec.ts:41:7 › molecules-checkcard--playground (587ms)
  ✓   503 [mobile] › visual/visual.spec.ts:41:7 › molecules-checkcard--upfront (548ms)
  ✓   504 [mobile] › visual/visual.spec.ts:41:7 › molecules-checkcard--no-onion-garlic (590ms)
  ✓   505 [mobile] › visual/visual.spec.ts:41:7 › molecules-checkcard--invalid (589ms)
  ✓   506 [mobile] › visual/visual.spec.ts:41:7 › molecules-checkcard--invalid-checked (575ms)
  ✓   507 [mobile] › visual/visual.spec.ts:41:7 › molecules-checkcard--disabled (586ms)
  ✓   508 [mobile] › visual/visual.spec.ts:41:7 › molecules-checkcard--disabled-checked (532ms)
  ✓   509 [mobile] › visual/visual.spec.ts:41:7 › molecules-chipgroup--playground (544ms)
  ✓   510 [mobile] › visual/visual.spec.ts:41:7 › molecules-chipgroup--which-meals (590ms)
  ✓   511 [mobile] › visual/visual.spec.ts:41:7 › molecules-chipgroup--make-it-yours (605ms)
  ✓   512 [mobile] › visual/visual.spec.ts:41:7 › molecules-chipgroup--standing-add-ons (590ms)
  ✓   513 [mobile] › visual/visual.spec.ts:41:7 › molecules-chipgroup--starter-picks (653ms)
  ✓   514 [mobile] › visual/visual.spec.ts:41:7 › molecules-chipgroup--segmented (570ms)
  ✓   515 [mobile] › visual/visual.spec.ts:41:7 › molecules-chipgroup--with-error (559ms)
  ✓   516 [mobile] › visual/visual.spec.ts:41:7 › molecules-chipgroup--on-ink (569ms)
  ✓   517 [mobile] › visual/visual.spec.ts:41:7 › molecules-chipgroup--on-surfaces-story (637ms)
  ✓   518 [mobile] › visual/visual.spec.ts:41:7 › molecules-chipgroup--on-surfaces-at-360 (626ms)
  ✓   519 [mobile] › visual/visual.spec.ts:41:7 › molecules-choicecardgroup--playground (638ms)
  ✓   520 [mobile] › visual/visual.spec.ts:41:7 › molecules-choicecardgroup--plates (639ms)
  ✓   521 [mobile] › visual/visual.spec.ts:41:7 › molecules-choicecardgroup--with-error (657ms)
  ✓   522 [mobile] › visual/visual.spec.ts:41:7 › molecules-choicecardgroup--plan-lengths (661ms)
  ✓   523 [mobile] › visual/visual.spec.ts:41:7 › molecules-choicecardgroup--long-badge-in-narrow-tile (591ms)
  ✓   524 [mobile] › visual/visual.spec.ts:41:7 › molecules-choicecardgroup--dawats (603ms)
  ✓   525 [mobile] › visual/visual.spec.ts:41:7 › molecules-choicecardgroup--platters (628ms)
  ✓   526 [mobile] › visual/visual.spec.ts:41:7 › molecules-choicecardgroup--service (663ms)
  ✓   527 [mobile] › visual/visual.spec.ts:41:7 › molecules-choicecardgroup--service-at-360 (589ms)
  ✓   528 [mobile] › visual/visual.spec.ts:41:7 › molecules-choicecardgroup--trial-on-brand (639ms)
  ✓   529 [mobile] › visual/visual.spec.ts:41:7 › molecules-choicecardgroup--decide-list (662ms)
  ✓   530 [mobile] › visual/visual.spec.ts:41:7 › molecules-combobox--playground (623ms)
  ✓   531 [mobile] › visual/visual.spec.ts:41:7 › molecules-combobox--with-descriptions (607ms)
  ✓   532 [mobile] › visual/visual.spec.ts:41:7 › molecules-combobox--loading (590ms)
  ✓   533 [mobile] › visual/visual.spec.ts:41:7 › molecules-combobox--empty (595ms)
  ✓   534 [mobile] › visual/visual.spec.ts:41:7 › molecules-combobox--disabled-options (579ms)
  ✓   535 [mobile] › visual/visual.spec.ts:41:7 › molecules-combobox--clearable (585ms)
  ✓   536 [mobile] › visual/visual.spec.ts:41:7 › molecules-combobox--disabled (549ms)
  ✓   537 [mobile] › visual/visual.spec.ts:41:7 › molecules-combobox--in-field-with-error (587ms)
  ✓   538 [mobile] › visual/visual.spec.ts:41:7 › molecules-combobox--controlled (609ms)
  ✓   539 [mobile] › visual/visual.spec.ts:41:7 › molecules-combobox--mobile-360 (605ms)
  ✓   540 [mobile] › visual/visual.spec.ts:41:7 › molecules-combobox--selected (628ms)
  ✓   541 [mobile] › visual/visual.spec.ts:41:7 › molecules-couponticket--playground (580ms)
  ✓   542 [mobile] › visual/visual.spec.ts:41:7 › molecules-couponticket--brand (635ms)
  ✓   543 [mobile] › visual/visual.spec.ts:41:7 › molecules-couponticket--stub-focus-ring (597ms)
  ✓   544 [mobile] › visual/visual.spec.ts:41:7 › molecules-couponticket--stub-focus-ring-narrow (622ms)
  ✓   545 [mobile] › visual/visual.spec.ts:41:7 › molecules-couponticket--light (565ms)
  ✓   546 [mobile] › visual/visual.spec.ts:41:7 › molecules-couponticket--on-pink-artwork (601ms)
  ✓   547 [mobile] › visual/visual.spec.ts:41:7 › molecules-couponticket--on-tinted-page (582ms)
  ✓   548 [mobile] › visual/visual.spec.ts:41:7 › molecules-couponticket--long-code (574ms)
  ✓   549 [mobile] › visual/visual.spec.ts:41:7 › molecules-couponticket--narrow (636ms)
  ✓   550 [mobile] › visual/visual.spec.ts:41:7 › molecules-datepicker--date-picker-playground (688ms)
  ✓   551 [mobile] › visual/visual.spec.ts:41:7 › molecules-datepicker--empty (707ms)
  ✓   552 [mobile] › visual/visual.spec.ts:41:7 › molecules-datepicker--disabled-days (612ms)
  ✓   553 [mobile] › visual/visual.spec.ts:41:7 › molecules-datepicker--disabled (580ms)
  ✓   554 [mobile] › visual/visual.spec.ts:41:7 › molecules-datepicker--in-field-with-error (625ms)
  ✓   555 [mobile] › visual/visual.spec.ts:41:7 › molecules-datepicker--controlled (670ms)
  ✓   556 [mobile] › visual/visual.spec.ts:41:7 › molecules-datepicker--mobile-360 (748ms)
  ✓   557 [mobile] › visual/visual.spec.ts:41:7 › molecules-datepicker--calendar-single (672ms)
  ✓   558 [mobile] › visual/visual.spec.ts:41:7 › molecules-datepicker--calendar-range (699ms)
  ✓   559 [mobile] › visual/visual.spec.ts:41:7 › molecules-datepicker--calendar-disabled-days (655ms)
  ✓   560 [mobile] › visual/visual.spec.ts:41:7 › molecules-datepicker--two-months (635ms)
  ✓   561 [mobile] › visual/visual.spec.ts:41:7 › molecules-emptystate--playground (544ms)
  ✓   562 [mobile] › visual/visual.spec.ts:41:7 › molecules-emptystate--with-icon (634ms)
  ✓   563 [mobile] › visual/visual.spec.ts:41:7 › molecules-emptystate--large (618ms)
  ✓   564 [mobile] › visual/visual.spec.ts:41:7 › molecules-emptystate--in-cart (593ms)
  ✓   565 [mobile] › visual/visual.spec.ts:41:7 › molecules-emptystate--on-surfaces-story (636ms)
  ✓   566 [mobile] › visual/visual.spec.ts:41:7 › molecules-featureitem--playground (596ms)
  ✓   567 [mobile] › visual/visual.spec.ts:41:7 › molecules-featureitem--why-us (651ms)
  ✓   568 [mobile] › visual/visual.spec.ts:41:7 › molecules-featureitem--office-perks (616ms)
  ✓   569 [mobile] › visual/visual.spec.ts:41:7 › molecules-featureitem--what-you-get (620ms)
  ✓   571 [mobile] › visual/visual.spec.ts:41:7 › molecules-field--playground (538ms)
  ✓   570 [mobile] › visual/visual.spec.ts:41:7 › molecules-featureitem--on-surfaces-story (612ms)
  ✓   572 [mobile] › visual/visual.spec.ts:41:7 › molecules-field--stack-with-hint (599ms)
  ✓   573 [mobile] › visual/visual.spec.ts:41:7 › molecules-field--required (581ms)
  ✓   574 [mobile] › visual/visual.spec.ts:41:7 › molecules-field--with-error (576ms)
  ✓   575 [mobile] › visual/visual.spec.ts:41:7 › molecules-field--with-success (554ms)
  ✓   576 [mobile] › visual/visual.spec.ts:41:7 › molecules-field--with-warning (578ms)
  ✓   577 [mobile] › visual/visual.spec.ts:41:7 › molecules-field--optional (574ms)
  ✓   578 [mobile] › visual/visual.spec.ts:41:7 › molecules-field--side (571ms)
  ✓   579 [mobile] › visual/visual.spec.ts:41:7 › molecules-field--control-modes (645ms)
  ✓   580 [mobile] › visual/visual.spec.ts:41:7 › molecules-filterbar--playground (617ms)
  ✓   581 [mobile] › visual/visual.spec.ts:41:7 › molecules-filterbar--wrap (665ms)
  ✓   582 [mobile] › visual/visual.spec.ts:41:7 › molecules-filterbar--scroll (571ms)
  ✓   583 [mobile] › visual/visual.spec.ts:41:7 › molecules-filterbar--icons (592ms)
  ✓   584 [mobile] › visual/visual.spec.ts:41:7 › molecules-filterbar--with-trailing (584ms)
  ✓   585 [mobile] › visual/visual.spec.ts:41:7 › molecules-filterbar--scroll-pinned (591ms)
  ✓   586 [mobile] › visual/visual.spec.ts:41:7 › molecules-filterbar--on-surfaces-story (603ms)
  ✓   587 [mobile] › visual/visual.spec.ts:41:7 › molecules-keyvaluelist--playground (585ms)
  ✓   588 [mobile] › visual/visual.spec.ts:41:7 › molecules-keyvaluelist--your-box (596ms)
  ✓   589 [mobile] › visual/visual.spec.ts:41:7 › molecules-keyvaluelist--booking-rules (574ms)
  ✓   590 [mobile] › visual/visual.spec.ts:41:7 › molecules-keyvaluelist--booking-rules-at-360 (564ms)
  ✓   591 [mobile] › visual/visual.spec.ts:41:7 › molecules-keyvaluelist--customisations (512ms)
  ✓   592 [mobile] › visual/visual.spec.ts:41:7 › molecules-keyvaluelist--upgrade-prices (603ms)
  ✓   593 [mobile] › visual/visual.spec.ts:41:7 › molecules-keyvaluelist--quote-lines (613ms)
  ✓   594 [mobile] › visual/visual.spec.ts:41:7 › molecules-keyvaluelist--on-surfaces-story (698ms)
  ✓   595 [mobile] › visual/visual.spec.ts:41:7 › molecules-linkcard--playground (602ms)
  ✓   596 [mobile] › visual/visual.spec.ts:41:7 › molecules-linkcard--home-doors (613ms)
  ✓   597 [mobile] › visual/visual.spec.ts:41:7 › molecules-linkcard--about-ctas (611ms)
  ✓   598 [mobile] › visual/visual.spec.ts:41:7 › molecules-linkcard--as-child (632ms)
  ✓   599 [mobile] › visual/visual.spec.ts:41:7 › molecules-listrow--playground (528ms)
  ✓   600 [mobile] › visual/visual.spec.ts:41:7 › molecules-listrow--trailing-control (607ms)
  ✓   601 [mobile] › visual/visual.spec.ts:41:7 › molecules-listrow--with-description (632ms)
  ✓   602 [mobile] › visual/visual.spec.ts:41:7 › molecules-listrow--trailing-badge (578ms)
  ✓   603 [mobile] › visual/visual.spec.ts:41:7 › molecules-listrow--danger (686ms)
  ✓   604 [mobile] › visual/visual.spec.ts:41:7 › molecules-listrow--account-list (594ms)
  ✓   605 [mobile] › visual/visual.spec.ts:41:7 › molecules-listrow--narrow (669ms)
  ✓   606 [mobile] › visual/visual.spec.ts:41:7 › molecules-logolockup--playground (666ms)
  ✓   607 [mobile] › visual/visual.spec.ts:41:7 › molecules-logolockup--pink (678ms)
  ✓   608 [mobile] › visual/visual.spec.ts:41:7 › molecules-logolockup--white (581ms)
  ✓   609 [mobile] › visual/visual.spec.ts:41:7 › molecules-logolockup--centred (555ms)
  ✓   610 [mobile] › visual/visual.spec.ts:41:7 › molecules-logolockup--badge (550ms)
  ✓   611 [mobile] › visual/visual.spec.ts:41:7 › molecules-logolockup--wordmark (505ms)
  ✓   612 [mobile] › visual/visual.spec.ts:41:7 › molecules-logolockup--sizes (568ms)
  ✓   613 [mobile] › visual/visual.spec.ts:41:7 › molecules-logolockup--clear-space (542ms)
  ✓   614 [mobile] › visual/visual.spec.ts:41:7 › molecules-logolockup--sx (571ms)
  ✓   615 [mobile] › visual/visual.spec.ts:41:7 › molecules-loyaltycard--playground (551ms)
  ✓   616 [mobile] › visual/visual.spec.ts:41:7 › molecules-loyaltycard--in-progress (560ms)
  ✓   617 [mobile] › visual/visual.spec.ts:41:7 › molecules-loyaltycard--one-left (548ms)
  ✓   618 [mobile] › visual/visual.spec.ts:41:7 › molecules-loyaltycard--complete (587ms)
  ✓   619 [mobile] › visual/visual.spec.ts:41:7 › molecules-loyaltycard--brand (537ms)
  ✓   620 [mobile] › visual/visual.spec.ts:41:7 › molecules-loyaltycard--empty (541ms)
  ✓   621 [mobile] › visual/visual.spec.ts:41:7 › molecules-loyaltycard--long-reward (613ms)
  ✓   622 [mobile] › visual/visual.spec.ts:41:7 › molecules-menuitemcard--playground (585ms)
  ✓   623 [mobile] › visual/visual.spec.ts:41:7 › molecules-menuitemcard--variants (625ms)
  ✓   624 [mobile] › visual/visual.spec.ts:41:7 › molecules-menuitemcard--as-link (623ms)
  ✓   625 [mobile] › visual/visual.spec.ts:41:7 › molecules-menuitemcard--keyboard-focus (660ms)
  ✓   626 [mobile] › visual/visual.spec.ts:41:7 › molecules-menuitemcard--in-a-grid (628ms)
  ✓   627 [mobile] › visual/visual.spec.ts:41:7 › molecules-menuitemcard--narrow (561ms)
  ✓   628 [mobile] › visual/visual.spec.ts:41:7 › molecules-menuitemrow--playground (616ms)
  ✓   629 [mobile] › visual/visual.spec.ts:41:7 › molecules-menuitemrow--full (612ms)
  ✓   630 [mobile] › visual/visual.spec.ts:41:7 › molecules-menuitemrow--discount (659ms)
  ✓   631 [mobile] › visual/visual.spec.ts:41:7 › molecules-menuitemrow--devanagari (634ms)
  ✓   632 [mobile] › visual/visual.spec.ts:41:7 › molecules-menuitemrow--minimal (715ms)
  ✓   633 [mobile] › visual/visual.spec.ts:41:7 › molecules-menuitemrow--as-a-menu-section (637ms)
  ✓   634 [mobile] › visual/visual.spec.ts:41:7 › molecules-menuitemrow--spice-levels (616ms)
  ✓   635 [mobile] › visual/visual.spec.ts:41:7 › molecules-menuitemrow--in-cart (651ms)
  ✓   636 [mobile] › visual/visual.spec.ts:41:7 › molecules-menuitemrow--narrow (616ms)
  ✓   637 [mobile] › visual/visual.spec.ts:41:7 › molecules-menuitemrow--on-surfaces-story (671ms)
  ✓   638 [mobile] › visual/visual.spec.ts:41:7 › molecules-offerseal--playground (611ms)
  ✓   639 [mobile] › visual/visual.spec.ts:41:7 › molecules-offerseal--colors (636ms)
  ✓   640 [mobile] › visual/visual.spec.ts:41:7 › molecules-offerseal--values (675ms)
  ✓   641 [mobile] › visual/visual.spec.ts:41:7 › molecules-offerseal--handoff-hero (685ms)
  ✓   642 [mobile] › visual/visual.spec.ts:41:7 › molecules-offerseal--sizes (632ms)
  ✓   643 [mobile] › visual/visual.spec.ts:41:7 › molecules-offerseal--floor-360 (598ms)
  ✓   644 [mobile] › visual/visual.spec.ts:41:7 › molecules-offerseal--bleed-off-corner (598ms)
  ✓   645 [mobile] › visual/visual.spec.ts:41:7 › molecules-otpinput--playground (552ms)
  ✓   646 [mobile] › visual/visual.spec.ts:41:7 › molecules-otpinput--partial (558ms)
  ✓   647 [mobile] › visual/visual.spec.ts:41:7 › molecules-otpinput--complete (556ms)
  ✓   648 [mobile] › visual/visual.spec.ts:41:7 › molecules-otpinput--verified (560ms)
  ✓   649 [mobile] › visual/visual.spec.ts:41:7 › molecules-otpinput--expired (544ms)
  ✓   650 [mobile] › visual/visual.spec.ts:41:7 › molecules-otpinput--disabled (541ms)
  ✓   651 [mobile] › visual/visual.spec.ts:41:7 › molecules-otpinput--with-hint (548ms)
  ✓   652 [mobile] › visual/visual.spec.ts:41:7 › molecules-otpinput--narrow (569ms)
  ✓   653 [mobile] › visual/visual.spec.ts:41:7 › molecules-outletcard--playground (580ms)
  ✓   654 [mobile] › visual/visual.spec.ts:41:7 › molecules-outletcard--with-image (569ms)
  ✓   655 [mobile] › visual/visual.spec.ts:41:7 › molecules-outletcard--without-image (578ms)
  ✓   656 [mobile] › visual/visual.spec.ts:41:7 › molecules-outletcard--as-link (608ms)
  ✓   657 [mobile] › visual/visual.spec.ts:41:7 › molecules-outletcard--keyboard-focus (593ms)
  ✓   658 [mobile] › visual/visual.spec.ts:41:7 › molecules-outletcard--status-states (611ms)
  ✓   659 [mobile] › visual/visual.spec.ts:41:7 › molecules-outletcard--custom-status-line (622ms)
  ✓   660 [mobile] › visual/visual.spec.ts:41:7 › molecules-outletcard--narrow (538ms)
  ✓   661 [mobile] › visual/visual.spec.ts:41:7 › molecules-pagination--playground (619ms)
  ✓   662 [mobile] › visual/visual.spec.ts:41:7 › molecules-pagination--first-page (1.3s)
  ✓   663 [mobile] › visual/visual.spec.ts:41:7 › molecules-pagination--three-pages (1.7s)
  ✓   664 [mobile] › visual/visual.spec.ts:41:7 › molecules-pagination--last-page (1.8s)
  ✓   665 [mobile] › visual/visual.spec.ts:41:7 › molecules-pagination--many-pages (1.7s)
  ✓   667 [mobile] › visual/visual.spec.ts:41:7 › molecules-pricesummary--playground (805ms)
  ✓   666 [mobile] › visual/visual.spec.ts:41:7 › molecules-pagination--narrow (2.6s)
  ✓   668 [mobile] › visual/visual.spec.ts:41:7 › molecules-pricesummary--with-discount (1.6s)
  ✓   669 [mobile] › visual/visual.spec.ts:41:7 › molecules-pricesummary--on-ink (1.5s)
  ✓   670 [mobile] › visual/visual.spec.ts:41:7 › molecules-pricesummary--surfaces (1.7s)
  ✓   671 [mobile] › visual/visual.spec.ts:41:7 › molecules-pricesummary--with-strong-line (1.6s)
  ✓   672 [mobile] › visual/visual.spec.ts:41:7 › molecules-pricesummary--receipt (734ms)
  ✓   673 [mobile] › visual/visual.spec.ts:41:7 › molecules-pricesummary--total-only (566ms)
  ✓   674 [mobile] › visual/visual.spec.ts:41:7 › molecules-pricesummary--narrow (566ms)
  ✓   675 [mobile] › visual/visual.spec.ts:41:7 › molecules-pricingcard--playground (611ms)
  ✓   676 [mobile] › visual/visual.spec.ts:41:7 › molecules-pricingcard--home-plates (631ms)
  ✓   677 [mobile] › visual/visual.spec.ts:41:7 › molecules-pricingcard--homely-plates (715ms)
  ✓   678 [mobile] › visual/visual.spec.ts:41:7 › molecules-pricingcard--catering-dawats (717ms)
  ✓   679 [mobile] › visual/visual.spec.ts:41:7 › molecules-pricingcard--office-plates (631ms)
  ✓   680 [mobile] › visual/visual.spec.ts:41:7 › molecules-pricingcard--long-name (636ms)
  ✓   681 [mobile] › visual/visual.spec.ts:41:7 › molecules-quantitystepper--playground (607ms)
  ✓   682 [mobile] › visual/visual.spec.ts:41:7 › molecules-quantitystepper--sizes (617ms)
  ✓   683 [mobile] › visual/visual.spec.ts:41:7 › molecules-quantitystepper--at-min (610ms)
  ✓   684 [mobile] › visual/visual.spec.ts:41:7 › molecules-quantitystepper--min-zero (673ms)
  ✓   685 [mobile] › visual/visual.spec.ts:41:7 › molecules-quantitystepper--at-max (579ms)
  ✓   686 [mobile] › visual/visual.spec.ts:41:7 › molecules-quantitystepper--in-a-cart-row (602ms)
  ✓   687 [mobile] › visual/visual.spec.ts:41:7 › molecules-quantitystepper--typed-guests (660ms)
  ✓   688 [mobile] › visual/visual.spec.ts:41:7 › molecules-reviewcard--playground (619ms)
  ✓   689 [mobile] › visual/visual.spec.ts:41:7 › molecules-reviewcard--default (572ms)
  ✓   690 [mobile] › visual/visual.spec.ts:41:7 › molecules-reviewcard--brand (606ms)
  ✓   691 [mobile] › visual/visual.spec.ts:41:7 › molecules-reviewcard--symbol-mark (574ms)
  ✓   692 [mobile] › visual/visual.spec.ts:41:7 › molecules-reviewcard--google-review (809ms)
  ✓   693 [mobile] › visual/visual.spec.ts:41:7 › molecules-reviewcard--without-score (885ms)
  ✓   696 [mobile] › visual/visual.spec.ts:41:7 › molecules-searchfield--clear-label (678ms)
  ✓   695 [mobile] › visual/visual.spec.ts:41:7 › molecules-searchfield--with-value (859ms)
  ✓   694 [mobile] › visual/visual.spec.ts:41:7 › molecules-searchfield--playground (959ms)
  ✓   697 [mobile] › visual/visual.spec.ts:41:7 › molecules-searchfield--loading (590ms)
  ✓   698 [mobile] › visual/visual.spec.ts:41:7 › molecules-searchfield--no-results (570ms)
  ✓   699 [mobile] › visual/visual.spec.ts:41:7 › molecules-searchfield--disabled (574ms)
  ✓   700 [mobile] › visual/visual.spec.ts:41:7 › molecules-searchfield--small (603ms)
  ✓   701 [mobile] › visual/visual.spec.ts:41:7 › molecules-searchfield--statuses (669ms)
  ✓   702 [mobile] › visual/visual.spec.ts:41:7 › molecules-searchfield--narrow (561ms)
  ✓   703 [mobile] › visual/visual.spec.ts:41:7 › molecules-sectionheader--playground (583ms)
  ✓   704 [mobile] › visual/visual.spec.ts:41:7 › molecules-sectionheader--with-lede (608ms)
  ✓   705 [mobile] › visual/visual.spec.ts:41:7 › molecules-sectionheader--centred (573ms)
  ✓   706 [mobile] › visual/visual.spec.ts:41:7 › molecules-sectionheader--on-brand (548ms)
  ✓   707 [mobile] › visual/visual.spec.ts:41:7 › molecules-sectionheader--surfaces (587ms)
  ✓   708 [mobile] › visual/visual.spec.ts:41:7 › molecules-sectionheader--heading-levels (562ms)
  ✓   709 [mobile] › visual/visual.spec.ts:41:7 › molecules-sectionheader--narrow (595ms)
  ✓   710 [mobile] › visual/visual.spec.ts:41:7 › molecules-slotpicker--playground (606ms)
  ✓   711 [mobile] › visual/visual.spec.ts:41:7 › molecules-slotpicker--with-error (612ms)
  ✓   712 [mobile] › visual/visual.spec.ts:41:7 › molecules-slotpicker--disabled (572ms)
  ✓   713 [mobile] › visual/visual.spec.ts:41:7 › molecules-slotpicker--columns (569ms)
  ✓   714 [mobile] › visual/visual.spec.ts:41:7 › molecules-slotpicker--statuses (617ms)
  ✓   715 [mobile] › visual/visual.spec.ts:41:7 › molecules-slotpicker--narrow (589ms)
  ✓   716 [mobile] › visual/visual.spec.ts:41:7 › molecules-snackbar--playground (611ms)
  ✓   717 [mobile] › visual/visual.spec.ts:41:7 › molecules-snackbar--success (624ms)
  ✓   718 [mobile] › visual/visual.spec.ts:41:7 › molecules-snackbar--danger-with-retry (636ms)
  ✓   719 [mobile] › visual/visual.spec.ts:41:7 › molecules-snackbar--undo-and-dismiss (652ms)
  ✓   720 [mobile] › visual/visual.spec.ts:41:7 › molecules-snackbar--live-copy (750ms)
  ✓   722 [mobile] › visual/visual.spec.ts:41:7 › molecules-snackbar--top-right (606ms)
  ✓   723 [mobile] › visual/visual.spec.ts:41:7 › molecules-snackbar--top-center (602ms)
  ✓   724 [mobile] › visual/visual.spec.ts:41:7 › molecules-snackbar--bottom-right (588ms)
  ✓   721 [mobile] › visual/visual.spec.ts:41:7 › molecules-snackbar--closed-by-parent (1.1s)
  ✓   725 [mobile] › visual/visual.spec.ts:41:7 › molecules-snackbar--brand (554ms)
  ✓   726 [mobile] › visual/visual.spec.ts:41:7 › molecules-snackbar--narrow (553ms)
  ✓   727 [mobile] › visual/visual.spec.ts:41:7 › molecules-speeddial--playground (558ms)
  ✓   728 [mobile] › visual/visual.spec.ts:41:7 › molecules-speeddial--directions (564ms)
  ✓   729 [mobile] › visual/visual.spec.ts:41:7 › molecules-speeddial--controlled (571ms)
  ✓   730 [mobile] › visual/visual.spec.ts:41:7 › molecules-speeddial--mobile-360 (584ms)
  ✓   731 [mobile] › visual/visual.spec.ts:41:7 › molecules-stat--playground (537ms)
  ✓   732 [mobile] › visual/visual.spec.ts:41:7 › molecules-stat--default (508ms)
  ✓   733 [mobile] › visual/visual.spec.ts:41:7 › molecules-stat--icon-brand (536ms)
  ✓   734 [mobile] › visual/visual.spec.ts:41:7 › molecules-stat--inverse-centre (544ms)
  ✓   735 [mobile] › visual/visual.spec.ts:41:7 › molecules-stat--with-sub (538ms)
  ✓   736 [mobile] › visual/visual.spec.ts:41:7 › molecules-stat--row (546ms)
  ✓   737 [mobile] › visual/visual.spec.ts:41:7 › molecules-stat--narrow (584ms)
  ✓   738 [mobile] › visual/visual.spec.ts:41:7 › molecules-stat--on-surfaces-story (606ms)
  ✓   739 [mobile] › visual/visual.spec.ts:41:7 › molecules-steptracker--playground (600ms)
  ✓   740 [mobile] › visual/visual.spec.ts:41:7 › molecules-steptracker--horizontal (578ms)
  ✓   741 [mobile] › visual/visual.spec.ts:41:7 › molecules-steptracker--on-brand (565ms)
  ✓   742 [mobile] › visual/visual.spec.ts:41:7 › molecules-steptracker--complete (573ms)
  ✓   743 [mobile] › visual/visual.spec.ts:41:7 › molecules-steptracker--surfaces (552ms)
  ✓   744 [mobile] › visual/visual.spec.ts:41:7 › molecules-steptracker--not-started (566ms)
  ✓   745 [mobile] › visual/visual.spec.ts:41:7 › molecules-steptracker--vertical-surfaces (595ms)
  ✓   746 [mobile] › visual/visual.spec.ts:41:7 › molecules-steptracker--narrow (543ms)
  ✓   747 [mobile] › visual/visual.spec.ts:41:7 › molecules-steps--playground (601ms)
  ✓   748 [mobile] › visual/visual.spec.ts:41:7 › molecules-steps--how-it-works (574ms)
  ✓   749 [mobile] › visual/visual.spec.ts:41:7 › molecules-steps--how-to-book (600ms)
  ✓   750 [mobile] › visual/visual.spec.ts:41:7 › molecules-steps--starting-takes-one-message (588ms)
  ✓   751 [mobile] › visual/visual.spec.ts:41:7 › molecules-steps--on-surfaces-story (706ms)
  ✓   752 [mobile] › visual/visual.spec.ts:41:7 › molecules-stickyactionbar--playground (597ms)
  ✓   753 [mobile] › visual/visual.spec.ts:41:7 › molecules-stickyactionbar--plan-calculator (574ms)
  ✓   754 [mobile] › visual/visual.spec.ts:41:7 › molecules-stickyactionbar--dawat-calculator (610ms)
  ✓   755 [mobile] › visual/visual.spec.ts:41:7 › molecules-stickyactionbar--in-a-scrolling-page (628ms)
  ✓   756 [mobile] › visual/visual.spec.ts:41:7 › molecules-table--price-list (607ms)
  ✓   757 [mobile] › visual/visual.spec.ts:41:7 › molecules-table--scrolls-at-360 (638ms)
  ✓   758 [mobile] › visual/visual.spec.ts:41:7 › molecules-table--catering-glance (611ms)
  ✓   759 [mobile] › visual/visual.spec.ts:41:7 › molecules-table--box-compare (604ms)
  ✓   760 [mobile] › visual/visual.spec.ts:41:7 › molecules-table--offers (652ms)
  ✓   761 [mobile] › visual/visual.spec.ts:41:7 › molecules-table--plan-vs-app (588ms)
  ✓   762 [mobile] › visual/visual.spec.ts:41:7 › molecules-table--plan-vs-app-at-360 (632ms)
  ✓   763 [mobile] › visual/visual.spec.ts:41:7 › molecules-table--caption-visible (578ms)
  ✓   764 [mobile] › visual/visual.spec.ts:41:7 › molecules-tabs--playground (630ms)
  ✓   765 [mobile] › visual/visual.spec.ts:41:7 › molecules-tabs--two-items (586ms)
  ✓   766 [mobile] › visual/visual.spec.ts:41:7 › molecules-tabs--segmented (562ms)
  ✓   767 [mobile] › visual/visual.spec.ts:41:7 › molecules-tabs--with-disabled-tab (567ms)
  ✓   768 [mobile] › visual/visual.spec.ts:41:7 › molecules-tabs--full-width (589ms)
  ✓   769 [mobile] › visual/visual.spec.ts:41:7 › molecules-tabs--full-width-long-labels (568ms)
  ✓   770 [mobile] › visual/visual.spec.ts:41:7 › molecules-tabs--with-icons (575ms)
  ✓   771 [mobile] › visual/visual.spec.ts:41:7 › molecules-tabs--narrow (550ms)
  ✓   772 [mobile] › visual/visual.spec.ts:41:7 › molecules-tabs--on-surfaces-story (577ms)
  ✓   773 [mobile] › visual/visual.spec.ts:41:7 › molecules-toast--playground (566ms)
  ✓   774 [mobile] › visual/visual.spec.ts:41:7 › molecules-toast--tones (579ms)
  ✓   775 [mobile] › visual/visual.spec.ts:41:7 › molecules-toast--status (574ms)
  ✓   776 [mobile] › visual/visual.spec.ts:41:7 › molecules-toast--pop (685ms)
  ✓   777 [mobile] › visual/visual.spec.ts:41:7 › molecules-toast--custom-glyph (609ms)
  ✓   779 [mobile] › visual/visual.spec.ts:41:7 › molecules-toast--contained (623ms)
  ✓   780 [mobile] › visual/visual.spec.ts:41:7 › molecules-togglebuttongroup--exclusive (597ms)
  ✓   781 [mobile] › visual/visual.spec.ts:41:7 › molecules-togglebuttongroup--multiple (620ms)
  ✓   782 [mobile] › visual/visual.spec.ts:41:7 › molecules-togglebuttongroup--enforce-value-set (596ms)
  ✓   783 [mobile] › visual/visual.spec.ts:41:7 › molecules-togglebuttongroup--view-switcher (545ms)
  ✓   784 [mobile] › visual/visual.spec.ts:41:7 › molecules-togglebuttongroup--vertical (587ms)
  ✓   778 [mobile] › visual/visual.spec.ts:41:7 › molecules-toast--add-to-order (1.6s)
  ✓   785 [mobile] › visual/visual.spec.ts:41:7 › molecules-togglebuttongroup--sizes (643ms)
  ✓   786 [mobile] › visual/visual.spec.ts:41:7 › molecules-togglebuttongroup--colors (654ms)
  ✓   787 [mobile] › visual/visual.spec.ts:41:7 › molecules-togglebuttongroup--full-width (577ms)
  ✓   788 [mobile] › visual/visual.spec.ts:41:7 › molecules-togglebuttongroup--disabled (522ms)
  ✓   789 [mobile] › visual/visual.spec.ts:41:7 › molecules-togglebuttongroup--on-surfaces (600ms)
  ✓   790 [mobile] › visual/visual.spec.ts:41:7 › molecules-togglebuttongroup--mobile-360 (582ms)
  ✓   791 [mobile] › visual/visual.spec.ts:41:7 › motion-specimens--durations (731ms)
  ✓   792 [mobile] › visual/visual.spec.ts:41:7 › motion-specimens--easings (735ms)
  ✓   793 [mobile] › visual/visual.spec.ts:41:7 › motion-specimens--animations (726ms)
  ✓   794 [mobile] › visual/visual.spec.ts:41:7 › motion-specimens--motion-tokens (777ms)
  ✓   795 [mobile] › visual/visual.spec.ts:41:7 › motion-specimens--states (819ms)
  ✓   796 [mobile] › visual/visual.spec.ts:41:7 › motion-specimens--state-tokens (830ms)
  ✓   797 [mobile] › visual/visual.spec.ts:41:7 › motion-specimens--form-states (799ms)
  ✓   798 [mobile] › visual/visual.spec.ts:41:7 › motion-specimens--section-reveal (787ms)
  ✓   799 [mobile] › visual/visual.spec.ts:41:7 › organisms-actiondock--playground (701ms)
  ✓   800 [mobile] › visual/visual.spec.ts:41:7 › organisms-actiondock--mobile (654ms)
  ✓   801 [mobile] › visual/visual.spec.ts:41:7 › organisms-actiondock--tablet (617ms)
  ✓   802 [mobile] › visual/visual.spec.ts:41:7 › organisms-actiondock--desktop (661ms)
  ✓   803 [mobile] › visual/visual.spec.ts:41:7 › organisms-actiondock--primary-only (717ms)
  ✓   804 [mobile] › visual/visual.spec.ts:41:7 › organisms-cartpanel--playground (642ms)
  ✓   805 [mobile] › visual/visual.spec.ts:41:7 › organisms-cartpanel--filled (647ms)
  ✓   806 [mobile] › visual/visual.spec.ts:41:7 › organisms-cartpanel--empty (606ms)
  ✓   807 [mobile] › visual/visual.spec.ts:41:7 › organisms-cartpanel--one-line (616ms)
  ✓   808 [mobile] › visual/visual.spec.ts:41:7 › organisms-cartpanel--dine-in (640ms)
  ✓   809 [mobile] › visual/visual.spec.ts:41:7 › organisms-cartpanel--mobile (636ms)
  ✓   810 [mobile] › visual/visual.spec.ts:41:7 › organisms-cartpanel--on-surfaces-story (668ms)
  ✓   811 [mobile] › visual/visual.spec.ts:41:7 › organisms-ctaband--playground (626ms)
  ✓   812 [mobile] › visual/visual.spec.ts:41:7 › organisms-ctaband--ink-split (580ms)
  ✓   813 [mobile] › visual/visual.spec.ts:41:7 › organisms-ctaband--brand-centred (586ms)
  ✓   814 [mobile] › visual/visual.spec.ts:41:7 › organisms-ctaband--soft-split (547ms)
  ✓   815 [mobile] › visual/visual.spec.ts:41:7 › organisms-ctaband--handoff-office-strip (614ms)
  ✓   816 [mobile] › visual/visual.spec.ts:41:7 › organisms-ctaband--handoff-taste-first (605ms)
  ✓   817 [mobile] › visual/visual.spec.ts:41:7 › organisms-ctaband--without-pattern (579ms)
  ✓   818 [mobile] › visual/visual.spec.ts:41:7 › organisms-ctaband--heading-only (631ms)
  ✓   819 [mobile] › visual/visual.spec.ts:41:7 › organisms-ctaband--without-action (650ms)
  ✓   820 [mobile] › visual/visual.spec.ts:41:7 › organisms-ctaband--mobile (602ms)
  ✓   821 [mobile] › visual/visual.spec.ts:41:7 › organisms-ctaband--tablet (633ms)
  ✓   822 [mobile] › visual/visual.spec.ts:41:7 › organisms-ctaband--desktop (607ms)
  ✓   823 [mobile] › visual/visual.spec.ts:41:7 › organisms-dialog--playground (630ms)
  ✓   824 [mobile] › visual/visual.spec.ts:41:7 › organisms-dialog--centred-modal (709ms)
  ✓   825 [mobile] › visual/visual.spec.ts:41:7 › organisms-dialog--sheet (663ms)
  ✓   827 [mobile] › visual/visual.spec.ts:41:7 › organisms-dialog--keyboard-flow (634ms)
  ✓   826 [mobile] › visual/visual.spec.ts:41:7 › organisms-dialog--large (687ms)
  ✓   828 [mobile] › visual/visual.spec.ts:41:7 › organisms-dialog--must-be-answered (745ms)
  ✓   829 [mobile] › visual/visual.spec.ts:41:7 › organisms-dialog--inside-a-phone-frame (694ms)
  ✓   831 [mobile] › visual/visual.spec.ts:41:7 › organisms-dialog--drawer-end (678ms)
  ✓   830 [mobile] › visual/visual.spec.ts:41:7 › organisms-dialog--mobile (782ms)
  ✓   832 [mobile] › visual/visual.spec.ts:41:7 › organisms-dialog--drawer-start (702ms)
  ✓   833 [mobile] › visual/visual.spec.ts:41:7 › organisms-dialog--drawer-sizes (719ms)
  ✓   834 [mobile] › visual/visual.spec.ts:41:7 › organisms-dialog--drawer-with-footer (664ms)
  ✓   835 [mobile] › visual/visual.spec.ts:41:7 › organisms-dialog--drawer-360 (702ms)
  ✓   836 [mobile] › visual/visual.spec.ts:41:7 › organisms-dialog--drawer-long-content (794ms)
  ✓   837 [mobile] › visual/visual.spec.ts:41:7 › organisms-faqsection--playground (757ms)
  ✓   838 [mobile] › visual/visual.spec.ts:41:7 › organisms-faqsection--default (614ms)
  ✓   839 [mobile] › visual/visual.spec.ts:41:7 › organisms-faqsection--handoff-with-aside (625ms)
  ✓   840 [mobile] › visual/visual.spec.ts:41:7 › organisms-faqsection--multiple (677ms)
  ✓   841 [mobile] › visual/visual.spec.ts:41:7 › organisms-faqsection--second-open (626ms)
  ✓   842 [mobile] › visual/visual.spec.ts:41:7 › organisms-faqsection--all-closed (687ms)
  ✓   843 [mobile] › visual/visual.spec.ts:41:7 › organisms-faqsection--without-lede (620ms)
  ✓   844 [mobile] › visual/visual.spec.ts:41:7 › organisms-faqsection--heading-level-3 (608ms)
  ✓   845 [mobile] › visual/visual.spec.ts:41:7 › organisms-faqsection--mobile (715ms)
  ✓   846 [mobile] › visual/visual.spec.ts:41:7 › organisms-faqsection--tablet (687ms)
  ✓   847 [mobile] › visual/visual.spec.ts:41:7 › organisms-faqsection--desktop (659ms)
  ✓   848 [mobile] › visual/visual.spec.ts:41:7 › organisms-herobanner--playground (656ms)
  ✓   849 [mobile] › visual/visual.spec.ts:41:7 › organisms-herobanner--brand-split (633ms)
  ✓   850 [mobile] › visual/visual.spec.ts:41:7 › organisms-herobanner--soft-centred (588ms)
  ✓   851 [mobile] › visual/visual.spec.ts:41:7 › organisms-herobanner--ink-split (689ms)
  ✓   852 [mobile] › visual/visual.spec.ts:41:7 › organisms-herobanner--handoff-home (762ms)
  ✓   853 [mobile] › visual/visual.spec.ts:41:7 › organisms-herobanner--handoff-catering (668ms)
  ✓   854 [mobile] › visual/visual.spec.ts:41:7 › organisms-herobanner--handoff-office (693ms)
  ✓   855 [mobile] › visual/visual.spec.ts:41:7 › organisms-herobanner--headline-only (588ms)
  ✓   856 [mobile] › visual/visual.spec.ts:41:7 › organisms-herobanner--with-photograph (614ms)
  ✓   857 [mobile] › visual/visual.spec.ts:41:7 › organisms-herobanner--mobile (670ms)
  ✓   858 [mobile] › visual/visual.spec.ts:41:7 › organisms-herobanner--tablet (643ms)
  ✓   859 [mobile] › visual/visual.spec.ts:41:7 › organisms-herobanner--desktop (686ms)
  ✓   860 [mobile] › visual/visual.spec.ts:41:7 › organisms-menulist--playground (679ms)
  ✓   861 [mobile] › visual/visual.spec.ts:41:7 › organisms-menulist--grid-website (883ms)
  ✓   863 [mobile] › visual/visual.spec.ts:41:7 › organisms-menulist--grid-only (691ms)
  ✓   864 [mobile] › visual/visual.spec.ts:41:7 › organisms-menulist--small-grid (673ms)
  ✓   862 [mobile] › visual/visual.spec.ts:41:7 › organisms-menulist--list-app (908ms)
  ✓   865 [mobile] › visual/visual.spec.ts:41:7 › organisms-menulist--filter-by-category (694ms)
  ✓   866 [mobile] › visual/visual.spec.ts:41:7 › organisms-menulist--preselected-category (665ms)
  ✓   868 [mobile] › visual/visual.spec.ts:41:7 › organisms-menulist--empty-category (658ms)
  ✓   867 [mobile] › visual/visual.spec.ts:41:7 › organisms-menulist--with-lede (840ms)
  ✓   870 [mobile] › visual/visual.spec.ts:41:7 › organisms-menulist--tablet (767ms)
  ✓   869 [mobile] › visual/visual.spec.ts:41:7 › organisms-menulist--mobile (937ms)
  ✓   871 [mobile] › visual/visual.spec.ts:41:7 › organisms-menulist--desktop (741ms)
  ✓   872 [mobile] › visual/visual.spec.ts:41:7 › organisms-ordertracker--playground (715ms)
  ✓   873 [mobile] › visual/visual.spec.ts:41:7 › organisms-ordertracker--order-in (663ms)
  ✓   874 [mobile] › visual/visual.spec.ts:41:7 › organisms-ordertracker--on-the-tandoor (606ms)
  ✓   875 [mobile] › visual/visual.spec.ts:41:7 › organisms-ordertracker--ready (669ms)
  ✓   876 [mobile] › visual/visual.spec.ts:41:7 › organisms-ordertracker--as-card (669ms)
  ✓   877 [mobile] › visual/visual.spec.ts:41:7 › organisms-ordertracker--delivery-steps (737ms)
  ✓   878 [mobile] › visual/visual.spec.ts:41:7 › organisms-ordertracker--mobile (733ms)
  ✓   879 [mobile] › visual/visual.spec.ts:41:7 › organisms-quotepanel--playground (616ms)
  ✓   880 [mobile] › visual/visual.spec.ts:41:7 › organisms-quotepanel--handoff-plan (624ms)
  ✓   881 [mobile] › visual/visual.spec.ts:41:7 › organisms-quotepanel--handoff-dawat (606ms)
  ✓   882 [mobile] › visual/visual.spec.ts:41:7 › organisms-quotepanel--handoff-office (616ms)
  ✓   883 [mobile] › visual/visual.spec.ts:41:7 › organisms-quotepanel--amount-only (659ms)
  ✓   884 [mobile] › visual/visual.spec.ts:41:7 › organisms-quotepanel--mobile (644ms)
  ✓   885 [mobile] › visual/visual.spec.ts:41:7 › organisms-quotepanel--tablet (610ms)
  ✓   886 [mobile] › visual/visual.spec.ts:41:7 › organisms-quotepanel--desktop (650ms)
  ✓   887 [mobile] › visual/visual.spec.ts:41:7 › organisms-reviewcarousel--playground (696ms)
  ✓   888 [mobile] › visual/visual.spec.ts:41:7 › organisms-reviewcarousel--handoff-home (762ms)
  ✓   889 [mobile] › visual/visual.spec.ts:41:7 › organisms-reviewcarousel--handoff-on-tint (749ms)
  ✓   890 [mobile] › visual/visual.spec.ts:41:7 › organisms-reviewcarousel--one-review (755ms)
  ✓   891 [mobile] › visual/visual.spec.ts:41:7 › organisms-reviewcarousel--empty (673ms)
  ✓   892 [mobile] › visual/visual.spec.ts:41:7 › organisms-reviewcarousel--paging (655ms)
  ✓   894 [mobile] › visual/visual.spec.ts:41:7 › organisms-reviewcarousel--tablet (710ms)
  ✓   893 [mobile] › visual/visual.spec.ts:41:7 › organisms-reviewcarousel--mobile (822ms)
  ✓   896 [mobile] › visual/visual.spec.ts:41:7 › organisms-sitefooter--playground (631ms)
  ✓   895 [mobile] › visual/visual.spec.ts:41:7 › organisms-reviewcarousel--desktop (872ms)
  ✓   897 [mobile] › visual/visual.spec.ts:41:7 › organisms-sitefooter--design-system-pink (809ms)
  ✓   899 [mobile] › visual/visual.spec.ts:41:7 › organisms-sitefooter--columns-only (613ms)
  ✓   900 [mobile] › visual/visual.spec.ts:41:7 › organisms-sitefooter--four-columns (605ms)
  ✓   898 [mobile] › visual/visual.spec.ts:41:7 › organisms-sitefooter--handoff-ink (845ms)
  ✓   901 [mobile] › visual/visual.spec.ts:41:7 › organisms-sitefooter--mobile (853ms)
  ✓   902 [mobile] › visual/visual.spec.ts:41:7 › organisms-sitefooter--tablet (926ms)
  ✓   904 [mobile] › visual/visual.spec.ts:41:7 › organisms-siteheader--playground (669ms)
  ✓   905 [mobile] › visual/visual.spec.ts:41:7 › organisms-siteheader--rest (725ms)
  ✓   903 [mobile] › visual/visual.spec.ts:41:7 › organisms-sitefooter--desktop (914ms)
  ✓   906 [mobile] › visual/visual.spec.ts:41:7 › organisms-siteheader--scrolled-with-cart (749ms)
  ✓   907 [mobile] › visual/visual.spec.ts:41:7 › organisms-siteheader--cart-counts (676ms)
  ✓   908 [mobile] › visual/visual.spec.ts:41:7 › organisms-siteheader--handoff-compact (710ms)
  ✓   909 [mobile] › visual/visual.spec.ts:41:7 › organisms-siteheader--six-links-at-1024 (700ms)
  ✓   910 [mobile] › visual/visual.spec.ts:41:7 › organisms-siteheader--six-links-at-1279 (790ms)
  ✓   911 [mobile] › visual/visual.spec.ts:41:7 › organisms-siteheader--six-links-at-1280 (640ms)
  ✓   912 [mobile] › visual/visual.spec.ts:41:7 › organisms-siteheader--six-links-at-1440 (621ms)
  ✓   913 [mobile] › visual/visual.spec.ts:41:7 › organisms-siteheader--six-links-at-1536 (657ms)
  ✓   914 [mobile] › visual/visual.spec.ts:41:7 › organisms-siteheader--drawer-keyboard (746ms)
  ✓   916 [mobile] › visual/visual.spec.ts:41:7 › organisms-siteheader--mobile (619ms)
  ✓   915 [mobile] › visual/visual.spec.ts:41:7 › organisms-siteheader--drawer-open (854ms)
  ✓   917 [mobile] › visual/visual.spec.ts:41:7 › organisms-siteheader--tablet (614ms)
  ✓   918 [mobile] › visual/visual.spec.ts:41:7 › organisms-siteheader--desktop (631ms)
  ✓   919 [mobile] › visual/visual.spec.ts:41:7 › organisms-statband--playground (545ms)
  ✓   920 [mobile] › visual/visual.spec.ts:41:7 › organisms-statband--soft (554ms)
  ✓   921 [mobile] › visual/visual.spec.ts:41:7 › organisms-statband--brand (598ms)
  ✓   922 [mobile] › visual/visual.spec.ts:41:7 › organisms-statband--ink (546ms)
  ✓   923 [mobile] › visual/visual.spec.ts:41:7 › organisms-statband--four-stats (584ms)
  ✓   924 [mobile] › visual/visual.spec.ts:41:7 › organisms-statband--with-icons (581ms)
  ✓   925 [mobile] › visual/visual.spec.ts:41:7 › organisms-statband--with-sub-lines (604ms)
  ✓   926 [mobile] › visual/visual.spec.ts:41:7 › organisms-statband--mobile (583ms)
  ✓   927 [mobile] › visual/visual.spec.ts:41:7 › organisms-statband--tablet (589ms)
  ✓   928 [mobile] › visual/visual.spec.ts:41:7 › organisms-statband--desktop (578ms)
  ✓   929 [mobile] › visual/visual.spec.ts:41:7 › organisms-tabbar--playground (579ms)
  ✓   930 [mobile] › visual/visual.spec.ts:41:7 › organisms-tabbar--states (556ms)
  ✓   931 [mobile] › visual/visual.spec.ts:41:7 › organisms-tabbar--four-tabs-with-count (588ms)
  ✓   932 [mobile] › visual/visual.spec.ts:41:7 › organisms-tabbar--five-tabs (648ms)
  ✓   933 [mobile] › visual/visual.spec.ts:41:7 › organisms-tabbar--as-links (596ms)
  ✓   934 [mobile] › visual/visual.spec.ts:41:7 › organisms-tabbar--each-destination-active (622ms)
  ✓   935 [mobile] › visual/visual.spec.ts:41:7 › organisms-tabbar--mobile (699ms)
  ✓   936 [mobile] › visual/visual.spec.ts:41:7 › organisms-testimonialwall--playground (673ms)
  ✓   937 [mobile] › visual/visual.spec.ts:41:7 › organisms-testimonialwall--default (675ms)
  ✓   938 [mobile] › visual/visual.spec.ts:41:7 › organisms-testimonialwall--brand-cards (672ms)
  ✓   939 [mobile] › visual/visual.spec.ts:41:7 › organisms-testimonialwall--four-reviews (690ms)
  ✓   940 [mobile] › visual/visual.spec.ts:41:7 › organisms-testimonialwall--on-tint (701ms)
  ✓   941 [mobile] › visual/visual.spec.ts:41:7 › organisms-testimonialwall--with-lede (679ms)
  ✓   942 [mobile] › visual/visual.spec.ts:41:7 › organisms-testimonialwall--without-scores (674ms)
  ✓   943 [mobile] › visual/visual.spec.ts:41:7 › organisms-testimonialwall--mobile (728ms)
  ✓   944 [mobile] › visual/visual.spec.ts:41:7 › organisms-testimonialwall--tablet (691ms)
  ✓   945 [mobile] › visual/visual.spec.ts:41:7 › organisms-testimonialwall--desktop (786ms)
  ✓   947 [mobile] › visual/visual.spec.ts:41:7 › spacing-specimens--rhythm (696ms)
  ✓   946 [mobile] › visual/visual.spec.ts:41:7 › spacing-specimens--scale (894ms)
  ✓   948 [mobile] › visual/visual.spec.ts:41:7 › spacing-specimens--rhythm-tokens (730ms)
  ✓   949 [mobile] › visual/visual.spec.ts:41:7 › spacing-specimens--chrome-tokens (755ms)
  ✓   951 [mobile] › visual/visual.spec.ts:41:7 › type-specimens--display-steps (635ms)
  ✓   952 [mobile] › visual/visual.spec.ts:41:7 › type-specimens--families-and-weights (668ms)
  ✓   953 [mobile] › visual/visual.spec.ts:41:7 › type-specimens--heading-steps (704ms)
  ✓   954 [mobile] › visual/visual.spec.ts:41:7 › type-specimens--body-steps (721ms)
  ✓   955 [mobile] › visual/visual.spec.ts:41:7 › type-specimens--overline-and-mono (669ms)
  ✓   956 [mobile] › visual/visual.spec.ts:41:7 › type-specimens--devanagari (700ms)
  ✓   950 [mobile] › visual/visual.spec.ts:41:7 › spacing-specimens--component-sizes (1.6s)
  ✓   957 [mobile] › visual/visual.spec.ts:41:7 › type-specimens--fluid-steps (632ms)
  ✓   958 [mobile] › visual/visual.spec.ts:41:7 › type-specimens--fluid-tokens (631ms)
  ✓   961 [mobile] › visual/visual.spec.ts:41:7 › foundations-interactions--global-base (621ms)
  ✓   962 [mobile] › visual/visual.spec.ts:41:7 › foundations-system-specimens--spacing (609ms)
  ✓   963 [mobile] › visual/visual.spec.ts:41:7 › foundations-system-specimens--display (564ms)
  ✓   959 [mobile] › visual/visual.spec.ts:41:7 › website-homepage--homepage (1.0s)
  ✓   964 [mobile] › visual/visual.spec.ts:41:7 › foundations-system-specimens--size (577ms)
  ✓   960 [mobile] › visual/visual.spec.ts:41:7 › website-homepage--homepage-360 (1.3s)
  ✓   965 [mobile] › visual/visual.spec.ts:41:7 › foundations-system-specimens--flex-child (580ms)
  ✓   966 [mobile] › visual/visual.spec.ts:41:7 › foundations-system-specimens--look (611ms)
  ✓   967 [mobile] › visual/visual.spec.ts:41:7 › foundations-system-specimens--colour (665ms)
(node:11949) Warning: The 'NO_COLOR' env is ignored due to the 'FORCE_COLOR' env being set.
(Use `node --trace-warnings ...` to show where the warning was created)
(node:11953) Warning: The 'NO_COLOR' env is ignored due to the 'FORCE_COLOR' env being set.
(Use `node --trace-warnings ...` to show where the warning was created)
(node:11956) Warning: The 'NO_COLOR' env is ignored due to the 'FORCE_COLOR' env being set.
(Use `node --trace-warnings ...` to show where the warning was created)
  ✓   968 [mobile] › visual/visual.spec.ts:41:7 › foundations-system-specimens--responsive (594ms)
(node:11965) Warning: The 'NO_COLOR' env is ignored due to the 'FORCE_COLOR' env being set.
(Use `node --trace-warnings ...` to show where the warning was created)
(node:11999) Warning: The 'NO_COLOR' env is ignored due to the 'FORCE_COLOR' env being set.
(Use `node --trace-warnings ...` to show where the warning was created)
  ✓   969 [desktop] › visual/visual.spec.ts:41:7 › readme-docs-kit--missing-token-fails-loudly (791ms)
  ✓   970 [desktop] › visual/visual.spec.ts:41:7 › readme-docs-kit--numeric-steps-sort-by-number (1.0s)
  ✓   971 [desktop] › visual/visual.spec.ts:41:7 › readme-docs-kit--utilities-derive-from-the-catalogue (1.1s)
  ✓   972 [desktop] › visual/visual.spec.ts:41:7 › readme-docs-kit--copy-chips-copy-a-class (1.1s)
  ✓   973 [desktop] › visual/visual.spec.ts:41:7 › readme-docs-kit--copy-without-a-clipboard (1.1s)
  ✓   974 [desktop] › visual/visual.spec.ts:41:7 › readme-docs-kit--swatch-paints-its-token (1.2s)
  ✓   975 [desktop] › visual/visual.spec.ts:41:7 › readme-docs-kit--swatch-copies-name-and-value (1.2s)
  ✓   976 [desktop] › visual/visual.spec.ts:41:7 › readme-docs-kit--token-table-lists-every-match (980ms)
  ✓   977 [desktop] › visual/visual.spec.ts:41:7 › readme-docs-kit--type-specimen-uses-the-step (947ms)
  ✓   978 [desktop] › visual/visual.spec.ts:41:7 › readme-docs-kit--contrast-matrix-rates-each-pair (850ms)
  ✓   979 [desktop] › visual/visual.spec.ts:41:7 › readme-docs-kit--spacing-scale-multiplies-the-unit (777ms)
  ✓   980 [desktop] › visual/visual.spec.ts:41:7 › readme-docs-kit--radius-scale-shows-every-radius (765ms)
  ✓   981 [desktop] › visual/visual.spec.ts:41:7 › readme-docs-kit--shadow-ladder-paints-each-step (836ms)
  ✓   982 [desktop] › visual/visual.spec.ts:41:7 › readme-docs-kit--motion-demo-runs-on-the-tokens (866ms)
  ✓   986 [desktop] › visual/visual.spec.ts:41:7 › readme-docs-prose--prose-table-that-fits-adds-no-tab-stop (555ms)
  ✓   987 [desktop] › visual/visual.spec.ts:41:7 › readme-canvas-geometry--padded-leaves-328 (542ms)
  ✓   988 [desktop] › visual/visual.spec.ts:41:7 › readme-canvas-geometry--centered-leaves-328 (530ms)
  ✓   983 [desktop] › visual/visual.spec.ts:41:7 › readme-docs-prose--prose-table-scrolls-at-360 (1.7s)
  ✓   989 [desktop] › visual/visual.spec.ts:41:7 › readme-canvas-geometry--fullscreen-leaves-360 (545ms)
  ✓   984 [desktop] › visual/visual.spec.ts:41:7 › readme-docs-prose--prose-tables-named-apart (1.7s)
  ✓   985 [desktop] › visual/visual.spec.ts:41:7 › readme-docs-prose--prose-table-names-stay-unique (1.7s)
  ✓   990 [desktop] › visual/visual.spec.ts:41:7 › readme-system-sx--responsive-classes-have-css (593ms)
  ✓   991 [desktop] › visual/visual.spec.ts:41:7 › app-ordering-app--home (1.0s)
  ✓   992 [desktop] › visual/visual.spec.ts:41:7 › app-ordering-app--menu (1.0s)
  ✓   993 [desktop] › visual/visual.spec.ts:41:7 › app-ordering-app--item-sheet-open (1.0s)
  ✓   995 [desktop] › visual/visual.spec.ts:41:7 › app-ordering-app--tracking (810ms)
  ✓   994 [desktop] › visual/visual.spec.ts:41:7 › app-ordering-app--cart (1.0s)
  ✓   998 [desktop] › visual/visual.spec.ts:41:7 › atoms-avatar--playground (655ms)
  ✓   996 [desktop] › visual/visual.spec.ts:41:7 › app-ordering-app--account (803ms)
  ✓   997 [desktop] › visual/visual.spec.ts:41:7 › app-ordering-app--home-360 (780ms)
  ✓   999 [desktop] › visual/visual.spec.ts:41:7 › atoms-avatar--sizes (658ms)
  ✓  1000 [desktop] › visual/visual.spec.ts:41:7 › atoms-avatar--initials (635ms)
  ✓  1001 [desktop] › visual/visual.spec.ts:41:7 › atoms-avatar--icon-fallback (586ms)
  ✓  1002 [desktop] › visual/visual.spec.ts:41:7 › atoms-avatar--ring (607ms)
  ✓  1003 [desktop] › visual/visual.spec.ts:41:7 › atoms-avatar--photo (710ms)
  ✓  1004 [desktop] › visual/visual.spec.ts:41:7 › atoms-avatar--in-a-guest-row (628ms)
  ✓  1005 [desktop] › visual/visual.spec.ts:41:7 › atoms-badge--playground (618ms)
  ✓  1006 [desktop] › visual/visual.spec.ts:41:7 › atoms-badge--colors (617ms)
  ✓  1007 [desktop] › visual/visual.spec.ts:41:7 › atoms-badge--status-colors (652ms)
  ✓  1008 [desktop] › visual/visual.spec.ts:41:7 › atoms-badge--with-icon (616ms)
  ✓  1009 [desktop] › visual/visual.spec.ts:41:7 › atoms-badge--on-a-menu-card (678ms)
  ✓  1010 [desktop] › visual/visual.spec.ts:41:7 › atoms-badge--sx (721ms)
  ✓  1011 [desktop] › visual/visual.spec.ts:41:7 › atoms-badge--on-surfaces-story (617ms)
  ✓  1012 [desktop] › visual/visual.spec.ts:41:7 › atoms-button--playground (621ms)
  ✓  1013 [desktop] › visual/visual.spec.ts:41:7 › atoms-button--states (632ms)
  ✓  1014 [desktop] › visual/visual.spec.ts:41:7 › atoms-button--states-primary (648ms)
  ✓  1015 [desktop] › visual/visual.spec.ts:41:7 › atoms-button--states-ghost (720ms)
  ✓  1016 [desktop] › visual/visual.spec.ts:41:7 › atoms-button--states-inverse (648ms)
  ✓  1017 [desktop] › visual/visual.spec.ts:41:7 › atoms-button--states-on-brand (645ms)
  ✓  1018 [desktop] › visual/visual.spec.ts:41:7 › atoms-button--variants (650ms)
  ✓  1019 [desktop] › visual/visual.spec.ts:41:7 › atoms-button--sizes (631ms)
  ✓  1020 [desktop] › visual/visual.spec.ts:41:7 › atoms-button--leading-icon (623ms)
  ✓  1021 [desktop] › visual/visual.spec.ts:41:7 › atoms-button--trailing-icon (580ms)
  ✓  1022 [desktop] › visual/visual.spec.ts:41:7 › atoms-button--both-icons (583ms)
  ✓  1023 [desktop] › visual/visual.spec.ts:41:7 › atoms-button--icon-by-size (597ms)
  ✓  1024 [desktop] › visual/visual.spec.ts:41:7 › atoms-button--icon-after-by-size (616ms)
  ✓  1025 [desktop] › visual/visual.spec.ts:41:7 › atoms-button--on-brand (578ms)
  ✓  1026 [desktop] › visual/visual.spec.ts:41:7 › atoms-button--loading (608ms)
  ✓  1027 [desktop] › visual/visual.spec.ts:41:7 › atoms-button--disabled (607ms)
  ✓  1028 [desktop] › visual/visual.spec.ts:41:7 › atoms-button--full-width (632ms)
  ✓  1029 [desktop] › visual/visual.spec.ts:41:7 › atoms-button--sx (621ms)
  ✓  1030 [desktop] › visual/visual.spec.ts:41:7 › atoms-button--on-surfaces-story (624ms)
  ✓  1031 [desktop] › visual/visual.spec.ts:41:7 › atoms-button--nested-surfaces (618ms)
  ✓  1032 [desktop] › visual/visual.spec.ts:41:7 › atoms-button--as-child (593ms)
  ✓  1033 [desktop] › visual/visual.spec.ts:41:7 › atoms-button--long-label (617ms)
  ✓  1034 [desktop] › visual/visual.spec.ts:41:7 › atoms-card--playground (624ms)
  ✓  1035 [desktop] › visual/visual.spec.ts:41:7 › atoms-card--states (630ms)
  ✓  1036 [desktop] › visual/visual.spec.ts:41:7 › atoms-card--default (583ms)
  ✓  1037 [desktop] › visual/visual.spec.ts:41:7 › atoms-card--feature-quiet (639ms)
  ✓  1038 [desktop] › visual/visual.spec.ts:41:7 › atoms-card--brand-ink (590ms)
  ✓  1039 [desktop] › visual/visual.spec.ts:41:7 › atoms-card--padding-none (641ms)
  ✓  1040 [desktop] › visual/visual.spec.ts:41:7 › atoms-card--paddings (549ms)
  ✓  1041 [desktop] › visual/visual.spec.ts:41:7 › atoms-card--as-child (634ms)
  ✓  1042 [desktop] › visual/visual.spec.ts:41:7 › atoms-card--interactive-with-link (619ms)
  ✓  1043 [desktop] › visual/visual.spec.ts:41:7 › atoms-card--light-island (591ms)
  ✓  1044 [desktop] › visual/visual.spec.ts:41:7 › atoms-card--soft-inside-brand (656ms)
  ✓  1045 [desktop] › visual/visual.spec.ts:41:7 › atoms-checkbox--playground (638ms)
  ✓  1046 [desktop] › visual/visual.spec.ts:41:7 › atoms-checkbox--interaction (642ms)
  ✓  1047 [desktop] › visual/visual.spec.ts:41:7 › atoms-checkbox--checked-and-unchecked (625ms)
  ✓  1048 [desktop] › visual/visual.spec.ts:41:7 › atoms-checkbox--price (638ms)
  ✓  1049 [desktop] › visual/visual.spec.ts:41:7 › atoms-checkbox--description (644ms)
  ✓  1050 [desktop] › visual/visual.spec.ts:41:7 › atoms-checkbox--invalid (642ms)
  ✓  1051 [desktop] › visual/visual.spec.ts:41:7 › atoms-checkbox--disabled (637ms)
  ✓  1052 [desktop] › visual/visual.spec.ts:41:7 › atoms-checkbox--add-on-list (711ms)
  ✓  1053 [desktop] › visual/visual.spec.ts:41:7 › atoms-checkbox--on-surfaces-story (632ms)
  ✓  1055 [desktop] › visual/visual.spec.ts:41:7 › atoms-countdown--in-launch-bar (603ms)
  ✓  1056 [desktop] › visual/visual.spec.ts:41:7 › atoms-countdown--ended (585ms)
  ✓  1057 [desktop] › visual/visual.spec.ts:41:7 › atoms-countdown--ended-renders-nothing (534ms)
  ✓  1058 [desktop] › visual/visual.spec.ts:41:7 › atoms-dietmark--playground (524ms)
  ✓  1059 [desktop] › visual/visual.spec.ts:41:7 › atoms-dietmark--sizes (542ms)
  ✓  1060 [desktop] › visual/visual.spec.ts:41:7 › atoms-dietmark--in-context (540ms)
  ✓  1062 [desktop] › visual/visual.spec.ts:41:7 › atoms-divider--line (531ms)
  ✓  1061 [desktop] › visual/visual.spec.ts:41:7 › atoms-divider--playground (570ms)
  ✓  1054 [desktop] › visual/visual.spec.ts:41:7 › atoms-countdown--playground (1.6s)
  ✓  1063 [desktop] › visual/visual.spec.ts:41:7 › atoms-divider--label (565ms)
  ✓  1064 [desktop] › visual/visual.spec.ts:41:7 › atoms-divider--diamond (550ms)
  ✓  1065 [desktop] › visual/visual.spec.ts:41:7 › atoms-divider--on-brand (593ms)
  ✓  1066 [desktop] › visual/visual.spec.ts:41:7 › atoms-divider--between-menu-rows (610ms)
  ✓  1067 [desktop] › visual/visual.spec.ts:41:7 › atoms-divider--vertical (633ms)
  ✓  1068 [desktop] › visual/visual.spec.ts:41:7 › atoms-divider--on-surfaces-story (597ms)
  ✓  1069 [desktop] › visual/visual.spec.ts:41:7 › atoms-fab--playground (610ms)
  ✓  1070 [desktop] › visual/visual.spec.ts:41:7 › atoms-fab--variants (578ms)
  ✓  1071 [desktop] › visual/visual.spec.ts:41:7 › atoms-fab--sizes (607ms)
  ✓  1072 [desktop] › visual/visual.spec.ts:41:7 › atoms-fab--extended (598ms)
  ✓  1073 [desktop] › visual/visual.spec.ts:41:7 › atoms-fab--disabled (614ms)
  ✓  1074 [desktop] › visual/visual.spec.ts:41:7 › atoms-fab--as-link (605ms)
  ✓  1075 [desktop] › visual/visual.spec.ts:41:7 › atoms-fab--on-grounds (593ms)
  ✓  1076 [desktop] › visual/visual.spec.ts:41:7 › atoms-fab--positions (588ms)
  ✓  1077 [desktop] › visual/visual.spec.ts:41:7 › atoms-fab--pinned (582ms)
  ✓  1078 [desktop] › visual/visual.spec.ts:41:7 › atoms-fab--mobile-360 (646ms)
  ✓  1079 [desktop] › visual/visual.spec.ts:41:7 › atoms-iconbutton--playground (620ms)
  ✓  1080 [desktop] › visual/visual.spec.ts:41:7 › atoms-iconbutton--states (723ms)
  ✓  1081 [desktop] › visual/visual.spec.ts:41:7 › atoms-iconbutton--variants (671ms)
  ✓  1082 [desktop] › visual/visual.spec.ts:41:7 › atoms-iconbutton--sizes (632ms)
  ✓  1083 [desktop] › visual/visual.spec.ts:41:7 › atoms-iconbutton--on-brand (650ms)
  ✓  1084 [desktop] › visual/visual.spec.ts:41:7 › atoms-iconbutton--disabled (661ms)
  ✓  1085 [desktop] › visual/visual.spec.ts:41:7 › atoms-iconbutton--over-photography (649ms)
  ✓  1086 [desktop] › visual/visual.spec.ts:41:7 › atoms-iconbutton--count (669ms)
  ✓  1087 [desktop] › visual/visual.spec.ts:41:7 › atoms-iconbutton--icon-only (714ms)
  ✓  1088 [desktop] › visual/visual.spec.ts:41:7 › atoms-iconbutton--on-surfaces-story (660ms)
  ✓  1089 [desktop] › visual/visual.spec.ts:41:7 › atoms-iconbutton--as-child (627ms)
  ✓  1090 [desktop] › visual/visual.spec.ts:41:7 › atoms-icon--playground (583ms)
  ✓  1091 [desktop] › visual/visual.spec.ts:41:7 › atoms-icon--sizes (646ms)
  ✓  1092 [desktop] › visual/visual.spec.ts:41:7 › atoms-icon--current-color (663ms)
  ✓  1093 [desktop] › visual/visual.spec.ts:41:7 › atoms-icon--glyphs (597ms)
  ✓  1094 [desktop] › visual/visual.spec.ts:41:7 › atoms-icon--labelled (584ms)
  ✓  1095 [desktop] › visual/visual.spec.ts:41:7 › atoms-icon--on-ink (577ms)
  ✓  1096 [desktop] › visual/visual.spec.ts:41:7 › atoms-imageslot--playground (595ms)
  ✓  1097 [desktop] › visual/visual.spec.ts:41:7 › atoms-imageslot--ratios (606ms)
  ✓  1098 [desktop] › visual/visual.spec.ts:41:7 › atoms-imageslot--variants (575ms)
  ✓  1099 [desktop] › visual/visual.spec.ts:41:7 › atoms-imageslot--label (566ms)
  ✓  1100 [desktop] › visual/visual.spec.ts:41:7 › atoms-imageslot--photo (560ms)
  ✓  1101 [desktop] › visual/visual.spec.ts:41:7 › atoms-imageslot--fill (569ms)
  ✓  1102 [desktop] › visual/visual.spec.ts:41:7 › atoms-imageslot--radii (597ms)
  ✓  1103 [desktop] › visual/visual.spec.ts:41:7 › atoms-imageslot--sx (602ms)
  ✓  1104 [desktop] › visual/visual.spec.ts:41:7 › atoms-input--playground (681ms)
  ✓  1105 [desktop] › visual/visual.spec.ts:41:7 › atoms-input--states (583ms)
  ✓  1106 [desktop] › visual/visual.spec.ts:41:7 › atoms-input--rest (590ms)
  ✓  1107 [desktop] › visual/visual.spec.ts:41:7 › atoms-input--filled-with-icon (576ms)
  ✓  1108 [desktop] › visual/visual.spec.ts:41:7 › atoms-input--status-error (639ms)
  ✓  1109 [desktop] › visual/visual.spec.ts:41:7 › atoms-input--status-success (632ms)
  ✓  1110 [desktop] › visual/visual.spec.ts:41:7 › atoms-input--status-warning (608ms)
  ✓  1111 [desktop] › visual/visual.spec.ts:41:7 › atoms-input--loading (606ms)
  ✓  1112 [desktop] › visual/visual.spec.ts:41:7 › atoms-input--read-only (573ms)
  ✓  1113 [desktop] › visual/visual.spec.ts:41:7 › atoms-input--disabled (669ms)
  ✓  1114 [desktop] › visual/visual.spec.ts:41:7 › atoms-input--suffix-and-trailing (694ms)
  ✓  1115 [desktop] › visual/visual.spec.ts:41:7 › atoms-input--disabled-trailing (713ms)
  ✓  1116 [desktop] › visual/visual.spec.ts:41:7 › atoms-input--in-disabled-fieldset (695ms)
  ✓  1117 [desktop] › visual/visual.spec.ts:41:7 › atoms-input--sizes (703ms)
  ✓  1118 [desktop] › visual/visual.spec.ts:41:7 › atoms-input--multiline (599ms)
  ✓  1119 [desktop] › visual/visual.spec.ts:41:7 › atoms-input--on-surfaces-story (636ms)
  ✓  1120 [desktop] › visual/visual.spec.ts:41:7 › atoms-link--playground (604ms)
  ✓  1121 [desktop] › visual/visual.spec.ts:41:7 › atoms-link--states (654ms)
  ✓  1122 [desktop] › visual/visual.spec.ts:41:7 › atoms-link--default (574ms)
  ✓  1123 [desktop] › visual/visual.spec.ts:41:7 › atoms-link--colors (606ms)
  ✓  1124 [desktop] › visual/visual.spec.ts:41:7 › atoms-link--underline (628ms)
  ✓  1125 [desktop] › visual/visual.spec.ts:41:7 › atoms-link--variants (656ms)
  ✓  1126 [desktop] › visual/visual.spec.ts:41:7 › atoms-link--inherits-paragraph (622ms)
  ✓  1127 [desktop] › visual/visual.spec.ts:41:7 › atoms-link--external (627ms)
  ✓  1128 [desktop] › visual/visual.spec.ts:41:7 › atoms-link--as-child (574ms)
  ✓  1129 [desktop] › visual/visual.spec.ts:41:7 › atoms-link--in-footer-nav (572ms)
  ✓  1130 [desktop] › visual/visual.spec.ts:41:7 › atoms-link--on-surfaces-story (592ms)
  ✓  1131 [desktop] › visual/visual.spec.ts:41:7 › atoms-menu--three-dot-menu (634ms)
  ✓  1132 [desktop] › visual/visual.spec.ts:41:7 › atoms-menu--basic-menu (623ms)
  ✓  1133 [desktop] › visual/visual.spec.ts:41:7 › atoms-menu--icon-menu (612ms)
  ✓  1134 [desktop] › visual/visual.spec.ts:41:7 › atoms-menu--dense-menu (644ms)
  ✓  1135 [desktop] › visual/visual.spec.ts:41:7 › atoms-menu--selected-menu (633ms)
  ✓  1136 [desktop] › visual/visual.spec.ts:41:7 › atoms-menu--positioned-menu (649ms)
  ✓  1137 [desktop] › visual/visual.spec.ts:41:7 › atoms-menu--long-menu (670ms)
  ✓  1138 [desktop] › visual/visual.spec.ts:41:7 › atoms-menu--account-menu (679ms)
  ✓  1139 [desktop] › visual/visual.spec.ts:41:7 › atoms-menu--radio-menu (678ms)
  ✓  1140 [desktop] › visual/visual.spec.ts:41:7 › atoms-menu--checkbox-menu (706ms)
  ✓  1141 [desktop] › visual/visual.spec.ts:41:7 › atoms-menu--nested-menu (679ms)
  ✓  1142 [desktop] › visual/visual.spec.ts:41:7 › atoms-menu--on-surfaces (626ms)
  ✓  1143 [desktop] › visual/visual.spec.ts:41:7 › atoms-menu--mobile-360 (658ms)
  ✓  1144 [desktop] › visual/visual.spec.ts:41:7 › atoms-menu--listbox (611ms)
  ✓  1145 [desktop] › visual/visual.spec.ts:41:7 › atoms-menu--groups-and-meta (613ms)
  ✓  1146 [desktop] › visual/visual.spec.ts:41:7 › atoms-menu--empty (622ms)
  ✓  1147 [desktop] › visual/visual.spec.ts:41:7 › atoms-menu--sheet-360 (636ms)
  ✓  1148 [desktop] › visual/visual.spec.ts:41:7 › atoms-menu--floating-641 (639ms)
  ✓  1149 [desktop] › visual/visual.spec.ts:41:7 › atoms-patternfield--playground (615ms)
  ✓  1150 [desktop] › visual/visual.spec.ts:41:7 › atoms-patternfield--brand (657ms)
  ✓  1151 [desktop] › visual/visual.spec.ts:41:7 › atoms-patternfield--ink (628ms)
  ✓  1152 [desktop] › visual/visual.spec.ts:41:7 › atoms-patternfield--soft (627ms)
  ✓  1153 [desktop] › visual/visual.spec.ts:41:7 › atoms-patternfield--light (596ms)
  ✓  1154 [desktop] › visual/visual.spec.ts:41:7 › atoms-patternfield--faint (624ms)
  ✓  1155 [desktop] › visual/visual.spec.ts:41:7 › atoms-patternfield--tiles (602ms)
  ✓  1156 [desktop] › visual/visual.spec.ts:41:7 › atoms-patternfield--as-child (613ms)
  ✓  1157 [desktop] › visual/visual.spec.ts:41:7 › atoms-patternfield--full-bleed-band (641ms)
  ✓  1158 [desktop] › visual/visual.spec.ts:41:7 › atoms-patternfield--sx (605ms)
  ✓  1159 [desktop] › visual/visual.spec.ts:41:7 › atoms-popover--playground (675ms)
  ✓  1160 [desktop] › visual/visual.spec.ts:41:7 › atoms-popover--sides (607ms)
  ✓  1161 [desktop] › visual/visual.spec.ts:41:7 › atoms-popover--with-title (677ms)
  ✓  1162 [desktop] › visual/visual.spec.ts:41:7 › atoms-popover--info-popover (645ms)
  ✓  1163 [desktop] › visual/visual.spec.ts:41:7 › atoms-popover--controlled (667ms)
  ✓  1164 [desktop] › visual/visual.spec.ts:41:7 › atoms-popover--on-surfaces (635ms)
  ✓  1165 [desktop] › visual/visual.spec.ts:41:7 › atoms-popover--mobile-360 (609ms)
  ✓  1166 [desktop] › visual/visual.spec.ts:41:7 › atoms-popover--sheet (579ms)
  ✓  1167 [desktop] › visual/visual.spec.ts:41:7 › atoms-popover--sheet-360 (598ms)
  ✓  1168 [desktop] › visual/visual.spec.ts:41:7 › atoms-popover--floating-641 (611ms)
  ✓  1169 [desktop] › visual/visual.spec.ts:41:7 › atoms-pricetag--playground (576ms)
  ✓  1170 [desktop] › visual/visual.spec.ts:41:7 › atoms-pricetag--amounts (555ms)
  ✓  1171 [desktop] › visual/visual.spec.ts:41:7 › atoms-pricetag--was (591ms)
  ✓  1172 [desktop] › visual/visual.spec.ts:41:7 › atoms-pricetag--range (590ms)
  ✓  1173 [desktop] › visual/visual.spec.ts:41:7 › atoms-pricetag--sizes (621ms)
  ✓  1174 [desktop] › visual/visual.spec.ts:41:7 › atoms-pricetag--colors (623ms)
  ✓  1175 [desktop] › visual/visual.spec.ts:41:7 › atoms-pricetag--canvas (610ms)
  ✓  1176 [desktop] › visual/visual.spec.ts:41:7 › atoms-pricetag--sx (607ms)
  ✓  1177 [desktop] › visual/visual.spec.ts:41:7 › atoms-pricetag--on-surfaces-story (587ms)
  ✓  1178 [desktop] › visual/visual.spec.ts:41:7 › atoms-progressbar--playground (589ms)
  ✓  1179 [desktop] › visual/visual.spec.ts:41:7 › atoms-progressbar--segments (638ms)
  ✓  1180 [desktop] › visual/visual.spec.ts:41:7 › atoms-progressbar--continuous (580ms)
  ✓  1181 [desktop] › visual/visual.spec.ts:41:7 › atoms-progressbar--color-success (598ms)
  ✓  1182 [desktop] › visual/visual.spec.ts:41:7 › atoms-progressbar--inverse (570ms)
  ✓  1183 [desktop] › visual/visual.spec.ts:41:7 › atoms-progressbar--narrow (560ms)
  ✓  1184 [desktop] › visual/visual.spec.ts:41:7 › atoms-progressbar--sizes (576ms)
  ✓  1185 [desktop] › visual/visual.spec.ts:41:7 › atoms-progressbar--on-surfaces-story (620ms)
  ✓  1186 [desktop] › visual/visual.spec.ts:41:7 › atoms-progressbar--sx (636ms)
  ✓  1187 [desktop] › visual/visual.spec.ts:41:7 › atoms-radio--playground (656ms)
  ✓  1188 [desktop] › visual/visual.spec.ts:41:7 › atoms-radio--interaction (635ms)
  ✓  1189 [desktop] › visual/visual.spec.ts:41:7 › atoms-radio--group (641ms)
  ✓  1190 [desktop] › visual/visual.spec.ts:41:7 › atoms-radio--no-price (726ms)
  ✓  1191 [desktop] › visual/visual.spec.ts:41:7 › atoms-radio--disabled (698ms)
  ✓  1192 [desktop] › visual/visual.spec.ts:41:7 › atoms-radio--group-error (716ms)
  ✓  1193 [desktop] › visual/visual.spec.ts:41:7 › atoms-radio--invalid-checked (709ms)
  ✓  1194 [desktop] › visual/visual.spec.ts:41:7 › atoms-radio--horizontal (679ms)
  ✓  1195 [desktop] › visual/visual.spec.ts:41:7 › atoms-radio--states (664ms)
  ✓  1196 [desktop] › visual/visual.spec.ts:41:7 › atoms-radio--portion-picker (631ms)
  ✓  1197 [desktop] › visual/visual.spec.ts:41:7 › atoms-radio--on-surfaces-story (669ms)
  ✓  1198 [desktop] › visual/visual.spec.ts:41:7 › atoms-rating--playground (664ms)
  ✓  1199 [desktop] › visual/visual.spec.ts:41:7 › atoms-rating--values (659ms)
  ✓  1200 [desktop] › visual/visual.spec.ts:41:7 › atoms-rating--symbol (723ms)
  ✓  1201 [desktop] › visual/visual.spec.ts:41:7 › atoms-rating--count (717ms)
  ✓  1202 [desktop] › visual/visual.spec.ts:41:7 › atoms-rating--sizes (703ms)
  ✓  1203 [desktop] › visual/visual.spec.ts:41:7 › atoms-rating--partial-fill (693ms)
  ✓  1204 [desktop] › visual/visual.spec.ts:41:7 › atoms-rating--on-an-outlet-card (648ms)
  ✓  1205 [desktop] › visual/visual.spec.ts:41:7 › atoms-rating--on-surfaces-story (577ms)
  ✓  1206 [desktop] › visual/visual.spec.ts:41:7 › atoms-select--playground (616ms)
  ✓  1207 [desktop] › visual/visual.spec.ts:41:7 › atoms-select--rest (614ms)
  ✓  1208 [desktop] › visual/visual.spec.ts:41:7 › atoms-select--placeholder-and-icon (648ms)
  ✓  1209 [desktop] › visual/visual.spec.ts:41:7 › atoms-select--status-error (678ms)
  ✓  1210 [desktop] › visual/visual.spec.ts:41:7 › atoms-select--status-success (607ms)
  ✓  1211 [desktop] › visual/visual.spec.ts:41:7 › atoms-select--status-warning (637ms)
  ✓  1212 [desktop] › visual/visual.spec.ts:41:7 › atoms-select--read-only-and-disabled (662ms)
  ✓  1213 [desktop] › visual/visual.spec.ts:41:7 › atoms-select--sizes (667ms)
  ✓  1214 [desktop] › visual/visual.spec.ts:41:7 › atoms-select--long-label-at-360 (712ms)
  ✓  1215 [desktop] › visual/visual.spec.ts:41:7 › atoms-select--two-up-at-360 (751ms)
  ✓  1216 [desktop] › visual/visual.spec.ts:41:7 › atoms-select--on-surfaces-story (691ms)
  ✓  1217 [desktop] › visual/visual.spec.ts:41:7 › atoms-select--content-sized-parent (687ms)
  ✓  1218 [desktop] › visual/visual.spec.ts:41:7 › atoms-select--open-list (683ms)
  ✓  1219 [desktop] › visual/visual.spec.ts:41:7 › atoms-select--keyboard (755ms)
  ✓  1220 [desktop] › visual/visual.spec.ts:41:7 › atoms-select--long-list (716ms)
  ✓  1221 [desktop] › visual/visual.spec.ts:41:7 › atoms-select--in-dialog (695ms)
  ✓  1222 [desktop] › visual/visual.spec.ts:41:7 › atoms-select--in-app-shell (679ms)
  ✓  1223 [desktop] › visual/visual.spec.ts:41:7 › atoms-select--sheet-360 (641ms)
  ✓  1224 [desktop] › visual/visual.spec.ts:41:7 › atoms-skeleton--playground (574ms)
  ✓  1225 [desktop] › visual/visual.spec.ts:41:7 › atoms-skeleton--block (593ms)
  ✓  1226 [desktop] › visual/visual.spec.ts:41:7 › atoms-skeleton--lines (592ms)
  ✓  1227 [desktop] › visual/visual.spec.ts:41:7 › atoms-skeleton--circle (538ms)
  ✓  1228 [desktop] › visual/visual.spec.ts:41:7 › atoms-skeleton--card-shape (549ms)
  ✓  1229 [desktop] › visual/visual.spec.ts:41:7 › atoms-slider--playground (610ms)
  ✓  1230 [desktop] › visual/visual.spec.ts:41:7 › atoms-slider--dawat-guests (628ms)
  ✓  1231 [desktop] › visual/visual.spec.ts:41:7 › atoms-slider--office-meals-on-ink (653ms)
  ✓  1232 [desktop] › visual/visual.spec.ts:41:7 › atoms-slider--disabled (589ms)
  ✓  1233 [desktop] › visual/visual.spec.ts:41:7 › atoms-socialheadline--playground (592ms)
  ✓  1234 [desktop] › visual/visual.spec.ts:41:7 › atoms-socialheadline--overline (616ms)
  ✓  1235 [desktop] › visual/visual.spec.ts:41:7 › atoms-socialheadline--hero (628ms)
  ✓  1236 [desktop] › visual/visual.spec.ts:41:7 › atoms-socialheadline--h-1-h-2 (790ms)
  ✓  1237 [desktop] › visual/visual.spec.ts:41:7 › atoms-socialheadline--body-caption (776ms)
  ✓  1238 [desktop] › visual/visual.spec.ts:41:7 › atoms-socialheadline--alignment (802ms)
  ✓  1239 [desktop] › visual/visual.spec.ts:41:7 › atoms-socialheadline--on-a-canvas (666ms)
  ✓  1240 [desktop] › visual/visual.spec.ts:41:7 › atoms-socialheadline--on-surfaces-story (642ms)
  ✓  1241 [desktop] › visual/visual.spec.ts:41:7 › atoms-socialheadline--sx (573ms)
  ✓  1242 [desktop] › visual/visual.spec.ts:41:7 › atoms-spicelevel--playground (603ms)
  ✓  1243 [desktop] › visual/visual.spec.ts:41:7 › atoms-spicelevel--levels (603ms)
  ✓  1244 [desktop] › visual/visual.spec.ts:41:7 › atoms-spicelevel--with-label (559ms)
  ✓  1245 [desktop] › visual/visual.spec.ts:41:7 › atoms-spicelevel--sizes (575ms)
  ✓  1246 [desktop] › visual/visual.spec.ts:41:7 › atoms-spicelevel--in-context (579ms)
  ✓  1247 [desktop] › visual/visual.spec.ts:41:7 › atoms-spicelevel--on-surfaces-story (610ms)
  ✓  1248 [desktop] › visual/visual.spec.ts:41:7 › atoms-spinner--playground (575ms)
  ✓  1249 [desktop] › visual/visual.spec.ts:41:7 › atoms-spinner--sizes (585ms)
  ✓  1250 [desktop] › visual/visual.spec.ts:41:7 › atoms-spinner--colors (553ms)
  ✓  1251 [desktop] › visual/visual.spec.ts:41:7 › atoms-spinner--inverse (596ms)
  ✓  1252 [desktop] › visual/visual.spec.ts:41:7 › atoms-spinner--sx (615ms)
  ✓  1253 [desktop] › visual/visual.spec.ts:41:7 › atoms-statusdot--playground (668ms)
  ✓  1254 [desktop] › visual/visual.spec.ts:41:7 › atoms-statusdot--statuses (649ms)
  ✓  1255 [desktop] › visual/visual.spec.ts:41:7 › atoms-statusdot--sizes (667ms)
  ✓  1256 [desktop] › visual/visual.spec.ts:41:7 › atoms-statusdot--pulse (607ms)
  ✓  1257 [desktop] › visual/visual.spec.ts:41:7 › atoms-statusdot--bare (574ms)
  ✓  1258 [desktop] › visual/visual.spec.ts:41:7 › atoms-statusdot--outlet-strip (606ms)
  ✓  1259 [desktop] › visual/visual.spec.ts:41:7 › atoms-statusdot--sx (619ms)
  ✓  1260 [desktop] › visual/visual.spec.ts:41:7 › atoms-switch--playground (739ms)
  ✓  1261 [desktop] › visual/visual.spec.ts:41:7 › atoms-switch--interaction (656ms)
  ✓  1262 [desktop] › visual/visual.spec.ts:41:7 › atoms-switch--on-and-off (637ms)
  ✓  1263 [desktop] › visual/visual.spec.ts:41:7 › atoms-switch--description (639ms)
  ✓  1264 [desktop] › visual/visual.spec.ts:41:7 › atoms-switch--disabled (724ms)
  ✓  1265 [desktop] › visual/visual.spec.ts:41:7 › atoms-switch--label-hidden (599ms)
  ✓  1266 [desktop] › visual/visual.spec.ts:41:7 › atoms-switch--preferences-panel (664ms)
  ✓  1267 [desktop] › visual/visual.spec.ts:41:7 › atoms-switch--on-surfaces-story (699ms)
  ✓  1268 [desktop] › visual/visual.spec.ts:41:7 › atoms-tag--playground (656ms)
  ✓  1269 [desktop] › visual/visual.spec.ts:41:7 › atoms-tag--states (626ms)
  ✓  1270 [desktop] › visual/visual.spec.ts:41:7 › atoms-tag--selectable (652ms)
  ✓  1271 [desktop] › visual/visual.spec.ts:41:7 › atoms-tag--with-icon (665ms)
  ✓  1272 [desktop] › visual/visual.spec.ts:41:7 › atoms-tag--disabled (626ms)
  ✓  1273 [desktop] › visual/visual.spec.ts:41:7 › atoms-tag--category-filter-rail (668ms)
  ✓  1274 [desktop] › visual/visual.spec.ts:41:7 › atoms-tag--colors (604ms)
  ✓  1275 [desktop] › visual/visual.spec.ts:41:7 › atoms-tag--on-surfaces-story (663ms)
  ✓  1276 [desktop] › visual/visual.spec.ts:41:7 › atoms-tag--long-label (618ms)
  ✓  1277 [desktop] › visual/visual.spec.ts:41:7 › atoms-textbutton--playground (644ms)
  ✓  1278 [desktop] › visual/visual.spec.ts:41:7 › atoms-textbutton--states (633ms)
  ✓  1279 [desktop] › visual/visual.spec.ts:41:7 › atoms-textbutton--colors (656ms)
  ✓  1280 [desktop] › visual/visual.spec.ts:41:7 › atoms-textbutton--caps (663ms)
  ✓  1281 [desktop] › visual/visual.spec.ts:41:7 › atoms-textbutton--with-icons (680ms)
  ✓  1282 [desktop] › visual/visual.spec.ts:41:7 › atoms-textbutton--on-surfaces-story (621ms)
  ✓  1283 [desktop] › visual/visual.spec.ts:41:7 › atoms-togglebutton--playground (614ms)
  ✓  1284 [desktop] › visual/visual.spec.ts:41:7 › atoms-togglebutton--standalone (617ms)
  ✓  1285 [desktop] › visual/visual.spec.ts:41:7 › atoms-togglebutton--sizes (571ms)
  ✓  1286 [desktop] › visual/visual.spec.ts:41:7 › atoms-togglebutton--colors (586ms)
  ✓  1287 [desktop] › visual/visual.spec.ts:41:7 › atoms-togglebutton--icon-only (607ms)
  ✓  1288 [desktop] › visual/visual.spec.ts:41:7 › atoms-togglebutton--disabled (613ms)
  ✓  1289 [desktop] › visual/visual.spec.ts:41:7 › atoms-tooltip--playground (653ms)
  ✓  1290 [desktop] › visual/visual.spec.ts:41:7 › atoms-tooltip--sides (687ms)
  ✓  1291 [desktop] › visual/visual.spec.ts:41:7 › atoms-tooltip--long-hint (586ms)
  ✓  1292 [desktop] › visual/visual.spec.ts:41:7 › atoms-tooltip--on-a-button (609ms)
  ✓  1293 [desktop] › visual/visual.spec.ts:41:7 › atoms-typography--playground (631ms)
  ✓  1294 [desktop] › visual/visual.spec.ts:41:7 › atoms-typography--display-1 (594ms)
  ✓  1295 [desktop] › visual/visual.spec.ts:41:7 › atoms-typography--display-2 (595ms)
  ✓  1296 [desktop] › visual/visual.spec.ts:41:7 › atoms-typography--headings (581ms)
  ✓  1297 [desktop] › visual/visual.spec.ts:41:7 › atoms-typography--body (576ms)
  ✓  1298 [desktop] › visual/visual.spec.ts:41:7 › atoms-typography--caption-overline-mono (567ms)
  ✓  1299 [desktop] › visual/visual.spec.ts:41:7 › atoms-typography--colors (575ms)
  ✓  1300 [desktop] › visual/visual.spec.ts:41:7 › atoms-typography--no-wrap (609ms)
  ✓  1301 [desktop] › visual/visual.spec.ts:41:7 › atoms-typography--link-variants (624ms)
  ✓  1302 [desktop] › visual/visual.spec.ts:41:7 › atoms-typography--line-clamp (661ms)
  ✓  1303 [desktop] › visual/visual.spec.ts:41:7 › atoms-typography--measure (583ms)
  ✓  1304 [desktop] › visual/visual.spec.ts:41:7 › atoms-typography--fluid (600ms)
  ✓  1305 [desktop] › visual/visual.spec.ts:41:7 › atoms-typography--on-surfaces-story (581ms)
  ✓  1306 [desktop] › visual/visual.spec.ts:41:7 › brand-logo--playground (613ms)
  ✓  1307 [desktop] › visual/visual.spec.ts:41:7 › brand-logo--variants (639ms)
  ✓  1308 [desktop] › visual/visual.spec.ts:41:7 › brand-logo--colors (672ms)
  ✓  1309 [desktop] › visual/visual.spec.ts:41:7 › brand-logo--clear-space (616ms)
  ✓  1310 [desktop] › visual/visual.spec.ts:41:7 › brand-logo--header-height (655ms)
  ✓  1311 [desktop] › visual/visual.spec.ts:41:7 › brand-logo--sx (656ms)
  ✓  1312 [desktop] › visual/visual.spec.ts:41:7 › brand-specimens--lockup (745ms)
  ✓  1313 [desktop] › visual/visual.spec.ts:41:7 › brand-specimens--wordmark (693ms)
  ✓  1314 [desktop] › visual/visual.spec.ts:41:7 › brand-specimens--logo-tokens (788ms)
  ✓  1315 [desktop] › visual/visual.spec.ts:41:7 › brand-specimens--clear-space (711ms)
  ✓  1316 [desktop] › visual/visual.spec.ts:41:7 › brand-specimens--symbol-mark (720ms)
  ✓  1317 [desktop] › visual/visual.spec.ts:41:7 › brand-specimens--mark-legibility (639ms)
  ✓  1318 [desktop] › visual/visual.spec.ts:41:7 › brand-specimens--pattern-fields (686ms)
  ✓  1319 [desktop] › visual/visual.spec.ts:41:7 › brand-specimens--pattern-tokens (736ms)
  ✓  1320 [desktop] › visual/visual.spec.ts:41:7 › brand-specimens--diamond-motif (675ms)
  ✓  1321 [desktop] › visual/visual.spec.ts:41:7 › brand-specimens--company-facts (850ms)
  ✓  1323 [desktop] › visual/visual.spec.ts:41:7 › brand-specimens--icon-sizes (685ms)
  ✓  1322 [desktop] › visual/visual.spec.ts:41:7 › brand-specimens--company-facts-xl (860ms)
  ✓  1324 [desktop] › visual/visual.spec.ts:41:7 › brand-specimens--brand-glyphs (693ms)
  ✓  1325 [desktop] › visual/visual.spec.ts:41:7 › brand-specimens--diet-and-heat (717ms)
  ✓  1327 [desktop] › visual/visual.spec.ts:41:7 › colors-specimens--ink-ramp (784ms)
  ✓  1326 [desktop] › visual/visual.spec.ts:41:7 › colors-specimens--pink-ramp (903ms)
  ✓  1328 [desktop] › visual/visual.spec.ts:41:7 › colors-specimens--accents (821ms)
  ✓  1329 [desktop] › visual/visual.spec.ts:41:7 › colors-specimens--text-companions (765ms)
  ✓  1330 [desktop] › visual/visual.spec.ts:41:7 › colors-specimens--heat-scale (806ms)
  ✓  1331 [desktop] › visual/visual.spec.ts:41:7 › colors-specimens--semantic-panels (693ms)
  ✓  1333 [desktop] › visual/visual.spec.ts:41:7 › colors-specimens--four-grounds (753ms)
  ✓  1334 [desktop] › visual/visual.spec.ts:41:7 › colors-specimens--light-island (719ms)
  ✓  1332 [desktop] › visual/visual.spec.ts:41:7 › colors-specimens--semantic-tokens (1.4s)
  ✓  1336 [desktop] › visual/visual.spec.ts:41:7 › colors-specimens--status-swatches (777ms)
  ✓  1337 [desktop] › visual/visual.spec.ts:41:7 › colors-specimens--status-alerts (736ms)
  ✓  1339 [desktop] › visual/visual.spec.ts:41:7 › layout-specimens--breakpoints (717ms)
  ✓  1340 [desktop] › visual/visual.spec.ts:41:7 › layout-specimens--auto-grid-cards (750ms)
  ✓  1341 [desktop] › visual/visual.spec.ts:41:7 › layout-specimens--auto-grid-tokens (761ms)
  ✓  1342 [desktop] › visual/visual.spec.ts:41:7 › layout-specimens--radii (662ms)
  ✓  1343 [desktop] › visual/visual.spec.ts:41:7 › layout-specimens--borders (715ms)
  ✓  1338 [desktop] › visual/visual.spec.ts:41:7 › colors-specimens--contrast (2.1s)
  ✓  1344 [desktop] › visual/visual.spec.ts:41:7 › layout-specimens--border-tokens (841ms)
  ✓  1345 [desktop] › visual/visual.spec.ts:41:7 › layout-specimens--border-widths (661ms)
  ✓  1346 [desktop] › visual/visual.spec.ts:41:7 › layout-specimens--depth-ladder (643ms)
  ✓  1347 [desktop] › visual/visual.spec.ts:41:7 › layout-specimens--stacking (675ms)
  ✓  1348 [desktop] › visual/visual.spec.ts:41:7 › layout-specimens--card-anatomy (676ms)
  ✓  1349 [desktop] › visual/visual.spec.ts:41:7 › layout-specimens--utility-classes (702ms)
  ✓  1350 [desktop] › visual/visual.spec.ts:41:7 › layouts-appshell--playground (677ms)
  ✓  1351 [desktop] › visual/visual.spec.ts:41:7 › layouts-appshell--with-tab-bar (709ms)
  ✓  1352 [desktop] › visual/visual.spec.ts:41:7 › layouts-appshell--with-overlay-sheet (720ms)
  ✓  1335 [desktop] › visual/visual.spec.ts:41:7 › colors-specimens--surface-overrides (4.5s)
  ✓  1353 [desktop] › visual/visual.spec.ts:41:7 › layouts-appshell--status-tones (751ms)
  ✓  1354 [desktop] › visual/visual.spec.ts:41:7 › layouts-appshell--phone-sm (741ms)
  ✓  1356 [desktop] › visual/visual.spec.ts:41:7 › layouts-autogrid--playground (620ms)
  ✓  1355 [desktop] › visual/visual.spec.ts:41:7 › layouts-appshell--sizes (809ms)
  ✓  1357 [desktop] › visual/visual.spec.ts:41:7 › layouts-autogrid--min-card (658ms)
  ✓  1358 [desktop] › visual/visual.spec.ts:41:7 › layouts-autogrid--min-md (630ms)
  ✓  1359 [desktop] › visual/visual.spec.ts:41:7 › layouts-autogrid--min-xs (577ms)
  ✓  1360 [desktop] › visual/visual.spec.ts:41:7 › layouts-autogrid--columns-3 (611ms)
  ✓  1361 [desktop] › visual/visual.spec.ts:41:7 › layouts-autogrid--mins (659ms)
  ✓  1362 [desktop] › visual/visual.spec.ts:41:7 › layouts-autogrid--spacing (579ms)
  ✓  1363 [desktop] › visual/visual.spec.ts:41:7 › layouts-autogrid--columns-at-360 (616ms)
  ✓  1364 [desktop] › visual/visual.spec.ts:41:7 › layouts-autogrid--columns-at-768 (626ms)
  ✓  1365 [desktop] › visual/visual.spec.ts:41:7 › layouts-autogrid--columns-at-1280 (617ms)
  ✓  1366 [desktop] › visual/visual.spec.ts:41:7 › layouts-autogrid--long-word-holds-tracks (671ms)
  ✓  1367 [desktop] › visual/visual.spec.ts:41:7 › layouts-autogrid--narrower-than-min-at-360 (688ms)
  ✓  1368 [desktop] › visual/visual.spec.ts:41:7 › layouts-box--playground (594ms)
  ✓  1369 [desktop] › visual/visual.spec.ts:41:7 › layouts-box--surfaces (636ms)
  ✓  1370 [desktop] › visual/visual.spec.ts:41:7 › layouts-box--as-element (617ms)
  ✓  1371 [desktop] › visual/visual.spec.ts:41:7 › layouts-box--responsive (607ms)
  ✓  1372 [desktop] › visual/visual.spec.ts:41:7 › layouts-cluster--playground (659ms)
  ✓  1373 [desktop] › visual/visual.spec.ts:41:7 › layouts-cluster--wrap (645ms)
  ✓  1374 [desktop] › visual/visual.spec.ts:41:7 › layouts-cluster--justify-between (624ms)
  ✓  1375 [desktop] › visual/visual.spec.ts:41:7 › layouts-cluster--scroll (592ms)
  ✓  1376 [desktop] › visual/visual.spec.ts:41:7 › layouts-cluster--wrap-at-360 (621ms)
  ✓  1377 [desktop] › visual/visual.spec.ts:41:7 › layouts-cluster--justify (544ms)
  ✓  1378 [desktop] › visual/visual.spec.ts:41:7 › layouts-cluster--spacing (564ms)
  ✓  1379 [desktop] › visual/visual.spec.ts:41:7 › layouts-cluster--baseline-meta-row (588ms)
  ✓  1380 [desktop] › visual/visual.spec.ts:41:7 › layouts-cluster--scrollable-rail-at-360 (582ms)
  ✓  1381 [desktop] › visual/visual.spec.ts:41:7 › layouts-container--playground (591ms)
  ✓  1382 [desktop] › visual/visual.spec.ts:41:7 › layouts-container--sizes (573ms)
  ✓  1383 [desktop] › visual/visual.spec.ts:41:7 › layouts-container--gutter (627ms)
  ✓  1384 [desktop] › visual/visual.spec.ts:41:7 › layouts-container--at-the-floor (580ms)
  ✓  1385 [desktop] › visual/visual.spec.ts:41:7 › layouts-container--at-desktop (547ms)
  ✓  1386 [desktop] › visual/visual.spec.ts:41:7 › layouts-container--in-context (784ms)
  ✓  1387 [desktop] › visual/visual.spec.ts:41:7 › layouts-grid--playground (725ms)
  ✓  1388 [desktop] › visual/visual.spec.ts:41:7 › layouts-grid--twelve-column (765ms)
  ✓  1389 [desktop] › visual/visual.spec.ts:41:7 › layouts-grid--responsive (765ms)
  ✓  1390 [desktop] › visual/visual.spec.ts:41:7 › layouts-grid--asymmetric (806ms)
  ✓  1391 [desktop] › visual/visual.spec.ts:41:7 › layouts-grid--offset (587ms)
  ✓  1392 [desktop] › visual/visual.spec.ts:41:7 › layouts-grid--nested (614ms)
  ✓  1393 [desktop] › visual/visual.spec.ts:41:7 › layouts-grid--at-360 (605ms)
  ✓  1394 [desktop] › visual/visual.spec.ts:41:7 › layouts-postframe--playground (664ms)
  ✓  1395 [desktop] › visual/visual.spec.ts:41:7 › layouts-postframe--post (673ms)
  ✓  1396 [desktop] › visual/visual.spec.ts:41:7 › layouts-postframe--portrait (595ms)
  ✓  1397 [desktop] › visual/visual.spec.ts:41:7 › layouts-postframe--story-with-safe-area (577ms)
  ✓  1398 [desktop] › visual/visual.spec.ts:41:7 › layouts-postframe--landscape (612ms)
  ✓  1399 [desktop] › visual/visual.spec.ts:41:7 › layouts-postframe--wide (604ms)
  ✓  1400 [desktop] › visual/visual.spec.ts:41:7 › layouts-postframe--safe-area-guides (657ms)
  ✓  1401 [desktop] › visual/visual.spec.ts:41:7 › layouts-postframe--padding (635ms)
  ✓  1402 [desktop] › visual/visual.spec.ts:41:7 › layouts-postframe--alt-board (692ms)
  ✓  1403 [desktop] › visual/visual.spec.ts:41:7 › layouts-postframe--leaderboard (645ms)
  ✓  1404 [desktop] › visual/visual.spec.ts:41:7 › layouts-postframe--mpu (638ms)
  ✓  1405 [desktop] › visual/visual.spec.ts:41:7 › layouts-postframe--all-formats (605ms)
  ✓  1406 [desktop] › visual/visual.spec.ts:41:7 › layouts-postframe--fit-to-parent (646ms)
  ✓  1407 [desktop] › visual/visual.spec.ts:41:7 › layouts-postframe--fits-its-parent-at-360 (654ms)
  ✓  1408 [desktop] › visual/visual.spec.ts:41:7 › layouts-section--playground (628ms)
  ✓  1409 [desktop] › visual/visual.spec.ts:41:7 › layouts-section--surfaces (674ms)
  ✓  1410 [desktop] › visual/visual.spec.ts:41:7 › layouts-section--surfaces-at-360 (637ms)
  ✓  1411 [desktop] › visual/visual.spec.ts:41:7 › layouts-section--rhythm (603ms)
  ✓  1412 [desktop] › visual/visual.spec.ts:41:7 › layouts-section--patterns (632ms)
  ✓  1413 [desktop] › visual/visual.spec.ts:41:7 › layouts-section--widths (629ms)
  ✓  1414 [desktop] › visual/visual.spec.ts:41:7 › layouts-section--in-context (597ms)
  ✓  1415 [desktop] › visual/visual.spec.ts:41:7 › layouts-section--nested-surfaces (589ms)
  ✓  1416 [desktop] › visual/visual.spec.ts:41:7 › layouts-stack--playground (621ms)
  ✓  1417 [desktop] › visual/visual.spec.ts:41:7 › layouts-stack--space-2 (574ms)
  ✓  1418 [desktop] › visual/visual.spec.ts:41:7 › layouts-stack--space-6 (569ms)
  ✓  1419 [desktop] › visual/visual.spec.ts:41:7 › layouts-stack--divided (576ms)
  ✓  1420 [desktop] › visual/visual.spec.ts:41:7 › layouts-stack--steps (581ms)
  ✓  1421 [desktop] › visual/visual.spec.ts:41:7 › layouts-stack--align (589ms)
  ✓  1422 [desktop] › visual/visual.spec.ts:41:7 › layouts-stack--divided-list (569ms)
  ✓  1423 [desktop] › visual/visual.spec.ts:41:7 › layouts-stack--divided-on-surfaces (591ms)
  ✓  1424 [desktop] › visual/visual.spec.ts:41:7 › layouts-stack--long-word-at-360 (651ms)
  ✓  1425 [desktop] › visual/visual.spec.ts:41:7 › layouts-stack--with-sx (617ms)
  ✓  1426 [desktop] › visual/visual.spec.ts:41:7 › marketing-social-ads--offer (700ms)
  ✓  1427 [desktop] › visual/visual.spec.ts:41:7 › marketing-social-ads--dish-launch (683ms)
  ✓  1428 [desktop] › visual/visual.spec.ts:41:7 › marketing-social-ads--statement (737ms)
  ✓  1429 [desktop] › visual/visual.spec.ts:41:7 › marketing-social-ads--carousel (729ms)
  ✓  1430 [desktop] › visual/visual.spec.ts:41:7 › marketing-social-ads--feed-360 (864ms)
  ✓  1431 [desktop] › visual/visual.spec.ts:41:7 › marketing-social-ads-ads-boards--offer-story-board (680ms)
  ✓  1432 [desktop] › visual/visual.spec.ts:41:7 › marketing-social-ads-ads-boards--dish-story-board (727ms)
  ✓  1433 [desktop] › visual/visual.spec.ts:41:7 › marketing-social-ads-ads-boards--link-banner-board (722ms)
  ✓  1434 [desktop] › visual/visual.spec.ts:41:7 › marketing-social-ads-ads-boards--leaderboard-board (752ms)
  ✓  1435 [desktop] › visual/visual.spec.ts:41:7 › marketing-social-ads-ads-boards--mpu-board (700ms)
  ✓  1437 [desktop] › visual/visual.spec.ts:41:7 › marketing-specimens--canvas-formats (729ms)
  ✓  1436 [desktop] › visual/visual.spec.ts:41:7 › marketing-social-ads-ads-boards--ads-360 (924ms)
  ✓  1438 [desktop] › visual/visual.spec.ts:41:7 › marketing-specimens--canvas-tokens (854ms)
  ✓  1439 [desktop] › visual/visual.spec.ts:41:7 › marketing-specimens--canvas-type (724ms)
  ✓  1440 [desktop] › visual/visual.spec.ts:41:7 › marketing-specimens--canvas-type-tokens (692ms)
  ✓  1442 [desktop] › visual/visual.spec.ts:41:7 › molecules-accordion--playground (751ms)
  ✓  1443 [desktop] › visual/visual.spec.ts:41:7 › molecules-accordion--multiple (658ms)
  ✓  1444 [desktop] › visual/visual.spec.ts:41:7 › molecules-accordion--as-headings (698ms)
  ✓  1445 [desktop] › visual/visual.spec.ts:41:7 › molecules-accordion--surfaces (702ms)
  ✓  1446 [desktop] › visual/visual.spec.ts:41:7 › molecules-accordion--narrow (633ms)
  ✓  1447 [desktop] › visual/visual.spec.ts:41:7 › molecules-actionmenu--playground (578ms)
  ✓  1448 [desktop] › visual/visual.spec.ts:41:7 › molecules-actionmenu--variants (614ms)
  ✓  1449 [desktop] › visual/visual.spec.ts:41:7 › molecules-actionmenu--on-brand (598ms)
  ✓  1441 [desktop] › visual/visual.spec.ts:41:7 › molecules-field-react-hook-form-zod--keyboard-only (1.9s)
  ✓  1450 [desktop] › visual/visual.spec.ts:41:7 › molecules-actionmenu--open-in-row (628ms)
  ✓  1451 [desktop] › visual/visual.spec.ts:41:7 › molecules-actionmenu--three-dot-menu (671ms)
  ✓  1452 [desktop] › visual/visual.spec.ts:41:7 › molecules-alert--playground (617ms)
  ✓  1453 [desktop] › visual/visual.spec.ts:41:7 › molecules-alert--info-and-success (607ms)
  ✓  1454 [desktop] › visual/visual.spec.ts:41:7 › molecules-alert--warning-and-danger (619ms)
  ✓  1455 [desktop] › visual/visual.spec.ts:41:7 › molecules-alert--brand-with-action (592ms)
  ✓  1457 [desktop] › visual/visual.spec.ts:41:7 › molecules-alert--nudge (640ms)
  ✓  1458 [desktop] › visual/visual.spec.ts:41:7 › molecules-alert--neutral (616ms)
  ✓  1459 [desktop] › visual/visual.spec.ts:41:7 › molecules-alert--narrow (609ms)
  ✓  1460 [desktop] › visual/visual.spec.ts:41:7 › molecules-alert--on-surfaces-story (624ms)
  ✓  1461 [desktop] › visual/visual.spec.ts:41:7 › molecules-announcementbar--playground (587ms)
  ✓  1462 [desktop] › visual/visual.spec.ts:41:7 › molecules-announcementbar--launch-price (620ms)
  ✓  1463 [desktop] › visual/visual.spec.ts:41:7 › molecules-announcementbar--without-countdown (612ms)
  ✓  1456 [desktop] › visual/visual.spec.ts:41:7 › molecules-alert--dismissible (1.6s)
  ✓  1464 [desktop] › visual/visual.spec.ts:41:7 › molecules-announcementbar--expired (577ms)
  ✓  1465 [desktop] › visual/visual.spec.ts:41:7 › molecules-breadcrumb--playground (601ms)
  ✓  1466 [desktop] › visual/visual.spec.ts:41:7 › molecules-breadcrumb--two-levels (592ms)
  ✓  1467 [desktop] › visual/visual.spec.ts:41:7 › molecules-breadcrumb--long (614ms)
  ✓  1468 [desktop] › visual/visual.spec.ts:41:7 › molecules-breadcrumb--unlinked-level (708ms)
  ✓  1469 [desktop] › visual/visual.spec.ts:41:7 › molecules-breadcrumb--on-surfaces-story (808ms)
  ✓  1470 [desktop] › visual/visual.spec.ts:41:7 › molecules-checkcard--playground (666ms)
  ✓  1471 [desktop] › visual/visual.spec.ts:41:7 › molecules-checkcard--upfront (601ms)
  ✓  1472 [desktop] › visual/visual.spec.ts:41:7 › molecules-checkcard--no-onion-garlic (642ms)
  ✓  1473 [desktop] › visual/visual.spec.ts:41:7 › molecules-checkcard--invalid (600ms)
  ✓  1474 [desktop] › visual/visual.spec.ts:41:7 › molecules-checkcard--invalid-checked (637ms)
  ✓  1475 [desktop] › visual/visual.spec.ts:41:7 › molecules-checkcard--disabled (622ms)
  ✓  1476 [desktop] › visual/visual.spec.ts:41:7 › molecules-checkcard--disabled-checked (772ms)
  ✓  1477 [desktop] › visual/visual.spec.ts:41:7 › molecules-chipgroup--playground (622ms)
  ✓  1478 [desktop] › visual/visual.spec.ts:41:7 › molecules-chipgroup--which-meals (713ms)
  ✓  1479 [desktop] › visual/visual.spec.ts:41:7 › molecules-chipgroup--make-it-yours (693ms)
  ✓  1480 [desktop] › visual/visual.spec.ts:41:7 › molecules-chipgroup--standing-add-ons (748ms)
  ✓  1482 [desktop] › visual/visual.spec.ts:41:7 › molecules-chipgroup--segmented (611ms)
  ✓  1481 [desktop] › visual/visual.spec.ts:41:7 › molecules-chipgroup--starter-picks (683ms)
  ✓  1483 [desktop] › visual/visual.spec.ts:41:7 › molecules-chipgroup--with-error (592ms)
  ✓  1484 [desktop] › visual/visual.spec.ts:41:7 › molecules-chipgroup--on-ink (627ms)
  ✓  1485 [desktop] › visual/visual.spec.ts:41:7 › molecules-chipgroup--on-surfaces-story (645ms)
  ✓  1486 [desktop] › visual/visual.spec.ts:41:7 › molecules-chipgroup--on-surfaces-at-360 (637ms)
  ✓  1487 [desktop] › visual/visual.spec.ts:41:7 › molecules-choicecardgroup--playground (646ms)
  ✓  1488 [desktop] › visual/visual.spec.ts:41:7 › molecules-choicecardgroup--plates (664ms)
  ✓  1489 [desktop] › visual/visual.spec.ts:41:7 › molecules-choicecardgroup--with-error (617ms)
  ✓  1490 [desktop] › visual/visual.spec.ts:41:7 › molecules-choicecardgroup--plan-lengths (627ms)
  ✓  1491 [desktop] › visual/visual.spec.ts:41:7 › molecules-choicecardgroup--long-badge-in-narrow-tile (599ms)
  ✓  1492 [desktop] › visual/visual.spec.ts:41:7 › molecules-choicecardgroup--dawats (678ms)
  ✓  1493 [desktop] › visual/visual.spec.ts:41:7 › molecules-choicecardgroup--platters (629ms)
  ✓  1494 [desktop] › visual/visual.spec.ts:41:7 › molecules-choicecardgroup--service (629ms)
  ✓  1495 [desktop] › visual/visual.spec.ts:41:7 › molecules-choicecardgroup--service-at-360 (664ms)
  ✓  1496 [desktop] › visual/visual.spec.ts:41:7 › molecules-choicecardgroup--trial-on-brand (667ms)
  ✓  1497 [desktop] › visual/visual.spec.ts:41:7 › molecules-choicecardgroup--decide-list (706ms)
  ✓  1498 [desktop] › visual/visual.spec.ts:41:7 › molecules-combobox--playground (665ms)
  ✓  1499 [desktop] › visual/visual.spec.ts:41:7 › molecules-combobox--with-descriptions (660ms)
  ✓  1500 [desktop] › visual/visual.spec.ts:41:7 › molecules-combobox--loading (615ms)
  ✓  1501 [desktop] › visual/visual.spec.ts:41:7 › molecules-combobox--empty (632ms)
  ✓  1502 [desktop] › visual/visual.spec.ts:41:7 › molecules-combobox--disabled-options (640ms)
  ✓  1503 [desktop] › visual/visual.spec.ts:41:7 › molecules-combobox--clearable (670ms)
  ✓  1504 [desktop] › visual/visual.spec.ts:41:7 › molecules-combobox--disabled (718ms)
  ✓  1505 [desktop] › visual/visual.spec.ts:41:7 › molecules-combobox--in-field-with-error (667ms)
  ✓  1506 [desktop] › visual/visual.spec.ts:41:7 › molecules-combobox--controlled (650ms)
  ✓  1507 [desktop] › visual/visual.spec.ts:41:7 › molecules-combobox--mobile-360 (685ms)
  ✓  1508 [desktop] › visual/visual.spec.ts:41:7 › molecules-combobox--selected (652ms)
  ✓  1509 [desktop] › visual/visual.spec.ts:41:7 › molecules-couponticket--playground (653ms)
  ✓  1510 [desktop] › visual/visual.spec.ts:41:7 › molecules-couponticket--brand (673ms)
  ✓  1511 [desktop] › visual/visual.spec.ts:41:7 › molecules-couponticket--stub-focus-ring (645ms)
  ✓  1512 [desktop] › visual/visual.spec.ts:41:7 › molecules-couponticket--stub-focus-ring-narrow (661ms)
  ✓  1513 [desktop] › visual/visual.spec.ts:41:7 › molecules-couponticket--light (645ms)
  ✓  1514 [desktop] › visual/visual.spec.ts:41:7 › molecules-couponticket--on-pink-artwork (631ms)
  ✓  1515 [desktop] › visual/visual.spec.ts:41:7 › molecules-couponticket--on-tinted-page (608ms)
  ✓  1516 [desktop] › visual/visual.spec.ts:41:7 › molecules-couponticket--long-code (624ms)
  ✓  1517 [desktop] › visual/visual.spec.ts:41:7 › molecules-couponticket--narrow (604ms)
  ✓  1518 [desktop] › visual/visual.spec.ts:41:7 › molecules-datepicker--date-picker-playground (685ms)
  ✓  1519 [desktop] › visual/visual.spec.ts:41:7 › molecules-datepicker--empty (689ms)
  ✓  1521 [desktop] › visual/visual.spec.ts:41:7 › molecules-datepicker--disabled (611ms)
  ✓  1520 [desktop] › visual/visual.spec.ts:41:7 › molecules-datepicker--disabled-days (732ms)
  ✓  1522 [desktop] › visual/visual.spec.ts:41:7 › molecules-datepicker--in-field-with-error (626ms)
  ✓  1523 [desktop] › visual/visual.spec.ts:41:7 › molecules-datepicker--controlled (635ms)
  ✓  1524 [desktop] › visual/visual.spec.ts:41:7 › molecules-datepicker--mobile-360 (715ms)
  ✓  1525 [desktop] › visual/visual.spec.ts:41:7 › molecules-datepicker--calendar-single (703ms)
  ✓  1526 [desktop] › visual/visual.spec.ts:41:7 › molecules-datepicker--calendar-range (737ms)
  ✓  1527 [desktop] › visual/visual.spec.ts:41:7 › molecules-datepicker--calendar-disabled-days (678ms)
  ✓  1528 [desktop] › visual/visual.spec.ts:41:7 › molecules-datepicker--two-months (667ms)
  ✓  1529 [desktop] › visual/visual.spec.ts:41:7 › molecules-emptystate--playground (623ms)
  ✓  1530 [desktop] › visual/visual.spec.ts:41:7 › molecules-emptystate--with-icon (650ms)
  ✓  1531 [desktop] › visual/visual.spec.ts:41:7 › molecules-emptystate--large (635ms)
  ✓  1532 [desktop] › visual/visual.spec.ts:41:7 › molecules-emptystate--in-cart (630ms)
  ✓  1533 [desktop] › visual/visual.spec.ts:41:7 › molecules-emptystate--on-surfaces-story (661ms)
  ✓  1534 [desktop] › visual/visual.spec.ts:41:7 › molecules-featureitem--playground (616ms)
  ✓  1535 [desktop] › visual/visual.spec.ts:41:7 › molecules-featureitem--why-us (636ms)
  ✓  1536 [desktop] › visual/visual.spec.ts:41:7 › molecules-featureitem--office-perks (673ms)
  ✓  1537 [desktop] › visual/visual.spec.ts:41:7 › molecules-featureitem--what-you-get (662ms)
  ✓  1538 [desktop] › visual/visual.spec.ts:41:7 › molecules-featureitem--on-surfaces-story (661ms)
  ✓  1539 [desktop] › visual/visual.spec.ts:41:7 › molecules-field--playground (640ms)
  ✓  1540 [desktop] › visual/visual.spec.ts:41:7 › molecules-field--stack-with-hint (640ms)
  ✓  1541 [desktop] › visual/visual.spec.ts:41:7 › molecules-field--required (660ms)
  ✓  1542 [desktop] › visual/visual.spec.ts:41:7 › molecules-field--with-error (664ms)
  ✓  1543 [desktop] › visual/visual.spec.ts:41:7 › molecules-field--with-success (659ms)
  ✓  1544 [desktop] › visual/visual.spec.ts:41:7 › molecules-field--with-warning (624ms)
  ✓  1545 [desktop] › visual/visual.spec.ts:41:7 › molecules-field--optional (665ms)
  ✓  1546 [desktop] › visual/visual.spec.ts:41:7 › molecules-field--side (666ms)
  ✓  1547 [desktop] › visual/visual.spec.ts:41:7 › molecules-field--control-modes (673ms)
  ✓  1548 [desktop] › visual/visual.spec.ts:41:7 › molecules-filterbar--playground (639ms)
  ✓  1549 [desktop] › visual/visual.spec.ts:41:7 › molecules-filterbar--wrap (650ms)
  ✓  1550 [desktop] › visual/visual.spec.ts:41:7 › molecules-filterbar--scroll (621ms)
  ✓  1551 [desktop] › visual/visual.spec.ts:41:7 › molecules-filterbar--icons (629ms)
  ✓  1552 [desktop] › visual/visual.spec.ts:41:7 › molecules-filterbar--with-trailing (631ms)
  ✓  1553 [desktop] › visual/visual.spec.ts:41:7 › molecules-filterbar--scroll-pinned (617ms)
  ✓  1554 [desktop] › visual/visual.spec.ts:41:7 › molecules-filterbar--on-surfaces-story (628ms)
  ✓  1555 [desktop] › visual/visual.spec.ts:41:7 › molecules-keyvaluelist--playground (602ms)
  ✓  1556 [desktop] › visual/visual.spec.ts:41:7 › molecules-keyvaluelist--your-box (595ms)
  ✓  1557 [desktop] › visual/visual.spec.ts:41:7 › molecules-keyvaluelist--booking-rules (622ms)
  ✓  1558 [desktop] › visual/visual.spec.ts:41:7 › molecules-keyvaluelist--booking-rules-at-360 (586ms)
  ✓  1559 [desktop] › visual/visual.spec.ts:41:7 › molecules-keyvaluelist--customisations (574ms)
  ✓  1560 [desktop] › visual/visual.spec.ts:41:7 › molecules-keyvaluelist--upgrade-prices (562ms)
  ✓  1561 [desktop] › visual/visual.spec.ts:41:7 › molecules-keyvaluelist--quote-lines (593ms)
  ✓  1563 [desktop] › visual/visual.spec.ts:41:7 › molecules-linkcard--playground (625ms)
  ✓  1562 [desktop] › visual/visual.spec.ts:41:7 › molecules-keyvaluelist--on-surfaces-story (805ms)
  ✓  1564 [desktop] › visual/visual.spec.ts:41:7 › molecules-linkcard--home-doors (634ms)
  ✓  1565 [desktop] › visual/visual.spec.ts:41:7 › molecules-linkcard--about-ctas (643ms)
  ✓  1566 [desktop] › visual/visual.spec.ts:41:7 › molecules-linkcard--as-child (642ms)
  ✓  1567 [desktop] › visual/visual.spec.ts:41:7 › molecules-listrow--playground (594ms)
  ✓  1568 [desktop] › visual/visual.spec.ts:41:7 › molecules-listrow--trailing-control (611ms)
  ✓  1569 [desktop] › visual/visual.spec.ts:41:7 › molecules-listrow--with-description (631ms)
  ✓  1570 [desktop] › visual/visual.spec.ts:41:7 › molecules-listrow--trailing-badge (619ms)
  ✓  1571 [desktop] › visual/visual.spec.ts:41:7 › molecules-listrow--danger (611ms)
  ✓  1572 [desktop] › visual/visual.spec.ts:41:7 › molecules-listrow--account-list (598ms)
  ✓  1573 [desktop] › visual/visual.spec.ts:41:7 › molecules-listrow--narrow (606ms)
  ✓  1574 [desktop] › visual/visual.spec.ts:41:7 › molecules-logolockup--playground (588ms)
  ✓  1575 [desktop] › visual/visual.spec.ts:41:7 › molecules-logolockup--pink (615ms)
  ✓  1576 [desktop] › visual/visual.spec.ts:41:7 › molecules-logolockup--white (655ms)
  ✓  1577 [desktop] › visual/visual.spec.ts:41:7 › molecules-logolockup--centred (614ms)
  ✓  1578 [desktop] › visual/visual.spec.ts:41:7 › molecules-logolockup--badge (624ms)
  ✓  1579 [desktop] › visual/visual.spec.ts:41:7 › molecules-logolockup--wordmark (621ms)
  ✓  1580 [desktop] › visual/visual.spec.ts:41:7 › molecules-logolockup--sizes (628ms)
  ✓  1581 [desktop] › visual/visual.spec.ts:41:7 › molecules-logolockup--clear-space (626ms)
  ✓  1582 [desktop] › visual/visual.spec.ts:41:7 › molecules-logolockup--sx (599ms)
  ✓  1583 [desktop] › visual/visual.spec.ts:41:7 › molecules-loyaltycard--playground (608ms)
  ✓  1584 [desktop] › visual/visual.spec.ts:41:7 › molecules-loyaltycard--in-progress (612ms)
  ✓  1585 [desktop] › visual/visual.spec.ts:41:7 › molecules-loyaltycard--one-left (617ms)
  ✓  1586 [desktop] › visual/visual.spec.ts:41:7 › molecules-loyaltycard--complete (646ms)
  ✓  1587 [desktop] › visual/visual.spec.ts:41:7 › molecules-loyaltycard--brand (613ms)
  ✓  1588 [desktop] › visual/visual.spec.ts:41:7 › molecules-loyaltycard--empty (590ms)
  ✓  1589 [desktop] › visual/visual.spec.ts:41:7 › molecules-loyaltycard--long-reward (599ms)
  ✓  1590 [desktop] › visual/visual.spec.ts:41:7 › molecules-menuitemcard--playground (606ms)
  ✓  1591 [desktop] › visual/visual.spec.ts:41:7 › molecules-menuitemcard--variants (626ms)
  ✓  1592 [desktop] › visual/visual.spec.ts:41:7 › molecules-menuitemcard--as-link (677ms)
  ✓  1593 [desktop] › visual/visual.spec.ts:41:7 › molecules-menuitemcard--keyboard-focus (639ms)
  ✓  1594 [desktop] › visual/visual.spec.ts:41:7 › molecules-menuitemcard--in-a-grid (669ms)
  ✓  1595 [desktop] › visual/visual.spec.ts:41:7 › molecules-menuitemcard--narrow (617ms)
  ✓  1596 [desktop] › visual/visual.spec.ts:41:7 › molecules-menuitemrow--playground (606ms)
  ✓  1597 [desktop] › visual/visual.spec.ts:41:7 › molecules-menuitemrow--full (615ms)
  ✓  1598 [desktop] › visual/visual.spec.ts:41:7 › molecules-menuitemrow--discount (657ms)
  ✓  1599 [desktop] › visual/visual.spec.ts:41:7 › molecules-menuitemrow--devanagari (694ms)
  ✓  1600 [desktop] › visual/visual.spec.ts:41:7 › molecules-menuitemrow--minimal (652ms)
  ✓  1601 [desktop] › visual/visual.spec.ts:41:7 › molecules-menuitemrow--as-a-menu-section (678ms)
  ✓  1602 [desktop] › visual/visual.spec.ts:41:7 › molecules-menuitemrow--spice-levels (613ms)
  ✓  1603 [desktop] › visual/visual.spec.ts:41:7 › molecules-menuitemrow--in-cart (667ms)
  ✓  1604 [desktop] › visual/visual.spec.ts:41:7 › molecules-menuitemrow--narrow (673ms)
  ✓  1605 [desktop] › visual/visual.spec.ts:41:7 › molecules-menuitemrow--on-surfaces-story (708ms)
  ✓  1606 [desktop] › visual/visual.spec.ts:41:7 › molecules-offerseal--playground (614ms)
  ✓  1607 [desktop] › visual/visual.spec.ts:41:7 › molecules-offerseal--colors (609ms)
  ✓  1608 [desktop] › visual/visual.spec.ts:41:7 › molecules-offerseal--values (607ms)
  ✓  1609 [desktop] › visual/visual.spec.ts:41:7 › molecules-offerseal--handoff-hero (579ms)
  ✓  1610 [desktop] › visual/visual.spec.ts:41:7 › molecules-offerseal--sizes (652ms)
  ✓  1611 [desktop] › visual/visual.spec.ts:41:7 › molecules-offerseal--floor-360 (639ms)
  ✓  1612 [desktop] › visual/visual.spec.ts:41:7 › molecules-offerseal--bleed-off-corner (693ms)
  ✓  1613 [desktop] › visual/visual.spec.ts:41:7 › molecules-otpinput--playground (636ms)
  ✓  1614 [desktop] › visual/visual.spec.ts:41:7 › molecules-otpinput--partial (605ms)
  ✓  1615 [desktop] › visual/visual.spec.ts:41:7 › molecules-otpinput--complete (599ms)
  ✓  1616 [desktop] › visual/visual.spec.ts:41:7 › molecules-otpinput--verified (658ms)
  ✓  1617 [desktop] › visual/visual.spec.ts:41:7 › molecules-otpinput--expired (673ms)
  ✓  1618 [desktop] › visual/visual.spec.ts:41:7 › molecules-otpinput--disabled (636ms)
  ✓  1619 [desktop] › visual/visual.spec.ts:41:7 › molecules-otpinput--with-hint (637ms)
  ✓  1620 [desktop] › visual/visual.spec.ts:41:7 › molecules-otpinput--narrow (724ms)
  ✓  1621 [desktop] › visual/visual.spec.ts:41:7 › molecules-outletcard--playground (653ms)
  ✓  1622 [desktop] › visual/visual.spec.ts:41:7 › molecules-outletcard--with-image (684ms)
  ✓  1623 [desktop] › visual/visual.spec.ts:41:7 › molecules-outletcard--without-image (714ms)
  ✓  1624 [desktop] › visual/visual.spec.ts:41:7 › molecules-outletcard--as-link (769ms)
  ✓  1625 [desktop] › visual/visual.spec.ts:41:7 › molecules-outletcard--keyboard-focus (590ms)
  ✓  1626 [desktop] › visual/visual.spec.ts:41:7 › molecules-outletcard--status-states (586ms)
  ✓  1627 [desktop] › visual/visual.spec.ts:41:7 › molecules-outletcard--custom-status-line (598ms)
  ✓  1628 [desktop] › visual/visual.spec.ts:41:7 › molecules-outletcard--narrow (585ms)
  ✓  1629 [desktop] › visual/visual.spec.ts:41:7 › molecules-pagination--playground (590ms)
  ✓  1630 [desktop] › visual/visual.spec.ts:41:7 › molecules-pagination--first-page (582ms)
  ✓  1631 [desktop] › visual/visual.spec.ts:41:7 › molecules-pagination--three-pages (586ms)
  ✓  1632 [desktop] › visual/visual.spec.ts:41:7 › molecules-pagination--last-page (601ms)
  ✓  1633 [desktop] › visual/visual.spec.ts:41:7 › molecules-pagination--many-pages (624ms)
  ✓  1634 [desktop] › visual/visual.spec.ts:41:7 › molecules-pagination--narrow (562ms)
  ✓  1635 [desktop] › visual/visual.spec.ts:41:7 › molecules-pricesummary--playground (597ms)
  ✓  1636 [desktop] › visual/visual.spec.ts:41:7 › molecules-pricesummary--with-discount (640ms)
  ✓  1637 [desktop] › visual/visual.spec.ts:41:7 › molecules-pricesummary--on-ink (619ms)
  ✓  1638 [desktop] › visual/visual.spec.ts:41:7 › molecules-pricesummary--surfaces (676ms)
  ✓  1639 [desktop] › visual/visual.spec.ts:41:7 › molecules-pricesummary--with-strong-line (634ms)
  ✓  1640 [desktop] › visual/visual.spec.ts:41:7 › molecules-pricesummary--receipt (626ms)
  ✓  1641 [desktop] › visual/visual.spec.ts:41:7 › molecules-pricesummary--total-only (626ms)
  ✓  1642 [desktop] › visual/visual.spec.ts:41:7 › molecules-pricesummary--narrow (577ms)
  ✓  1643 [desktop] › visual/visual.spec.ts:41:7 › molecules-pricingcard--playground (576ms)
  ✓  1644 [desktop] › visual/visual.spec.ts:41:7 › molecules-pricingcard--home-plates (636ms)
  ✓  1645 [desktop] › visual/visual.spec.ts:41:7 › molecules-pricingcard--homely-plates (652ms)
  ✓  1646 [desktop] › visual/visual.spec.ts:41:7 › molecules-pricingcard--catering-dawats (757ms)
  ✓  1647 [desktop] › visual/visual.spec.ts:41:7 › molecules-pricingcard--office-plates (642ms)
  ✓  1648 [desktop] › visual/visual.spec.ts:41:7 › molecules-pricingcard--long-name (687ms)
  ✓  1649 [desktop] › visual/visual.spec.ts:41:7 › molecules-quantitystepper--playground (696ms)
  ✓  1650 [desktop] › visual/visual.spec.ts:41:7 › molecules-quantitystepper--sizes (630ms)
  ✓  1651 [desktop] › visual/visual.spec.ts:41:7 › molecules-quantitystepper--at-min (648ms)
  ✓  1652 [desktop] › visual/visual.spec.ts:41:7 › molecules-quantitystepper--min-zero (712ms)
  ✓  1653 [desktop] › visual/visual.spec.ts:41:7 › molecules-quantitystepper--at-max (771ms)
  ✓  1654 [desktop] › visual/visual.spec.ts:41:7 › molecules-quantitystepper--in-a-cart-row (697ms)
  ✓  1655 [desktop] › visual/visual.spec.ts:41:7 › molecules-quantitystepper--typed-guests (751ms)
  ✓  1656 [desktop] › visual/visual.spec.ts:41:7 › molecules-reviewcard--playground (680ms)
  ✓  1657 [desktop] › visual/visual.spec.ts:41:7 › molecules-reviewcard--default (680ms)
  ✓  1658 [desktop] › visual/visual.spec.ts:41:7 › molecules-reviewcard--brand (611ms)
  ✓  1659 [desktop] › visual/visual.spec.ts:41:7 › molecules-reviewcard--symbol-mark (666ms)
  ✓  1660 [desktop] › visual/visual.spec.ts:41:7 › molecules-reviewcard--google-review (646ms)
  ✓  1661 [desktop] › visual/visual.spec.ts:41:7 › molecules-reviewcard--without-score (620ms)
  ✓  1662 [desktop] › visual/visual.spec.ts:41:7 › molecules-searchfield--playground (618ms)
  ✓  1663 [desktop] › visual/visual.spec.ts:41:7 › molecules-searchfield--with-value (649ms)
  ✓  1664 [desktop] › visual/visual.spec.ts:41:7 › molecules-searchfield--clear-label (576ms)
  ✓  1665 [desktop] › visual/visual.spec.ts:41:7 › molecules-searchfield--loading (590ms)
  ✓  1666 [desktop] › visual/visual.spec.ts:41:7 › molecules-searchfield--no-results (595ms)
  ✓  1667 [desktop] › visual/visual.spec.ts:41:7 › molecules-searchfield--disabled (609ms)
  ✓  1668 [desktop] › visual/visual.spec.ts:41:7 › molecules-searchfield--small (602ms)
  ✓  1669 [desktop] › visual/visual.spec.ts:41:7 › molecules-searchfield--statuses (643ms)
  ✓  1670 [desktop] › visual/visual.spec.ts:41:7 › molecules-searchfield--narrow (612ms)
  ✓  1671 [desktop] › visual/visual.spec.ts:41:7 › molecules-sectionheader--playground (591ms)
  ✓  1672 [desktop] › visual/visual.spec.ts:41:7 › molecules-sectionheader--with-lede (601ms)
  ✓  1673 [desktop] › visual/visual.spec.ts:41:7 › molecules-sectionheader--centred (580ms)
  ✓  1674 [desktop] › visual/visual.spec.ts:41:7 › molecules-sectionheader--on-brand (627ms)
  ✓  1675 [desktop] › visual/visual.spec.ts:41:7 › molecules-sectionheader--surfaces (661ms)
  ✓  1676 [desktop] › visual/visual.spec.ts:41:7 › molecules-sectionheader--heading-levels (610ms)
  ✓  1677 [desktop] › visual/visual.spec.ts:41:7 › molecules-sectionheader--narrow (613ms)
  ✓  1678 [desktop] › visual/visual.spec.ts:41:7 › molecules-slotpicker--playground (620ms)
  ✓  1679 [desktop] › visual/visual.spec.ts:41:7 › molecules-slotpicker--with-error (610ms)
  ✓  1680 [desktop] › visual/visual.spec.ts:41:7 › molecules-slotpicker--disabled (586ms)
  ✓  1681 [desktop] › visual/visual.spec.ts:41:7 › molecules-slotpicker--columns (668ms)
  ✓  1682 [desktop] › visual/visual.spec.ts:41:7 › molecules-slotpicker--statuses (677ms)
  ✓  1683 [desktop] › visual/visual.spec.ts:41:7 › molecules-slotpicker--narrow (642ms)
  ✓  1684 [desktop] › visual/visual.spec.ts:41:7 › molecules-snackbar--playground (612ms)
  ✓  1685 [desktop] › visual/visual.spec.ts:41:7 › molecules-snackbar--success (689ms)
  ✓  1686 [desktop] › visual/visual.spec.ts:41:7 › molecules-snackbar--danger-with-retry (670ms)
  ✓  1687 [desktop] › visual/visual.spec.ts:41:7 › molecules-snackbar--undo-and-dismiss (630ms)
  ✓  1688 [desktop] › visual/visual.spec.ts:41:7 › molecules-snackbar--live-copy (638ms)
  ✓  1690 [desktop] › visual/visual.spec.ts:41:7 › molecules-snackbar--top-right (624ms)
  ✓  1691 [desktop] › visual/visual.spec.ts:41:7 › molecules-snackbar--top-center (633ms)
  ✓  1689 [desktop] › visual/visual.spec.ts:41:7 › molecules-snackbar--closed-by-parent (1.1s)
  ✓  1692 [desktop] › visual/visual.spec.ts:41:7 › molecules-snackbar--bottom-right (628ms)
  ✓  1693 [desktop] › visual/visual.spec.ts:41:7 › molecules-snackbar--brand (645ms)
  ✓  1694 [desktop] › visual/visual.spec.ts:41:7 › molecules-snackbar--narrow (616ms)
  ✓  1695 [desktop] › visual/visual.spec.ts:41:7 › molecules-speeddial--playground (640ms)
  ✓  1696 [desktop] › visual/visual.spec.ts:41:7 › molecules-speeddial--directions (609ms)
  ✓  1697 [desktop] › visual/visual.spec.ts:41:7 › molecules-speeddial--controlled (612ms)
  ✓  1698 [desktop] › visual/visual.spec.ts:41:7 › molecules-speeddial--mobile-360 (610ms)
  ✓  1699 [desktop] › visual/visual.spec.ts:41:7 › molecules-stat--playground (560ms)
  ✓  1700 [desktop] › visual/visual.spec.ts:41:7 › molecules-stat--default (571ms)
  ✓  1701 [desktop] › visual/visual.spec.ts:41:7 › molecules-stat--icon-brand (585ms)
  ✓  1702 [desktop] › visual/visual.spec.ts:41:7 › molecules-stat--inverse-centre (622ms)
  ✓  1703 [desktop] › visual/visual.spec.ts:41:7 › molecules-stat--with-sub (568ms)
  ✓  1704 [desktop] › visual/visual.spec.ts:41:7 › molecules-stat--row (581ms)
  ✓  1705 [desktop] › visual/visual.spec.ts:41:7 › molecules-stat--narrow (600ms)
  ✓  1706 [desktop] › visual/visual.spec.ts:41:7 › molecules-stat--on-surfaces-story (593ms)
  ✓  1707 [desktop] › visual/visual.spec.ts:41:7 › molecules-steptracker--playground (637ms)
  ✓  1708 [desktop] › visual/visual.spec.ts:41:7 › molecules-steptracker--horizontal (663ms)
  ✓  1709 [desktop] › visual/visual.spec.ts:41:7 › molecules-steptracker--on-brand (586ms)
  ✓  1710 [desktop] › visual/visual.spec.ts:41:7 › molecules-steptracker--complete (605ms)
  ✓  1711 [desktop] › visual/visual.spec.ts:41:7 › molecules-steptracker--surfaces (592ms)
  ✓  1712 [desktop] › visual/visual.spec.ts:41:7 › molecules-steptracker--not-started (567ms)
  ✓  1713 [desktop] › visual/visual.spec.ts:41:7 › molecules-steptracker--vertical-surfaces (677ms)
  ✓  1714 [desktop] › visual/visual.spec.ts:41:7 › molecules-steptracker--narrow (611ms)
  ✓  1715 [desktop] › visual/visual.spec.ts:41:7 › molecules-steps--playground (587ms)
  ✓  1716 [desktop] › visual/visual.spec.ts:41:7 › molecules-steps--how-it-works (598ms)
  ✓  1717 [desktop] › visual/visual.spec.ts:41:7 › molecules-steps--how-to-book (644ms)
  ✓  1718 [desktop] › visual/visual.spec.ts:41:7 › molecules-steps--starting-takes-one-message (624ms)
  ✓  1720 [desktop] › visual/visual.spec.ts:41:7 › molecules-stickyactionbar--playground (681ms)
  ✓  1721 [desktop] › visual/visual.spec.ts:41:7 › molecules-stickyactionbar--plan-calculator (703ms)
  ✓  1719 [desktop] › visual/visual.spec.ts:41:7 › molecules-steps--on-surfaces-story (982ms)
  ✓  1722 [desktop] › visual/visual.spec.ts:41:7 › molecules-stickyactionbar--dawat-calculator (626ms)
  ✓  1723 [desktop] › visual/visual.spec.ts:41:7 › molecules-stickyactionbar--in-a-scrolling-page (708ms)
  ✓  1724 [desktop] › visual/visual.spec.ts:41:7 › molecules-table--price-list (716ms)
  ✓  1725 [desktop] › visual/visual.spec.ts:41:7 › molecules-table--scrolls-at-360 (682ms)
  ✓  1726 [desktop] › visual/visual.spec.ts:41:7 › molecules-table--catering-glance (691ms)
  ✓  1727 [desktop] › visual/visual.spec.ts:41:7 › molecules-table--box-compare (727ms)
  ✓  1728 [desktop] › visual/visual.spec.ts:41:7 › molecules-table--offers (673ms)
  ✓  1729 [desktop] › visual/visual.spec.ts:41:7 › molecules-table--plan-vs-app (648ms)
  ✓  1730 [desktop] › visual/visual.spec.ts:41:7 › molecules-table--plan-vs-app-at-360 (654ms)
  ✓  1731 [desktop] › visual/visual.spec.ts:41:7 › molecules-table--caption-visible (708ms)
  ✓  1732 [desktop] › visual/visual.spec.ts:41:7 › molecules-tabs--playground (698ms)
  ✓  1733 [desktop] › visual/visual.spec.ts:41:7 › molecules-tabs--two-items (619ms)
  ✓  1734 [desktop] › visual/visual.spec.ts:41:7 › molecules-tabs--segmented (648ms)
  ✓  1735 [desktop] › visual/visual.spec.ts:41:7 › molecules-tabs--with-disabled-tab (668ms)
  ✓  1736 [desktop] › visual/visual.spec.ts:41:7 › molecules-tabs--full-width (632ms)
  ✓  1737 [desktop] › visual/visual.spec.ts:41:7 › molecules-tabs--full-width-long-labels (627ms)
  ✓  1738 [desktop] › visual/visual.spec.ts:41:7 › molecules-tabs--with-icons (614ms)
  ✓  1739 [desktop] › visual/visual.spec.ts:41:7 › molecules-tabs--narrow (596ms)
  ✓  1740 [desktop] › visual/visual.spec.ts:41:7 › molecules-tabs--on-surfaces-story (747ms)
  ✓  1741 [desktop] › visual/visual.spec.ts:41:7 › molecules-toast--playground (769ms)
  ✓  1742 [desktop] › visual/visual.spec.ts:41:7 › molecules-toast--tones (720ms)
  ✓  1743 [desktop] › visual/visual.spec.ts:41:7 › molecules-toast--status (687ms)
  ✓  1744 [desktop] › visual/visual.spec.ts:41:7 › molecules-toast--pop (617ms)
  ✓  1745 [desktop] › visual/visual.spec.ts:41:7 › molecules-toast--custom-glyph (656ms)
  ✓  1747 [desktop] › visual/visual.spec.ts:41:7 › molecules-toast--contained (705ms)
  ✓  1748 [desktop] › visual/visual.spec.ts:41:7 › molecules-togglebuttongroup--exclusive (654ms)
  ✓  1749 [desktop] › visual/visual.spec.ts:41:7 › molecules-togglebuttongroup--multiple (623ms)
  ✓  1750 [desktop] › visual/visual.spec.ts:41:7 › molecules-togglebuttongroup--enforce-value-set (669ms)
  ✓  1751 [desktop] › visual/visual.spec.ts:41:7 › molecules-togglebuttongroup--view-switcher (645ms)
  ✓  1752 [desktop] › visual/visual.spec.ts:41:7 › molecules-togglebuttongroup--vertical (657ms)
  ✓  1746 [desktop] › visual/visual.spec.ts:41:7 › molecules-toast--add-to-order (1.6s)
  ✓  1753 [desktop] › visual/visual.spec.ts:41:7 › molecules-togglebuttongroup--sizes (762ms)
  ✓  1754 [desktop] › visual/visual.spec.ts:41:7 › molecules-togglebuttongroup--colors (647ms)
  ✓  1755 [desktop] › visual/visual.spec.ts:41:7 › molecules-togglebuttongroup--full-width (627ms)
  ✓  1756 [desktop] › visual/visual.spec.ts:41:7 › molecules-togglebuttongroup--disabled (677ms)
  ✓  1757 [desktop] › visual/visual.spec.ts:41:7 › molecules-togglebuttongroup--on-surfaces (653ms)
  ✓  1758 [desktop] › visual/visual.spec.ts:41:7 › molecules-togglebuttongroup--mobile-360 (730ms)
  ✓  1759 [desktop] › visual/visual.spec.ts:41:7 › motion-specimens--durations (721ms)
  ✓  1760 [desktop] › visual/visual.spec.ts:41:7 › motion-specimens--easings (775ms)
  ✓  1761 [desktop] › visual/visual.spec.ts:41:7 › motion-specimens--animations (813ms)
  ✓  1762 [desktop] › visual/visual.spec.ts:41:7 › motion-specimens--motion-tokens (888ms)
  ✓  1763 [desktop] › visual/visual.spec.ts:41:7 › motion-specimens--states (858ms)
  ✓  1764 [desktop] › visual/visual.spec.ts:41:7 › motion-specimens--state-tokens (852ms)
  ✓  1765 [desktop] › visual/visual.spec.ts:41:7 › motion-specimens--form-states (687ms)
  ✓  1766 [desktop] › visual/visual.spec.ts:41:7 › motion-specimens--section-reveal (825ms)
  ✓  1767 [desktop] › visual/visual.spec.ts:41:7 › organisms-actiondock--playground (675ms)
  ✓  1768 [desktop] › visual/visual.spec.ts:41:7 › organisms-actiondock--mobile (668ms)
  ✓  1769 [desktop] › visual/visual.spec.ts:41:7 › organisms-actiondock--tablet (670ms)
  ✓  1770 [desktop] › visual/visual.spec.ts:41:7 › organisms-actiondock--desktop (681ms)
  ✓  1771 [desktop] › visual/visual.spec.ts:41:7 › organisms-actiondock--primary-only (656ms)
  ✓  1772 [desktop] › visual/visual.spec.ts:41:7 › organisms-cartpanel--playground (701ms)
  ✓  1773 [desktop] › visual/visual.spec.ts:41:7 › organisms-cartpanel--filled (694ms)
  ✓  1774 [desktop] › visual/visual.spec.ts:41:7 › organisms-cartpanel--empty (643ms)
  ✓  1775 [desktop] › visual/visual.spec.ts:41:7 › organisms-cartpanel--one-line (755ms)
  ✓  1776 [desktop] › visual/visual.spec.ts:41:7 › organisms-cartpanel--dine-in (679ms)
  ✓  1777 [desktop] › visual/visual.spec.ts:41:7 › organisms-cartpanel--mobile (699ms)
  ✓  1779 [desktop] › visual/visual.spec.ts:41:7 › organisms-ctaband--playground (655ms)
  ✓  1778 [desktop] › visual/visual.spec.ts:41:7 › organisms-cartpanel--on-surfaces-story (885ms)
  ✓  1780 [desktop] › visual/visual.spec.ts:41:7 › organisms-ctaband--ink-split (636ms)
  ✓  1781 [desktop] › visual/visual.spec.ts:41:7 › organisms-ctaband--brand-centred (600ms)
  ✓  1782 [desktop] › visual/visual.spec.ts:41:7 › organisms-ctaband--soft-split (594ms)
  ✓  1783 [desktop] › visual/visual.spec.ts:41:7 › organisms-ctaband--handoff-office-strip (615ms)
  ✓  1784 [desktop] › visual/visual.spec.ts:41:7 › organisms-ctaband--handoff-taste-first (635ms)
  ✓  1785 [desktop] › visual/visual.spec.ts:41:7 › organisms-ctaband--without-pattern (682ms)
  ✓  1786 [desktop] › visual/visual.spec.ts:41:7 › organisms-ctaband--heading-only (675ms)
  ✓  1787 [desktop] › visual/visual.spec.ts:41:7 › organisms-ctaband--without-action (695ms)
  ✓  1788 [desktop] › visual/visual.spec.ts:41:7 › organisms-ctaband--mobile (645ms)
  ✓  1789 [desktop] › visual/visual.spec.ts:41:7 › organisms-ctaband--tablet (649ms)
  ✓  1790 [desktop] › visual/visual.spec.ts:41:7 › organisms-ctaband--desktop (691ms)
  ✓  1791 [desktop] › visual/visual.spec.ts:41:7 › organisms-dialog--playground (744ms)
  ✓  1792 [desktop] › visual/visual.spec.ts:41:7 › organisms-dialog--centred-modal (789ms)
  ✓  1793 [desktop] › visual/visual.spec.ts:41:7 › organisms-dialog--sheet (735ms)
  ✓  1794 [desktop] › visual/visual.spec.ts:41:7 › organisms-dialog--large (665ms)
  ✓  1795 [desktop] › visual/visual.spec.ts:41:7 › organisms-dialog--keyboard-flow (704ms)
  ✓  1796 [desktop] › visual/visual.spec.ts:41:7 › organisms-dialog--must-be-answered (706ms)
  ✓  1797 [desktop] › visual/visual.spec.ts:41:7 › organisms-dialog--inside-a-phone-frame (676ms)
  ✓  1799 [desktop] › visual/visual.spec.ts:41:7 › organisms-dialog--drawer-end (649ms)
  ✓  1798 [desktop] › visual/visual.spec.ts:41:7 › organisms-dialog--mobile (740ms)
  ✓  1800 [desktop] › visual/visual.spec.ts:41:7 › organisms-dialog--drawer-start (654ms)
  ✓  1801 [desktop] › visual/visual.spec.ts:41:7 › organisms-dialog--drawer-sizes (745ms)
  ✓  1802 [desktop] › visual/visual.spec.ts:41:7 › organisms-dialog--drawer-with-footer (693ms)
  ✓  1804 [desktop] › visual/visual.spec.ts:41:7 › organisms-dialog--drawer-360 (663ms)
  ✓  1803 [desktop] › visual/visual.spec.ts:41:7 › organisms-dialog--drawer-long-content (702ms)
  ✓  1805 [desktop] › visual/visual.spec.ts:41:7 › organisms-faqsection--playground (629ms)
  ✓  1806 [desktop] › visual/visual.spec.ts:41:7 › organisms-faqsection--default (632ms)
  ✓  1807 [desktop] › visual/visual.spec.ts:41:7 › organisms-faqsection--handoff-with-aside (663ms)
  ✓  1808 [desktop] › visual/visual.spec.ts:41:7 › organisms-faqsection--multiple (661ms)
  ✓  1809 [desktop] › visual/visual.spec.ts:41:7 › organisms-faqsection--second-open (688ms)
  ✓  1810 [desktop] › visual/visual.spec.ts:41:7 › organisms-faqsection--all-closed (717ms)
  ✓  1811 [desktop] › visual/visual.spec.ts:41:7 › organisms-faqsection--without-lede (645ms)
  ✓  1812 [desktop] › visual/visual.spec.ts:41:7 › organisms-faqsection--heading-level-3 (671ms)
  ✓  1813 [desktop] › visual/visual.spec.ts:41:7 › organisms-faqsection--mobile (636ms)
  ✓  1814 [desktop] › visual/visual.spec.ts:41:7 › organisms-faqsection--tablet (682ms)
  ✓  1815 [desktop] › visual/visual.spec.ts:41:7 › organisms-faqsection--desktop (709ms)
  ✓  1816 [desktop] › visual/visual.spec.ts:41:7 › organisms-herobanner--playground (682ms)
  ✓  1817 [desktop] › visual/visual.spec.ts:41:7 › organisms-herobanner--brand-split (637ms)
  ✓  1818 [desktop] › visual/visual.spec.ts:41:7 › organisms-herobanner--soft-centred (686ms)
  ✓  1819 [desktop] › visual/visual.spec.ts:41:7 › organisms-herobanner--ink-split (734ms)
  ✓  1820 [desktop] › visual/visual.spec.ts:41:7 › organisms-herobanner--handoff-home (738ms)
  ✓  1821 [desktop] › visual/visual.spec.ts:41:7 › organisms-herobanner--handoff-catering (712ms)
  ✓  1822 [desktop] › visual/visual.spec.ts:41:7 › organisms-herobanner--handoff-office (645ms)
  ✓  1823 [desktop] › visual/visual.spec.ts:41:7 › organisms-herobanner--headline-only (695ms)
  ✓  1824 [desktop] › visual/visual.spec.ts:41:7 › organisms-herobanner--with-photograph (707ms)
  ✓  1825 [desktop] › visual/visual.spec.ts:41:7 › organisms-herobanner--mobile (728ms)
  ✓  1826 [desktop] › visual/visual.spec.ts:41:7 › organisms-herobanner--tablet (690ms)
  ✓  1827 [desktop] › visual/visual.spec.ts:41:7 › organisms-herobanner--desktop (693ms)
  ✓  1828 [desktop] › visual/visual.spec.ts:41:7 › organisms-menulist--playground (1.1s)
  ✓  1830 [desktop] › visual/visual.spec.ts:41:7 › organisms-menulist--list-app (990ms)
  ✓  1829 [desktop] › visual/visual.spec.ts:41:7 › organisms-menulist--grid-website (1.2s)
  ✓  1832 [desktop] › visual/visual.spec.ts:41:7 › organisms-menulist--small-grid (991ms)
  ✓  1831 [desktop] › visual/visual.spec.ts:41:7 › organisms-menulist--grid-only (1.3s)
  ✓  1833 [desktop] › visual/visual.spec.ts:41:7 › organisms-menulist--filter-by-category (922ms)
  ✓  1834 [desktop] › visual/visual.spec.ts:41:7 › organisms-menulist--preselected-category (792ms)
  ✓  1836 [desktop] › visual/visual.spec.ts:41:7 › organisms-menulist--empty-category (680ms)
  ✓  1835 [desktop] › visual/visual.spec.ts:41:7 › organisms-menulist--with-lede (1.1s)
  ✓  1837 [desktop] › visual/visual.spec.ts:41:7 › organisms-menulist--mobile (1.2s)
  ✓  1840 [desktop] › visual/visual.spec.ts:41:7 › organisms-ordertracker--playground (760ms)
  ✓  1838 [desktop] › visual/visual.spec.ts:41:7 › organisms-menulist--tablet (1.0s)
  ✓  1841 [desktop] › visual/visual.spec.ts:41:7 › organisms-ordertracker--order-in (663ms)
  ✓  1839 [desktop] › visual/visual.spec.ts:41:7 › organisms-menulist--desktop (1.0s)
  ✓  1842 [desktop] › visual/visual.spec.ts:41:7 › organisms-ordertracker--on-the-tandoor (594ms)
  ✓  1843 [desktop] › visual/visual.spec.ts:41:7 › organisms-ordertracker--ready (622ms)
  ✓  1844 [desktop] › visual/visual.spec.ts:41:7 › organisms-ordertracker--as-card (712ms)
  ✓  1845 [desktop] › visual/visual.spec.ts:41:7 › organisms-ordertracker--delivery-steps (691ms)
  ✓  1846 [desktop] › visual/visual.spec.ts:41:7 › organisms-ordertracker--mobile (685ms)
  ✓  1847 [desktop] › visual/visual.spec.ts:41:7 › organisms-quotepanel--playground (644ms)
  ✓  1848 [desktop] › visual/visual.spec.ts:41:7 › organisms-quotepanel--handoff-plan (632ms)
  ✓  1849 [desktop] › visual/visual.spec.ts:41:7 › organisms-quotepanel--handoff-dawat (670ms)
  ✓  1850 [desktop] › visual/visual.spec.ts:41:7 › organisms-quotepanel--handoff-office (719ms)
  ✓  1851 [desktop] › visual/visual.spec.ts:41:7 › organisms-quotepanel--amount-only (772ms)
  ✓  1852 [desktop] › visual/visual.spec.ts:41:7 › organisms-quotepanel--mobile (673ms)
  ✓  1853 [desktop] › visual/visual.spec.ts:41:7 › organisms-quotepanel--tablet (637ms)
  ✓  1854 [desktop] › visual/visual.spec.ts:41:7 › organisms-quotepanel--desktop (670ms)
  ✓  1855 [desktop] › visual/visual.spec.ts:41:7 › organisms-reviewcarousel--playground (738ms)
  ✓  1856 [desktop] › visual/visual.spec.ts:41:7 › organisms-reviewcarousel--handoff-home (791ms)
  ✓  1857 [desktop] › visual/visual.spec.ts:41:7 › organisms-reviewcarousel--handoff-on-tint (733ms)
  ✓  1858 [desktop] › visual/visual.spec.ts:41:7 › organisms-reviewcarousel--one-review (708ms)
  ✓  1859 [desktop] › visual/visual.spec.ts:41:7 › organisms-reviewcarousel--empty (687ms)
  ✓  1860 [desktop] › visual/visual.spec.ts:41:7 › organisms-reviewcarousel--paging (712ms)
  ✓  1862 [desktop] › visual/visual.spec.ts:41:7 › organisms-reviewcarousel--tablet (702ms)
  ✓  1861 [desktop] › visual/visual.spec.ts:41:7 › organisms-reviewcarousel--mobile (870ms)
  ✓  1864 [desktop] › visual/visual.spec.ts:41:7 › organisms-sitefooter--playground (629ms)
  ✓  1863 [desktop] › visual/visual.spec.ts:41:7 › organisms-reviewcarousel--desktop (906ms)
  ✓  1865 [desktop] › visual/visual.spec.ts:41:7 › organisms-sitefooter--design-system-pink (841ms)
  ✓  1867 [desktop] › visual/visual.spec.ts:41:7 › organisms-sitefooter--columns-only (626ms)
  ✓  1868 [desktop] › visual/visual.spec.ts:41:7 › organisms-sitefooter--four-columns (653ms)
  ✓  1866 [desktop] › visual/visual.spec.ts:41:7 › organisms-sitefooter--handoff-ink (906ms)
  ✓  1869 [desktop] › visual/visual.spec.ts:41:7 › organisms-sitefooter--mobile (853ms)
  ✓  1870 [desktop] › visual/visual.spec.ts:41:7 › organisms-sitefooter--tablet (884ms)
  ✓  1872 [desktop] › visual/visual.spec.ts:41:7 › organisms-siteheader--playground (702ms)
  ✓  1871 [desktop] › visual/visual.spec.ts:41:7 › organisms-sitefooter--desktop (932ms)
  ✓  1873 [desktop] › visual/visual.spec.ts:41:7 › organisms-siteheader--rest (721ms)
  ✓  1874 [desktop] › visual/visual.spec.ts:41:7 › organisms-siteheader--scrolled-with-cart (814ms)
  ✓  1875 [desktop] › visual/visual.spec.ts:41:7 › organisms-siteheader--cart-counts (751ms)
  ✓  1876 [desktop] › visual/visual.spec.ts:41:7 › organisms-siteheader--handoff-compact (722ms)
  ✓  1877 [desktop] › visual/visual.spec.ts:41:7 › organisms-siteheader--six-links-at-1024 (803ms)
  ✓  1878 [desktop] › visual/visual.spec.ts:41:7 › organisms-siteheader--six-links-at-1279 (822ms)
  ✓  1879 [desktop] › visual/visual.spec.ts:41:7 › organisms-siteheader--six-links-at-1280 (690ms)
  ✓  1880 [desktop] › visual/visual.spec.ts:41:7 › organisms-siteheader--six-links-at-1440 (769ms)
  ✓  1881 [desktop] › visual/visual.spec.ts:41:7 › organisms-siteheader--six-links-at-1536 (786ms)
  ✓  1882 [desktop] › visual/visual.spec.ts:41:7 › organisms-siteheader--drawer-keyboard (849ms)
  ✓  1883 [desktop] › visual/visual.spec.ts:41:7 › organisms-siteheader--drawer-open (842ms)
  ✓  1884 [desktop] › visual/visual.spec.ts:41:7 › organisms-siteheader--mobile (827ms)
  ✓  1885 [desktop] › visual/visual.spec.ts:41:7 › organisms-siteheader--tablet (754ms)
  ✓  1886 [desktop] › visual/visual.spec.ts:41:7 › organisms-siteheader--desktop (723ms)
  ✓  1887 [desktop] › visual/visual.spec.ts:41:7 › organisms-statband--playground (639ms)
  ✓  1888 [desktop] › visual/visual.spec.ts:41:7 › organisms-statband--soft (704ms)
  ✓  1889 [desktop] › visual/visual.spec.ts:41:7 › organisms-statband--brand (620ms)
  ✓  1890 [desktop] › visual/visual.spec.ts:41:7 › organisms-statband--ink (596ms)
  ✓  1891 [desktop] › visual/visual.spec.ts:41:7 › organisms-statband--four-stats (597ms)
  ✓  1892 [desktop] › visual/visual.spec.ts:41:7 › organisms-statband--with-icons (625ms)
  ✓  1893 [desktop] › visual/visual.spec.ts:41:7 › organisms-statband--with-sub-lines (601ms)
  ✓  1894 [desktop] › visual/visual.spec.ts:41:7 › organisms-statband--mobile (638ms)
  ✓  1895 [desktop] › visual/visual.spec.ts:41:7 › organisms-statband--tablet (586ms)
  ✓  1896 [desktop] › visual/visual.spec.ts:41:7 › organisms-statband--desktop (592ms)
  ✓  1897 [desktop] › visual/visual.spec.ts:41:7 › organisms-tabbar--playground (643ms)
  ✓  1898 [desktop] › visual/visual.spec.ts:41:7 › organisms-tabbar--states (608ms)
  ✓  1899 [desktop] › visual/visual.spec.ts:41:7 › organisms-tabbar--four-tabs-with-count (633ms)
  ✓  1900 [desktop] › visual/visual.spec.ts:41:7 › organisms-tabbar--five-tabs (631ms)
  ✓  1901 [desktop] › visual/visual.spec.ts:41:7 › organisms-tabbar--as-links (657ms)
  ✓  1902 [desktop] › visual/visual.spec.ts:41:7 › organisms-tabbar--each-destination-active (637ms)
  ✓  1903 [desktop] › visual/visual.spec.ts:41:7 › organisms-tabbar--mobile (677ms)
  ✓  1904 [desktop] › visual/visual.spec.ts:41:7 › organisms-testimonialwall--playground (672ms)
  ✓  1905 [desktop] › visual/visual.spec.ts:41:7 › organisms-testimonialwall--default (647ms)
  ✓  1906 [desktop] › visual/visual.spec.ts:41:7 › organisms-testimonialwall--brand-cards (684ms)
  ✓  1908 [desktop] › visual/visual.spec.ts:41:7 › organisms-testimonialwall--on-tint (715ms)
  ✓  1907 [desktop] › visual/visual.spec.ts:41:7 › organisms-testimonialwall--four-reviews (789ms)
  ✓  1909 [desktop] › visual/visual.spec.ts:41:7 › organisms-testimonialwall--with-lede (709ms)
  ✓  1910 [desktop] › visual/visual.spec.ts:41:7 › organisms-testimonialwall--without-scores (640ms)
  ✓  1911 [desktop] › visual/visual.spec.ts:41:7 › organisms-testimonialwall--mobile (663ms)
  ✓  1912 [desktop] › visual/visual.spec.ts:41:7 › organisms-testimonialwall--tablet (664ms)
  ✓  1913 [desktop] › visual/visual.spec.ts:41:7 › organisms-testimonialwall--desktop (768ms)
  ✓  1915 [desktop] › visual/visual.spec.ts:41:7 › spacing-specimens--rhythm (819ms)
  ✓  1914 [desktop] › visual/visual.spec.ts:41:7 › spacing-specimens--scale (941ms)
  ✓  1916 [desktop] › visual/visual.spec.ts:41:7 › spacing-specimens--rhythm-tokens (880ms)
  ✓  1917 [desktop] › visual/visual.spec.ts:41:7 › spacing-specimens--chrome-tokens (752ms)
  ✓  1919 [desktop] › visual/visual.spec.ts:41:7 › type-specimens--display-steps (735ms)
  ✓  1920 [desktop] › visual/visual.spec.ts:41:7 › type-specimens--families-and-weights (750ms)
  ✓  1921 [desktop] › visual/visual.spec.ts:41:7 › type-specimens--heading-steps (724ms)
  ✓  1922 [desktop] › visual/visual.spec.ts:41:7 › type-specimens--body-steps (744ms)
  ✓  1923 [desktop] › visual/visual.spec.ts:41:7 › type-specimens--overline-and-mono (737ms)
  ✓  1924 [desktop] › visual/visual.spec.ts:41:7 › type-specimens--devanagari (798ms)
  ✓  1925 [desktop] › visual/visual.spec.ts:41:7 › type-specimens--fluid-steps (681ms)
  ✓  1926 [desktop] › visual/visual.spec.ts:41:7 › type-specimens--fluid-tokens (723ms)
  ✓  1929 [desktop] › visual/visual.spec.ts:41:7 › foundations-interactions--global-base (637ms)
  ✓  1930 [desktop] › visual/visual.spec.ts:41:7 › foundations-system-specimens--spacing (594ms)
  ✓  1918 [desktop] › visual/visual.spec.ts:41:7 › spacing-specimens--component-sizes (2.8s)
  ✓  1931 [desktop] › visual/visual.spec.ts:41:7 › foundations-system-specimens--display (593ms)
  ✓  1932 [desktop] › visual/visual.spec.ts:41:7 › foundations-system-specimens--size (586ms)
  ✓  1928 [desktop] › visual/visual.spec.ts:41:7 › website-homepage--homepage-360 (1.5s)
  ✓  1933 [desktop] › visual/visual.spec.ts:41:7 › foundations-system-specimens--flex-child (629ms)
  ✓  1934 [desktop] › visual/visual.spec.ts:41:7 › foundations-system-specimens--look (552ms)
  ✓  1935 [desktop] › visual/visual.spec.ts:41:7 › foundations-system-specimens--colour (580ms)
  ✓  1936 [desktop] › visual/visual.spec.ts:41:7 › foundations-system-specimens--responsive (635ms)
  ✓  1927 [desktop] › visual/visual.spec.ts:41:7 › website-homepage--homepage (4.0s)

  1936 passed (4.6m)
