
Running 1936 tests using 5 workers

(node:75054) Warning: The 'NO_COLOR' env is ignored due to the 'FORCE_COLOR' env being set.
(Use `node --trace-warnings ...` to show where the warning was created)
(node:75055) Warning: The 'NO_COLOR' env is ignored due to the 'FORCE_COLOR' env being set.
(Use `node --trace-warnings ...` to show where the warning was created)
(node:75056) Warning: The 'NO_COLOR' env is ignored due to the 'FORCE_COLOR' env being set.
(Use `node --trace-warnings ...` to show where the warning was created)
(node:75057) Warning: The 'NO_COLOR' env is ignored due to the 'FORCE_COLOR' env being set.
(Use `node --trace-warnings ...` to show where the warning was created)
(node:75058) Warning: The 'NO_COLOR' env is ignored due to the 'FORCE_COLOR' env being set.
(Use `node --trace-warnings ...` to show where the warning was created)
  ✓     1 [mobile] › visual/visual.spec.ts:41:7 › readme-docs-kit--missing-token-fails-loudly (1.1s)
  ✓     5 [mobile] › visual/visual.spec.ts:41:7 › readme-docs-kit--copy-chips-copy-a-class (1.2s)
  ✓     2 [mobile] › visual/visual.spec.ts:41:7 › readme-docs-kit--utilities-derive-from-the-catalogue (1.7s)
  ✓     4 [mobile] › visual/visual.spec.ts:41:7 › readme-docs-kit--copy-without-a-clipboard (1.4s)
  ✓     3 [mobile] › visual/visual.spec.ts:41:7 › readme-docs-kit--numeric-steps-sort-by-number (1.7s)
  ✓     6 [mobile] › visual/visual.spec.ts:41:7 › readme-docs-kit--swatch-paints-its-token (787ms)
  ✓     7 [mobile] › visual/visual.spec.ts:41:7 › readme-docs-kit--swatch-copies-name-and-value (836ms)
  ✓     8 [mobile] › visual/visual.spec.ts:41:7 › readme-docs-kit--token-table-lists-every-match (756ms)
  ✓     9 [mobile] › visual/visual.spec.ts:41:7 › readme-docs-kit--type-specimen-uses-the-step (857ms)
  ✓    11 [mobile] › visual/visual.spec.ts:41:7 › readme-docs-kit--spacing-scale-multiplies-the-unit (765ms)
  ✓    10 [mobile] › visual/visual.spec.ts:41:7 › readme-docs-kit--contrast-matrix-rates-each-pair (988ms)
  ✓    12 [mobile] › visual/visual.spec.ts:41:7 › readme-docs-kit--radius-scale-shows-every-radius (868ms)
  ✓    13 [mobile] › visual/visual.spec.ts:41:7 › readme-docs-kit--shadow-ladder-paints-each-step (715ms)
  ✓    14 [mobile] › visual/visual.spec.ts:41:7 › readme-docs-kit--motion-demo-runs-on-the-tokens (670ms)
  ✓    15 [mobile] › visual/visual.spec.ts:41:7 › readme-docs-prose--prose-table-scrolls-at-360 (700ms)
  ✓    16 [mobile] › visual/visual.spec.ts:41:7 › readme-docs-prose--prose-tables-named-apart (667ms)
  ✓    17 [mobile] › visual/visual.spec.ts:41:7 › readme-docs-prose--prose-table-names-stay-unique (573ms)
  ✓    18 [mobile] › visual/visual.spec.ts:41:7 › readme-docs-prose--prose-table-that-fits-adds-no-tab-stop (606ms)
  ✓    19 [mobile] › visual/visual.spec.ts:41:7 › readme-canvas-geometry--padded-leaves-328 (610ms)
  ✓    20 [mobile] › visual/visual.spec.ts:41:7 › readme-canvas-geometry--centered-leaves-328 (702ms)
  ✓    21 [mobile] › visual/visual.spec.ts:41:7 › readme-canvas-geometry--fullscreen-leaves-360 (667ms)
  ✓    22 [mobile] › visual/visual.spec.ts:41:7 › readme-system-sx--responsive-classes-have-css (568ms)
  ✓    23 [mobile] › visual/visual.spec.ts:41:7 › app-ordering-app--home (918ms)
  ✓    24 [mobile] › visual/visual.spec.ts:41:7 › app-ordering-app--menu (832ms)
  ✓    26 [mobile] › visual/visual.spec.ts:41:7 › app-ordering-app--cart (793ms)
  ✓    25 [mobile] › visual/visual.spec.ts:41:7 › app-ordering-app--item-sheet-open (937ms)
  ✓    27 [mobile] › visual/visual.spec.ts:41:7 › app-ordering-app--tracking (811ms)
  ✓    28 [mobile] › visual/visual.spec.ts:41:7 › app-ordering-app--account (726ms)
  ✓    29 [mobile] › visual/visual.spec.ts:41:7 › app-ordering-app--home-360 (791ms)
  ✓    30 [mobile] › visual/visual.spec.ts:41:7 › atoms-avatar--playground (658ms)
  ✓    31 [mobile] › visual/visual.spec.ts:41:7 › atoms-avatar--sizes (742ms)
  ✓    32 [mobile] › visual/visual.spec.ts:41:7 › atoms-avatar--initials (740ms)
  ✓    33 [mobile] › visual/visual.spec.ts:41:7 › atoms-avatar--icon-fallback (597ms)
  ✓    34 [mobile] › visual/visual.spec.ts:41:7 › atoms-avatar--ring (596ms)
  ✓    35 [mobile] › visual/visual.spec.ts:41:7 › atoms-avatar--photo (623ms)
  ✓    36 [mobile] › visual/visual.spec.ts:41:7 › atoms-avatar--in-a-guest-row (587ms)
  ✓    37 [mobile] › visual/visual.spec.ts:41:7 › atoms-badge--playground (585ms)
  ✓    38 [mobile] › visual/visual.spec.ts:41:7 › atoms-badge--colors (540ms)
  ✓    39 [mobile] › visual/visual.spec.ts:41:7 › atoms-badge--status-colors (551ms)
  ✓    40 [mobile] › visual/visual.spec.ts:41:7 › atoms-badge--with-icon (586ms)
  ✓    41 [mobile] › visual/visual.spec.ts:41:7 › atoms-badge--on-a-menu-card (564ms)
  ✓    42 [mobile] › visual/visual.spec.ts:41:7 › atoms-badge--sx (586ms)
  ✓    43 [mobile] › visual/visual.spec.ts:41:7 › atoms-badge--on-surfaces-story (571ms)
  ✓    44 [mobile] › visual/visual.spec.ts:41:7 › atoms-button--playground (574ms)
  ✓    45 [mobile] › visual/visual.spec.ts:41:7 › atoms-button--states (602ms)
  ✓    46 [mobile] › visual/visual.spec.ts:41:7 › atoms-button--states-primary (570ms)
  ✓    47 [mobile] › visual/visual.spec.ts:41:7 › atoms-button--states-ghost (599ms)
  ✓    48 [mobile] › visual/visual.spec.ts:41:7 › atoms-button--states-inverse (578ms)
  ✓    49 [mobile] › visual/visual.spec.ts:41:7 › atoms-button--states-on-brand (586ms)
  ✓    50 [mobile] › visual/visual.spec.ts:41:7 › atoms-button--variants (575ms)
  ✓    51 [mobile] › visual/visual.spec.ts:41:7 › atoms-button--sizes (581ms)
  ✓    52 [mobile] › visual/visual.spec.ts:41:7 › atoms-button--leading-icon (633ms)
  ✓    53 [mobile] › visual/visual.spec.ts:41:7 › atoms-button--trailing-icon (685ms)
  ✓    54 [mobile] › visual/visual.spec.ts:41:7 › atoms-button--both-icons (745ms)
  ✓    55 [mobile] › visual/visual.spec.ts:41:7 › atoms-button--icon-by-size (733ms)
  ✓    56 [mobile] › visual/visual.spec.ts:41:7 › atoms-button--icon-after-by-size (794ms)
  ✓    57 [mobile] › visual/visual.spec.ts:41:7 › atoms-button--on-brand (729ms)
  ✓    58 [mobile] › visual/visual.spec.ts:41:7 › atoms-button--loading (727ms)
  ✓    59 [mobile] › visual/visual.spec.ts:41:7 › atoms-button--disabled (736ms)
  ✓    60 [mobile] › visual/visual.spec.ts:41:7 › atoms-button--full-width (737ms)
  ✓    61 [mobile] › visual/visual.spec.ts:41:7 › atoms-button--sx (796ms)
  ✓    62 [mobile] › visual/visual.spec.ts:41:7 › atoms-button--on-surfaces-story (757ms)
  ✓    63 [mobile] › visual/visual.spec.ts:41:7 › atoms-button--nested-surfaces (821ms)
  ✓    64 [mobile] › visual/visual.spec.ts:41:7 › atoms-button--as-child (743ms)
  ✓    65 [mobile] › visual/visual.spec.ts:41:7 › atoms-button--long-label (935ms)
  ✓    66 [mobile] › visual/visual.spec.ts:41:7 › atoms-card--playground (1.0s)
  ✓    67 [mobile] › visual/visual.spec.ts:41:7 › atoms-card--states (1.5s)
  ✓    69 [mobile] › visual/visual.spec.ts:41:7 › atoms-card--feature-quiet (1.4s)
  ✓    71 [mobile] › visual/visual.spec.ts:41:7 › atoms-card--padding-none (2.0s)
  ✓    70 [mobile] › visual/visual.spec.ts:41:7 › atoms-card--brand-ink (2.8s)
  ✓    68 [mobile] › visual/visual.spec.ts:41:7 › atoms-card--default (3.9s)
  ✓    72 [mobile] › visual/visual.spec.ts:41:7 › atoms-card--paddings (2.8s)
  ✓    74 [mobile] › visual/visual.spec.ts:41:7 › atoms-card--interactive-with-link (1.7s)
  ✓    73 [mobile] › visual/visual.spec.ts:41:7 › atoms-card--as-child (3.1s)
  ✓    75 [mobile] › visual/visual.spec.ts:41:7 › atoms-card--light-island (2.0s)
  ✓    77 [mobile] › visual/visual.spec.ts:41:7 › atoms-checkbox--playground (1.4s)
  ✓    76 [mobile] › visual/visual.spec.ts:41:7 › atoms-card--soft-inside-brand (1.8s)
  ✓    78 [mobile] › visual/visual.spec.ts:41:7 › atoms-checkbox--interaction (1.6s)
  ✓    79 [mobile] › visual/visual.spec.ts:41:7 › atoms-checkbox--checked-and-unchecked (1.5s)
  ✓    80 [mobile] › visual/visual.spec.ts:41:7 › atoms-checkbox--price (1.0s)
  ✓    81 [mobile] › visual/visual.spec.ts:41:7 › atoms-checkbox--description (888ms)
  ✓    82 [mobile] › visual/visual.spec.ts:41:7 › atoms-checkbox--invalid (891ms)
  ✓    83 [mobile] › visual/visual.spec.ts:41:7 › atoms-checkbox--disabled (700ms)
  ✓    84 [mobile] › visual/visual.spec.ts:41:7 › atoms-checkbox--add-on-list (660ms)
  ✓    85 [mobile] › visual/visual.spec.ts:41:7 › atoms-checkbox--on-surfaces-story (616ms)
  ✓    87 [mobile] › visual/visual.spec.ts:41:7 › atoms-countdown--in-launch-bar (575ms)
  ✓    88 [mobile] › visual/visual.spec.ts:41:7 › atoms-countdown--ended (586ms)
  ✓    89 [mobile] › visual/visual.spec.ts:41:7 › atoms-countdown--ended-renders-nothing (549ms)
  ✓    90 [mobile] › visual/visual.spec.ts:41:7 › atoms-dietmark--playground (577ms)
  ✓    91 [mobile] › visual/visual.spec.ts:41:7 › atoms-dietmark--sizes (791ms)
  ✓    92 [mobile] › visual/visual.spec.ts:41:7 › atoms-dietmark--in-context (682ms)
  ✓    93 [mobile] › visual/visual.spec.ts:41:7 › atoms-divider--playground (726ms)
  ✓    86 [mobile] › visual/visual.spec.ts:41:7 › atoms-countdown--playground (1.6s)
  ✓    94 [mobile] › visual/visual.spec.ts:41:7 › atoms-divider--line (640ms)
  ✓    95 [mobile] › visual/visual.spec.ts:41:7 › atoms-divider--label (530ms)
  ✓    96 [mobile] › visual/visual.spec.ts:41:7 › atoms-divider--diamond (622ms)
  ✓    98 [mobile] › visual/visual.spec.ts:41:7 › atoms-divider--between-menu-rows (587ms)
  ✓    97 [mobile] › visual/visual.spec.ts:41:7 › atoms-divider--on-brand (671ms)
  ✓    99 [mobile] › visual/visual.spec.ts:41:7 › atoms-divider--vertical (696ms)
  ✓   100 [mobile] › visual/visual.spec.ts:41:7 › atoms-divider--on-surfaces-story (576ms)
  ✓   101 [mobile] › visual/visual.spec.ts:41:7 › atoms-fab--playground (696ms)
  ✓   102 [mobile] › visual/visual.spec.ts:41:7 › atoms-fab--variants (671ms)
  ✓   103 [mobile] › visual/visual.spec.ts:41:7 › atoms-fab--sizes (675ms)
  ✓   104 [mobile] › visual/visual.spec.ts:41:7 › atoms-fab--extended (657ms)
  ✓   105 [mobile] › visual/visual.spec.ts:41:7 › atoms-fab--disabled (613ms)
  ✓   106 [mobile] › visual/visual.spec.ts:41:7 › atoms-fab--as-link (574ms)
  ✓   107 [mobile] › visual/visual.spec.ts:41:7 › atoms-fab--on-grounds (621ms)
  ✓   108 [mobile] › visual/visual.spec.ts:41:7 › atoms-fab--positions (660ms)
  ✓   109 [mobile] › visual/visual.spec.ts:41:7 › atoms-fab--pinned (652ms)
  ✓   110 [mobile] › visual/visual.spec.ts:41:7 › atoms-fab--mobile-360 (651ms)
  ✓   111 [mobile] › visual/visual.spec.ts:41:7 › atoms-iconbutton--playground (640ms)
  ✓   112 [mobile] › visual/visual.spec.ts:41:7 › atoms-iconbutton--states (657ms)
  ✓   113 [mobile] › visual/visual.spec.ts:41:7 › atoms-iconbutton--variants (682ms)
  ✓   114 [mobile] › visual/visual.spec.ts:41:7 › atoms-iconbutton--sizes (674ms)
  ✓   115 [mobile] › visual/visual.spec.ts:41:7 › atoms-iconbutton--on-brand (629ms)
  ✓   116 [mobile] › visual/visual.spec.ts:41:7 › atoms-iconbutton--disabled (639ms)
  ✓   117 [mobile] › visual/visual.spec.ts:41:7 › atoms-iconbutton--over-photography (698ms)
  ✓   118 [mobile] › visual/visual.spec.ts:41:7 › atoms-iconbutton--count (646ms)
  ✓   119 [mobile] › visual/visual.spec.ts:41:7 › atoms-iconbutton--icon-only (637ms)
  ✓   120 [mobile] › visual/visual.spec.ts:41:7 › atoms-iconbutton--on-surfaces-story (631ms)
  ✓   121 [mobile] › visual/visual.spec.ts:41:7 › atoms-iconbutton--as-child (641ms)
  ✓   122 [mobile] › visual/visual.spec.ts:41:7 › atoms-icon--playground (595ms)
  ✓   123 [mobile] › visual/visual.spec.ts:41:7 › atoms-icon--sizes (643ms)
  ✓   124 [mobile] › visual/visual.spec.ts:41:7 › atoms-icon--current-color (687ms)
  ✓   125 [mobile] › visual/visual.spec.ts:41:7 › atoms-icon--glyphs (709ms)
  ✓   126 [mobile] › visual/visual.spec.ts:41:7 › atoms-icon--labelled (614ms)
  ✓   127 [mobile] › visual/visual.spec.ts:41:7 › atoms-icon--on-ink (584ms)
  ✓   128 [mobile] › visual/visual.spec.ts:41:7 › atoms-imageslot--playground (668ms)
  ✓   129 [mobile] › visual/visual.spec.ts:41:7 › atoms-imageslot--ratios (715ms)
  ✓   130 [mobile] › visual/visual.spec.ts:41:7 › atoms-imageslot--variants (748ms)
  ✓   131 [mobile] › visual/visual.spec.ts:41:7 › atoms-imageslot--label (674ms)
  ✓   132 [mobile] › visual/visual.spec.ts:41:7 › atoms-imageslot--photo (771ms)
  ✓   133 [mobile] › visual/visual.spec.ts:41:7 › atoms-imageslot--fill (722ms)
  ✓   134 [mobile] › visual/visual.spec.ts:41:7 › atoms-imageslot--radii (711ms)
  ✓   135 [mobile] › visual/visual.spec.ts:41:7 › atoms-imageslot--sx (703ms)
  ✓   136 [mobile] › visual/visual.spec.ts:41:7 › atoms-input--playground (762ms)
  ✓   137 [mobile] › visual/visual.spec.ts:41:7 › atoms-input--states (751ms)
  ✓   138 [mobile] › visual/visual.spec.ts:41:7 › atoms-input--rest (661ms)
  ✓   139 [mobile] › visual/visual.spec.ts:41:7 › atoms-input--filled-with-icon (703ms)
  ✓   140 [mobile] › visual/visual.spec.ts:41:7 › atoms-input--status-error (757ms)
  ✓   141 [mobile] › visual/visual.spec.ts:41:7 › atoms-input--status-success (755ms)
  ✓   142 [mobile] › visual/visual.spec.ts:41:7 › atoms-input--status-warning (711ms)
  ✓   143 [mobile] › visual/visual.spec.ts:41:7 › atoms-input--loading (757ms)
  ✓   144 [mobile] › visual/visual.spec.ts:41:7 › atoms-input--read-only (721ms)
  ✓   145 [mobile] › visual/visual.spec.ts:41:7 › atoms-input--disabled (689ms)
  ✓   146 [mobile] › visual/visual.spec.ts:41:7 › atoms-input--suffix-and-trailing (658ms)
  ✓   147 [mobile] › visual/visual.spec.ts:41:7 › atoms-input--disabled-trailing (673ms)
  ✓   148 [mobile] › visual/visual.spec.ts:41:7 › atoms-input--in-disabled-fieldset (648ms)
  ✓   149 [mobile] › visual/visual.spec.ts:41:7 › atoms-input--sizes (606ms)
  ✓   150 [mobile] › visual/visual.spec.ts:41:7 › atoms-input--multiline (589ms)
  ✓   151 [mobile] › visual/visual.spec.ts:41:7 › atoms-input--on-surfaces-story (626ms)
  ✓   152 [mobile] › visual/visual.spec.ts:41:7 › atoms-link--playground (570ms)
  ✓   153 [mobile] › visual/visual.spec.ts:41:7 › atoms-link--states (596ms)
  ✓   154 [mobile] › visual/visual.spec.ts:41:7 › atoms-link--default (568ms)
  ✓   155 [mobile] › visual/visual.spec.ts:41:7 › atoms-link--colors (583ms)
  ✓   156 [mobile] › visual/visual.spec.ts:41:7 › atoms-link--underline (600ms)
  ✓   157 [mobile] › visual/visual.spec.ts:41:7 › atoms-link--variants (625ms)
  ✓   158 [mobile] › visual/visual.spec.ts:41:7 › atoms-link--inherits-paragraph (590ms)
  ✓   159 [mobile] › visual/visual.spec.ts:41:7 › atoms-link--external (627ms)
  ✓   160 [mobile] › visual/visual.spec.ts:41:7 › atoms-link--as-child (572ms)
  ✓   161 [mobile] › visual/visual.spec.ts:41:7 › atoms-link--in-footer-nav (616ms)
  ✓   162 [mobile] › visual/visual.spec.ts:41:7 › atoms-link--on-surfaces-story (673ms)
  ✓   163 [mobile] › visual/visual.spec.ts:41:7 › atoms-menu--three-dot-menu (681ms)
  ✓   164 [mobile] › visual/visual.spec.ts:41:7 › atoms-menu--basic-menu (668ms)
  ✓   165 [mobile] › visual/visual.spec.ts:41:7 › atoms-menu--icon-menu (670ms)
  ✓   166 [mobile] › visual/visual.spec.ts:41:7 › atoms-menu--dense-menu (734ms)
  ✓   167 [mobile] › visual/visual.spec.ts:41:7 › atoms-menu--selected-menu (605ms)
  ✓   168 [mobile] › visual/visual.spec.ts:41:7 › atoms-menu--positioned-menu (589ms)
  ✓   169 [mobile] › visual/visual.spec.ts:41:7 › atoms-menu--long-menu (634ms)
  ✓   170 [mobile] › visual/visual.spec.ts:41:7 › atoms-menu--account-menu (598ms)
  ✓   171 [mobile] › visual/visual.spec.ts:41:7 › atoms-menu--radio-menu (624ms)
  ✓   172 [mobile] › visual/visual.spec.ts:41:7 › atoms-menu--checkbox-menu (633ms)
  ✓   173 [mobile] › visual/visual.spec.ts:41:7 › atoms-menu--nested-menu (645ms)
  ✓   174 [mobile] › visual/visual.spec.ts:41:7 › atoms-menu--on-surfaces (619ms)
  ✓   175 [mobile] › visual/visual.spec.ts:41:7 › atoms-menu--mobile-360 (650ms)
  ✓   176 [mobile] › visual/visual.spec.ts:41:7 › atoms-menu--listbox (567ms)
  ✓   177 [mobile] › visual/visual.spec.ts:41:7 › atoms-menu--groups-and-meta (600ms)
  ✓   178 [mobile] › visual/visual.spec.ts:41:7 › atoms-menu--empty (625ms)
  ✓   179 [mobile] › visual/visual.spec.ts:41:7 › atoms-menu--sheet-360 (588ms)
  ✓   180 [mobile] › visual/visual.spec.ts:41:7 › atoms-menu--floating-641 (619ms)
  ✓   181 [mobile] › visual/visual.spec.ts:41:7 › atoms-patternfield--playground (523ms)
  ✓   182 [mobile] › visual/visual.spec.ts:41:7 › atoms-patternfield--brand (565ms)
  ✓   183 [mobile] › visual/visual.spec.ts:41:7 › atoms-patternfield--ink (577ms)
  ✓   184 [mobile] › visual/visual.spec.ts:41:7 › atoms-patternfield--soft (536ms)
  ✓   185 [mobile] › visual/visual.spec.ts:41:7 › atoms-patternfield--light (597ms)
  ✓   186 [mobile] › visual/visual.spec.ts:41:7 › atoms-patternfield--faint (585ms)
  ✓   187 [mobile] › visual/visual.spec.ts:41:7 › atoms-patternfield--tiles (606ms)
  ✓   188 [mobile] › visual/visual.spec.ts:41:7 › atoms-patternfield--as-child (592ms)
  ✓   189 [mobile] › visual/visual.spec.ts:41:7 › atoms-patternfield--full-bleed-band (621ms)
  ✓   190 [mobile] › visual/visual.spec.ts:41:7 › atoms-patternfield--sx (618ms)
  ✓   191 [mobile] › visual/visual.spec.ts:41:7 › atoms-popover--playground (717ms)
  ✓   192 [mobile] › visual/visual.spec.ts:41:7 › atoms-popover--sides (647ms)
  ✓   194 [mobile] › visual/visual.spec.ts:41:7 › atoms-popover--info-popover (681ms)
  ✓   195 [mobile] › visual/visual.spec.ts:41:7 › atoms-popover--controlled (623ms)
  ✓   196 [mobile] › visual/visual.spec.ts:41:7 › atoms-popover--on-surfaces (608ms)
  ✓   197 [mobile] › visual/visual.spec.ts:41:7 › atoms-popover--mobile-360 (580ms)
  ✓   198 [mobile] › visual/visual.spec.ts:41:7 › atoms-popover--sheet (549ms)
  ✓   199 [mobile] › visual/visual.spec.ts:41:7 › atoms-popover--sheet-360 (608ms)
  ✓   193 [mobile] › visual/visual.spec.ts:41:7 › atoms-popover--with-title (1.7s)
  ✓   200 [mobile] › visual/visual.spec.ts:41:7 › atoms-popover--floating-641 (571ms)
  ✓   201 [mobile] › visual/visual.spec.ts:41:7 › atoms-pricetag--playground (540ms)
  ✓   202 [mobile] › visual/visual.spec.ts:41:7 › atoms-pricetag--amounts (572ms)
  ✓   203 [mobile] › visual/visual.spec.ts:41:7 › atoms-pricetag--was (670ms)
  ✓   204 [mobile] › visual/visual.spec.ts:41:7 › atoms-pricetag--sizes (627ms)
  ✓   205 [mobile] › visual/visual.spec.ts:41:7 › atoms-pricetag--range (658ms)
  ✓   206 [mobile] › visual/visual.spec.ts:41:7 › atoms-pricetag--colors (781ms)
  ✓   207 [mobile] › visual/visual.spec.ts:41:7 › atoms-pricetag--canvas (772ms)
  ✓   208 [mobile] › visual/visual.spec.ts:41:7 › atoms-pricetag--sx (620ms)
  ✓   209 [mobile] › visual/visual.spec.ts:41:7 › atoms-pricetag--on-surfaces-story (622ms)
  ✓   210 [mobile] › visual/visual.spec.ts:41:7 › atoms-progressbar--playground (737ms)
  ✓   211 [mobile] › visual/visual.spec.ts:41:7 › atoms-progressbar--segments (737ms)
  ✓   212 [mobile] › visual/visual.spec.ts:41:7 › atoms-progressbar--continuous (660ms)
  ✓   213 [mobile] › visual/visual.spec.ts:41:7 › atoms-progressbar--color-success (722ms)
  ✓   214 [mobile] › visual/visual.spec.ts:41:7 › atoms-progressbar--inverse (660ms)
  ✓   215 [mobile] › visual/visual.spec.ts:41:7 › atoms-progressbar--narrow (602ms)
  ✓   216 [mobile] › visual/visual.spec.ts:41:7 › atoms-progressbar--sizes (601ms)
  ✓   217 [mobile] › visual/visual.spec.ts:41:7 › atoms-progressbar--on-surfaces-story (602ms)
  ✓   218 [mobile] › visual/visual.spec.ts:41:7 › atoms-progressbar--sx (548ms)
  ✓   219 [mobile] › visual/visual.spec.ts:41:7 › atoms-radio--playground (583ms)
  ✓   220 [mobile] › visual/visual.spec.ts:41:7 › atoms-radio--interaction (622ms)
  ✓   221 [mobile] › visual/visual.spec.ts:41:7 › atoms-radio--group (548ms)
  ✓   222 [mobile] › visual/visual.spec.ts:41:7 › atoms-radio--no-price (611ms)
  ✓   223 [mobile] › visual/visual.spec.ts:41:7 › atoms-radio--disabled (559ms)
  ✓   224 [mobile] › visual/visual.spec.ts:41:7 › atoms-radio--group-error (685ms)
  ✓   225 [mobile] › visual/visual.spec.ts:41:7 › atoms-radio--invalid-checked (675ms)
  ✓   226 [mobile] › visual/visual.spec.ts:41:7 › atoms-radio--horizontal (698ms)
  ✓   227 [mobile] › visual/visual.spec.ts:41:7 › atoms-radio--states (690ms)
  ✓   228 [mobile] › visual/visual.spec.ts:41:7 › atoms-radio--portion-picker (749ms)
  ✓   229 [mobile] › visual/visual.spec.ts:41:7 › atoms-radio--on-surfaces-story (659ms)
  ✓   230 [mobile] › visual/visual.spec.ts:41:7 › atoms-rating--playground (650ms)
  ✓   231 [mobile] › visual/visual.spec.ts:41:7 › atoms-rating--values (646ms)
  ✓   232 [mobile] › visual/visual.spec.ts:41:7 › atoms-rating--symbol (565ms)
  ✓   233 [mobile] › visual/visual.spec.ts:41:7 › atoms-rating--count (622ms)
  ✓   234 [mobile] › visual/visual.spec.ts:41:7 › atoms-rating--sizes (611ms)
  ✓   235 [mobile] › visual/visual.spec.ts:41:7 › atoms-rating--partial-fill (641ms)
  ✓   236 [mobile] › visual/visual.spec.ts:41:7 › atoms-rating--on-an-outlet-card (610ms)
  ✓   237 [mobile] › visual/visual.spec.ts:41:7 › atoms-rating--on-surfaces-story (638ms)
  ✓   238 [mobile] › visual/visual.spec.ts:41:7 › atoms-select--playground (653ms)
  ✓   239 [mobile] › visual/visual.spec.ts:41:7 › atoms-select--rest (661ms)
  ✓   240 [mobile] › visual/visual.spec.ts:41:7 › atoms-select--placeholder-and-icon (769ms)
  ✓   241 [mobile] › visual/visual.spec.ts:41:7 › atoms-select--status-error (737ms)
  ✓   242 [mobile] › visual/visual.spec.ts:41:7 › atoms-select--status-success (765ms)
  ✓   243 [mobile] › visual/visual.spec.ts:41:7 › atoms-select--status-warning (792ms)
  ✓   244 [mobile] › visual/visual.spec.ts:41:7 › atoms-select--read-only-and-disabled (790ms)
  ✓   245 [mobile] › visual/visual.spec.ts:41:7 › atoms-select--sizes (644ms)
  ✓   246 [mobile] › visual/visual.spec.ts:41:7 › atoms-select--long-label-at-360 (604ms)
  ✓   247 [mobile] › visual/visual.spec.ts:41:7 › atoms-select--two-up-at-360 (571ms)
  ✓   248 [mobile] › visual/visual.spec.ts:41:7 › atoms-select--on-surfaces-story (596ms)
  ✓   249 [mobile] › visual/visual.spec.ts:41:7 › atoms-select--content-sized-parent (625ms)
  ✓   250 [mobile] › visual/visual.spec.ts:41:7 › atoms-select--open-list (616ms)
  ✓   251 [mobile] › visual/visual.spec.ts:41:7 › atoms-select--keyboard (681ms)
  ✓   252 [mobile] › visual/visual.spec.ts:41:7 › atoms-select--long-list (673ms)
  ✓   253 [mobile] › visual/visual.spec.ts:41:7 › atoms-select--in-dialog (591ms)
  ✓   254 [mobile] › visual/visual.spec.ts:41:7 › atoms-select--in-app-shell (723ms)
  ✓   255 [mobile] › visual/visual.spec.ts:41:7 › atoms-select--sheet-360 (729ms)
  ✓   256 [mobile] › visual/visual.spec.ts:41:7 › atoms-skeleton--playground (739ms)
  ✓   257 [mobile] › visual/visual.spec.ts:41:7 › atoms-skeleton--block (759ms)
  ✓   258 [mobile] › visual/visual.spec.ts:41:7 › atoms-skeleton--lines (706ms)
  ✓   259 [mobile] › visual/visual.spec.ts:41:7 › atoms-skeleton--circle (633ms)
  ✓   260 [mobile] › visual/visual.spec.ts:41:7 › atoms-skeleton--card-shape (615ms)
  ✓   261 [mobile] › visual/visual.spec.ts:41:7 › atoms-slider--playground (639ms)
  ✓   262 [mobile] › visual/visual.spec.ts:41:7 › atoms-slider--dawat-guests (638ms)
  ✓   263 [mobile] › visual/visual.spec.ts:41:7 › atoms-slider--office-meals-on-ink (672ms)
  ✓   264 [mobile] › visual/visual.spec.ts:41:7 › atoms-slider--disabled (602ms)
  ✓   265 [mobile] › visual/visual.spec.ts:41:7 › atoms-socialheadline--playground (624ms)
  ✓   266 [mobile] › visual/visual.spec.ts:41:7 › atoms-socialheadline--overline (580ms)
  ✓   267 [mobile] › visual/visual.spec.ts:41:7 › atoms-socialheadline--hero (593ms)
  ✓   268 [mobile] › visual/visual.spec.ts:41:7 › atoms-socialheadline--h-1-h-2 (566ms)
  ✓   269 [mobile] › visual/visual.spec.ts:41:7 › atoms-socialheadline--body-caption (592ms)
  ✓   270 [mobile] › visual/visual.spec.ts:41:7 › atoms-socialheadline--alignment (572ms)
  ✓   271 [mobile] › visual/visual.spec.ts:41:7 › atoms-socialheadline--on-a-canvas (658ms)
  ✓   272 [mobile] › visual/visual.spec.ts:41:7 › atoms-socialheadline--on-surfaces-story (677ms)
  ✓   273 [mobile] › visual/visual.spec.ts:41:7 › atoms-socialheadline--sx (701ms)
  ✓   274 [mobile] › visual/visual.spec.ts:41:7 › atoms-spicelevel--playground (584ms)
  ✓   275 [mobile] › visual/visual.spec.ts:41:7 › atoms-spicelevel--levels (579ms)
  ✓   276 [mobile] › visual/visual.spec.ts:41:7 › atoms-spicelevel--with-label (591ms)
  ✓   277 [mobile] › visual/visual.spec.ts:41:7 › atoms-spicelevel--sizes (570ms)
  ✓   278 [mobile] › visual/visual.spec.ts:41:7 › atoms-spicelevel--in-context (605ms)
  ✓   279 [mobile] › visual/visual.spec.ts:41:7 › atoms-spicelevel--on-surfaces-story (662ms)
  ✓   280 [mobile] › visual/visual.spec.ts:41:7 › atoms-spinner--playground (674ms)
  ✓   281 [mobile] › visual/visual.spec.ts:41:7 › atoms-spinner--sizes (579ms)
  ✓   282 [mobile] › visual/visual.spec.ts:41:7 › atoms-spinner--colors (564ms)
  ✓   283 [mobile] › visual/visual.spec.ts:41:7 › atoms-spinner--inverse (562ms)
  ✓   284 [mobile] › visual/visual.spec.ts:41:7 › atoms-spinner--sx (560ms)
  ✓   285 [mobile] › visual/visual.spec.ts:41:7 › atoms-statusdot--playground (563ms)
  ✓   286 [mobile] › visual/visual.spec.ts:41:7 › atoms-statusdot--statuses (539ms)
  ✓   287 [mobile] › visual/visual.spec.ts:41:7 › atoms-statusdot--sizes (538ms)
  ✓   288 [mobile] › visual/visual.spec.ts:41:7 › atoms-statusdot--pulse (517ms)
  ✓   289 [mobile] › visual/visual.spec.ts:41:7 › atoms-statusdot--bare (532ms)
  ✓   290 [mobile] › visual/visual.spec.ts:41:7 › atoms-statusdot--outlet-strip (548ms)
  ✓   291 [mobile] › visual/visual.spec.ts:41:7 › atoms-statusdot--sx (539ms)
  ✓   292 [mobile] › visual/visual.spec.ts:41:7 › atoms-switch--playground (546ms)
  ✓   293 [mobile] › visual/visual.spec.ts:41:7 › atoms-switch--interaction (595ms)
  ✓   294 [mobile] › visual/visual.spec.ts:41:7 › atoms-switch--on-and-off (563ms)
  ✓   295 [mobile] › visual/visual.spec.ts:41:7 › atoms-switch--description (557ms)
  ✓   296 [mobile] › visual/visual.spec.ts:41:7 › atoms-switch--disabled (557ms)
  ✓   297 [mobile] › visual/visual.spec.ts:41:7 › atoms-switch--label-hidden (581ms)
  ✓   298 [mobile] › visual/visual.spec.ts:41:7 › atoms-switch--preferences-panel (578ms)
  ✓   299 [mobile] › visual/visual.spec.ts:41:7 › atoms-switch--on-surfaces-story (586ms)
  ✓   300 [mobile] › visual/visual.spec.ts:41:7 › atoms-tag--playground (603ms)
  ✓   301 [mobile] › visual/visual.spec.ts:41:7 › atoms-tag--states (566ms)
  ✓   302 [mobile] › visual/visual.spec.ts:41:7 › atoms-tag--selectable (590ms)
  ✓   303 [mobile] › visual/visual.spec.ts:41:7 › atoms-tag--with-icon (536ms)
  ✓   304 [mobile] › visual/visual.spec.ts:41:7 › atoms-tag--disabled (588ms)
  ✓   305 [mobile] › visual/visual.spec.ts:41:7 › atoms-tag--category-filter-rail (593ms)
  ✓   306 [mobile] › visual/visual.spec.ts:41:7 › atoms-tag--colors (559ms)
  ✓   307 [mobile] › visual/visual.spec.ts:41:7 › atoms-tag--on-surfaces-story (584ms)
  ✓   308 [mobile] › visual/visual.spec.ts:41:7 › atoms-tag--long-label (581ms)
  ✓   309 [mobile] › visual/visual.spec.ts:41:7 › atoms-textbutton--playground (590ms)
  ✓   310 [mobile] › visual/visual.spec.ts:41:7 › atoms-textbutton--states (574ms)
  ✓   311 [mobile] › visual/visual.spec.ts:41:7 › atoms-textbutton--colors (674ms)
  ✓   312 [mobile] › visual/visual.spec.ts:41:7 › atoms-textbutton--caps (610ms)
  ✓   313 [mobile] › visual/visual.spec.ts:41:7 › atoms-textbutton--with-icons (593ms)
  ✓   314 [mobile] › visual/visual.spec.ts:41:7 › atoms-textbutton--on-surfaces-story (564ms)
  ✓   315 [mobile] › visual/visual.spec.ts:41:7 › atoms-togglebutton--playground (555ms)
  ✓   316 [mobile] › visual/visual.spec.ts:41:7 › atoms-togglebutton--standalone (593ms)
  ✓   317 [mobile] › visual/visual.spec.ts:41:7 › atoms-togglebutton--sizes (655ms)
  ✓   318 [mobile] › visual/visual.spec.ts:41:7 › atoms-togglebutton--colors (649ms)
  ✓   319 [mobile] › visual/visual.spec.ts:41:7 › atoms-togglebutton--icon-only (636ms)
  ✓   320 [mobile] › visual/visual.spec.ts:41:7 › atoms-togglebutton--disabled (687ms)
  ✓   321 [mobile] › visual/visual.spec.ts:41:7 › atoms-tooltip--playground (651ms)
  ✓   322 [mobile] › visual/visual.spec.ts:41:7 › atoms-tooltip--sides (790ms)
  ✓   323 [mobile] › visual/visual.spec.ts:41:7 › atoms-tooltip--long-hint (755ms)
  ✓   324 [mobile] › visual/visual.spec.ts:41:7 › atoms-tooltip--on-a-button (702ms)
  ✓   325 [mobile] › visual/visual.spec.ts:41:7 › atoms-typography--playground (592ms)
  ✓   326 [mobile] › visual/visual.spec.ts:41:7 › atoms-typography--display-1 (543ms)
  ✓   327 [mobile] › visual/visual.spec.ts:41:7 › atoms-typography--display-2 (504ms)
  ✓   328 [mobile] › visual/visual.spec.ts:41:7 › atoms-typography--headings (556ms)
  ✓   329 [mobile] › visual/visual.spec.ts:41:7 › atoms-typography--body (569ms)
  ✓   330 [mobile] › visual/visual.spec.ts:41:7 › atoms-typography--caption-overline-mono (538ms)
  ✓   331 [mobile] › visual/visual.spec.ts:41:7 › atoms-typography--colors (522ms)
  ✓   332 [mobile] › visual/visual.spec.ts:41:7 › atoms-typography--no-wrap (582ms)
  ✓   333 [mobile] › visual/visual.spec.ts:41:7 › atoms-typography--link-variants (554ms)
  ✓   334 [mobile] › visual/visual.spec.ts:41:7 › atoms-typography--line-clamp (533ms)
  ✓   335 [mobile] › visual/visual.spec.ts:41:7 › atoms-typography--measure (598ms)
  ✓   336 [mobile] › visual/visual.spec.ts:41:7 › atoms-typography--fluid (578ms)
  ✓   337 [mobile] › visual/visual.spec.ts:41:7 › atoms-typography--on-surfaces-story (623ms)
  ✓   338 [mobile] › visual/visual.spec.ts:41:7 › brand-logo--playground (681ms)
  ✓   339 [mobile] › visual/visual.spec.ts:41:7 › brand-logo--variants (697ms)
  ✓   340 [mobile] › visual/visual.spec.ts:41:7 › brand-logo--colors (766ms)
  ✓   341 [mobile] › visual/visual.spec.ts:41:7 › brand-logo--clear-space (820ms)
  ✓   342 [mobile] › visual/visual.spec.ts:41:7 › brand-logo--header-height (593ms)
  ✓   343 [mobile] › visual/visual.spec.ts:41:7 › brand-logo--sx (618ms)
  ✓   344 [mobile] › visual/visual.spec.ts:41:7 › brand-specimens--lockup (705ms)
  ✓   345 [mobile] › visual/visual.spec.ts:41:7 › brand-specimens--wordmark (657ms)
  ✓   346 [mobile] › visual/visual.spec.ts:41:7 › brand-specimens--logo-tokens (697ms)
  ✓   347 [mobile] › visual/visual.spec.ts:41:7 › brand-specimens--clear-space (678ms)
  ✓   348 [mobile] › visual/visual.spec.ts:41:7 › brand-specimens--symbol-mark (694ms)
  ✓   349 [mobile] › visual/visual.spec.ts:41:7 › brand-specimens--mark-legibility (642ms)
  ✓   350 [mobile] › visual/visual.spec.ts:41:7 › brand-specimens--pattern-fields (679ms)
  ✓   351 [mobile] › visual/visual.spec.ts:41:7 › brand-specimens--pattern-tokens (712ms)
  ✓   352 [mobile] › visual/visual.spec.ts:41:7 › brand-specimens--diamond-motif (715ms)
  ✓   353 [mobile] › visual/visual.spec.ts:41:7 › brand-specimens--company-facts (827ms)
  ✓   354 [mobile] › visual/visual.spec.ts:41:7 › brand-specimens--company-facts-xl (744ms)
  ✓   355 [mobile] › visual/visual.spec.ts:41:7 › brand-specimens--icon-sizes (679ms)
  ✓   356 [mobile] › visual/visual.spec.ts:41:7 › brand-specimens--brand-glyphs (697ms)
  ✓   357 [mobile] › visual/visual.spec.ts:41:7 › brand-specimens--diet-and-heat (718ms)
  ✓   359 [mobile] › visual/visual.spec.ts:41:7 › colors-specimens--ink-ramp (815ms)
  ✓   358 [mobile] › visual/visual.spec.ts:41:7 › colors-specimens--pink-ramp (877ms)
  ✓   360 [mobile] › visual/visual.spec.ts:41:7 › colors-specimens--accents (805ms)
  ✓   361 [mobile] › visual/visual.spec.ts:41:7 › colors-specimens--text-companions (727ms)
  ✓   362 [mobile] › visual/visual.spec.ts:41:7 › colors-specimens--heat-scale (718ms)
  ✓   363 [mobile] › visual/visual.spec.ts:41:7 › colors-specimens--semantic-panels (630ms)
  ✓   365 [mobile] › visual/visual.spec.ts:41:7 › colors-specimens--four-grounds (664ms)
  ✓   366 [mobile] › visual/visual.spec.ts:41:7 › colors-specimens--light-island (666ms)
  ✓   364 [mobile] › visual/visual.spec.ts:41:7 › colors-specimens--semantic-tokens (1.1s)
  ✓   368 [mobile] › visual/visual.spec.ts:41:7 › colors-specimens--status-swatches (701ms)
  ✓   369 [mobile] › visual/visual.spec.ts:41:7 › colors-specimens--status-alerts (643ms)
  ✓   371 [mobile] › visual/visual.spec.ts:41:7 › layout-specimens--breakpoints (678ms)
  ✓   372 [mobile] › visual/visual.spec.ts:41:7 › layout-specimens--auto-grid-cards (644ms)
  ✓   373 [mobile] › visual/visual.spec.ts:41:7 › layout-specimens--auto-grid-tokens (671ms)
  ✓   370 [mobile] › visual/visual.spec.ts:41:7 › colors-specimens--contrast (1.3s)
  ✓   374 [mobile] › visual/visual.spec.ts:41:7 › layout-specimens--radii (642ms)
  ✓   375 [mobile] › visual/visual.spec.ts:41:7 › layout-specimens--borders (656ms)
  ✓   376 [mobile] › visual/visual.spec.ts:41:7 › layout-specimens--border-tokens (766ms)
  ✓   377 [mobile] › visual/visual.spec.ts:41:7 › layout-specimens--border-widths (848ms)
  ✓   378 [mobile] › visual/visual.spec.ts:41:7 › layout-specimens--depth-ladder (668ms)
  ✓   379 [mobile] › visual/visual.spec.ts:41:7 › layout-specimens--stacking (793ms)
  ✓   367 [mobile] › visual/visual.spec.ts:41:7 › colors-specimens--surface-overrides (3.2s)
  ✓   380 [mobile] › visual/visual.spec.ts:41:7 › layout-specimens--card-anatomy (679ms)
  ✓   381 [mobile] › visual/visual.spec.ts:41:7 › layout-specimens--utility-classes (673ms)
  ✓   382 [mobile] › visual/visual.spec.ts:41:7 › layouts-appshell--playground (626ms)
  ✓   383 [mobile] › visual/visual.spec.ts:41:7 › layouts-appshell--with-tab-bar (686ms)
  ✓   384 [mobile] › visual/visual.spec.ts:41:7 › layouts-appshell--with-overlay-sheet (714ms)
  ✓   385 [mobile] › visual/visual.spec.ts:41:7 › layouts-appshell--status-tones (932ms)
  ✓   386 [mobile] › visual/visual.spec.ts:41:7 › layouts-appshell--phone-sm (756ms)
  ✓   387 [mobile] › visual/visual.spec.ts:41:7 › layouts-appshell--sizes (817ms)
  ✓   388 [mobile] › visual/visual.spec.ts:41:7 › layouts-autogrid--playground (606ms)
  ✓   389 [mobile] › visual/visual.spec.ts:41:7 › layouts-autogrid--min-card (610ms)
  ✓   390 [mobile] › visual/visual.spec.ts:41:7 › layouts-autogrid--min-md (541ms)
  ✓   391 [mobile] › visual/visual.spec.ts:41:7 › layouts-autogrid--min-xs (609ms)
  ✓   392 [mobile] › visual/visual.spec.ts:41:7 › layouts-autogrid--columns-3 (569ms)
  ✓   393 [mobile] › visual/visual.spec.ts:41:7 › layouts-autogrid--mins (623ms)
  ✓   394 [mobile] › visual/visual.spec.ts:41:7 › layouts-autogrid--spacing (575ms)
  ✓   395 [mobile] › visual/visual.spec.ts:41:7 › layouts-autogrid--columns-at-360 (503ms)
  ✓   396 [mobile] › visual/visual.spec.ts:41:7 › layouts-autogrid--columns-at-768 (552ms)
  ✓   397 [mobile] › visual/visual.spec.ts:41:7 › layouts-autogrid--columns-at-1280 (559ms)
  ✓   398 [mobile] › visual/visual.spec.ts:41:7 › layouts-autogrid--long-word-holds-tracks (550ms)
  ✓   399 [mobile] › visual/visual.spec.ts:41:7 › layouts-autogrid--narrower-than-min-at-360 (538ms)
  ✓   400 [mobile] › visual/visual.spec.ts:41:7 › layouts-box--playground (562ms)
  ✓   401 [mobile] › visual/visual.spec.ts:41:7 › layouts-box--surfaces (566ms)
  ✓   402 [mobile] › visual/visual.spec.ts:41:7 › layouts-box--as-element (574ms)
  ✓   403 [mobile] › visual/visual.spec.ts:41:7 › layouts-box--responsive (578ms)
  ✓   404 [mobile] › visual/visual.spec.ts:41:7 › layouts-cluster--playground (597ms)
  ✓   405 [mobile] › visual/visual.spec.ts:41:7 › layouts-cluster--wrap (573ms)
  ✓   406 [mobile] › visual/visual.spec.ts:41:7 › layouts-cluster--justify-between (566ms)
  ✓   407 [mobile] › visual/visual.spec.ts:41:7 › layouts-cluster--scroll (561ms)
  ✓   408 [mobile] › visual/visual.spec.ts:41:7 › layouts-cluster--wrap-at-360 (533ms)
  ✓   409 [mobile] › visual/visual.spec.ts:41:7 › layouts-cluster--justify (555ms)
  ✓   410 [mobile] › visual/visual.spec.ts:41:7 › layouts-cluster--spacing (582ms)
  ✓   411 [mobile] › visual/visual.spec.ts:41:7 › layouts-cluster--baseline-meta-row (522ms)
  ✓   412 [mobile] › visual/visual.spec.ts:41:7 › layouts-cluster--scrollable-rail-at-360 (644ms)
  ✓   413 [mobile] › visual/visual.spec.ts:41:7 › layouts-container--playground (547ms)
  ✓   414 [mobile] › visual/visual.spec.ts:41:7 › layouts-container--sizes (545ms)
  ✓   415 [mobile] › visual/visual.spec.ts:41:7 › layouts-container--gutter (555ms)
  ✓   416 [mobile] › visual/visual.spec.ts:41:7 › layouts-container--at-the-floor (585ms)
  ✓   417 [mobile] › visual/visual.spec.ts:41:7 › layouts-container--at-desktop (530ms)
  ✓   418 [mobile] › visual/visual.spec.ts:41:7 › layouts-container--in-context (601ms)
  ✓   419 [mobile] › visual/visual.spec.ts:41:7 › layouts-grid--playground (599ms)
  ✓   420 [mobile] › visual/visual.spec.ts:41:7 › layouts-grid--twelve-column (597ms)
  ✓   421 [mobile] › visual/visual.spec.ts:41:7 › layouts-grid--responsive (574ms)
  ✓   422 [mobile] › visual/visual.spec.ts:41:7 › layouts-grid--asymmetric (564ms)
  ✓   423 [mobile] › visual/visual.spec.ts:41:7 › layouts-grid--offset (585ms)
  ✓   424 [mobile] › visual/visual.spec.ts:41:7 › layouts-grid--nested (526ms)
  ✓   425 [mobile] › visual/visual.spec.ts:41:7 › layouts-grid--at-360 (568ms)
  ✓   426 [mobile] › visual/visual.spec.ts:41:7 › layouts-postframe--playground (630ms)
  ✓   427 [mobile] › visual/visual.spec.ts:41:7 › layouts-postframe--post (558ms)
  ✓   429 [mobile] › visual/visual.spec.ts:41:7 › layouts-postframe--story-with-safe-area (541ms)
  ✓   428 [mobile] › visual/visual.spec.ts:41:7 › layouts-postframe--portrait (644ms)
  ✓   430 [mobile] › visual/visual.spec.ts:41:7 › layouts-postframe--landscape (564ms)
  ✓   431 [mobile] › visual/visual.spec.ts:41:7 › layouts-postframe--wide (546ms)
  ✓   432 [mobile] › visual/visual.spec.ts:41:7 › layouts-postframe--safe-area-guides (548ms)
  ✓   433 [mobile] › visual/visual.spec.ts:41:7 › layouts-postframe--padding (563ms)
  ✓   434 [mobile] › visual/visual.spec.ts:41:7 › layouts-postframe--alt-board (578ms)
  ✓   435 [mobile] › visual/visual.spec.ts:41:7 › layouts-postframe--leaderboard (558ms)
  ✓   436 [mobile] › visual/visual.spec.ts:41:7 › layouts-postframe--mpu (571ms)
  ✓   437 [mobile] › visual/visual.spec.ts:41:7 › layouts-postframe--all-formats (564ms)
  ✓   438 [mobile] › visual/visual.spec.ts:41:7 › layouts-postframe--fit-to-parent (606ms)
  ✓   439 [mobile] › visual/visual.spec.ts:41:7 › layouts-postframe--fits-its-parent-at-360 (622ms)
  ✓   440 [mobile] › visual/visual.spec.ts:41:7 › layouts-section--playground (580ms)
  ✓   441 [mobile] › visual/visual.spec.ts:41:7 › layouts-section--surfaces (604ms)
  ✓   442 [mobile] › visual/visual.spec.ts:41:7 › layouts-section--surfaces-at-360 (561ms)
  ✓   443 [mobile] › visual/visual.spec.ts:41:7 › layouts-section--rhythm (535ms)
  ✓   444 [mobile] › visual/visual.spec.ts:41:7 › layouts-section--patterns (583ms)
  ✓   445 [mobile] › visual/visual.spec.ts:41:7 › layouts-section--widths (613ms)
  ✓   446 [mobile] › visual/visual.spec.ts:41:7 › layouts-section--in-context (586ms)
  ✓   447 [mobile] › visual/visual.spec.ts:41:7 › layouts-section--nested-surfaces (590ms)
  ✓   448 [mobile] › visual/visual.spec.ts:41:7 › layouts-stack--playground (549ms)
  ✓   449 [mobile] › visual/visual.spec.ts:41:7 › layouts-stack--space-2 (550ms)
  ✓   450 [mobile] › visual/visual.spec.ts:41:7 › layouts-stack--space-6 (554ms)
  ✓   451 [mobile] › visual/visual.spec.ts:41:7 › layouts-stack--divided (539ms)
  ✓   452 [mobile] › visual/visual.spec.ts:41:7 › layouts-stack--steps (546ms)
  ✓   453 [mobile] › visual/visual.spec.ts:41:7 › layouts-stack--align (573ms)
  ✓   454 [mobile] › visual/visual.spec.ts:41:7 › layouts-stack--divided-list (619ms)
  ✓   455 [mobile] › visual/visual.spec.ts:41:7 › layouts-stack--divided-on-surfaces (583ms)
  ✓   456 [mobile] › visual/visual.spec.ts:41:7 › layouts-stack--long-word-at-360 (591ms)
  ✓   457 [mobile] › visual/visual.spec.ts:41:7 › layouts-stack--with-sx (605ms)
  ✓   458 [mobile] › visual/visual.spec.ts:41:7 › marketing-social-ads--offer (654ms)
  ✓   459 [mobile] › visual/visual.spec.ts:41:7 › marketing-social-ads--dish-launch (682ms)
  ✓   460 [mobile] › visual/visual.spec.ts:41:7 › marketing-social-ads--statement (708ms)
  ✓   461 [mobile] › visual/visual.spec.ts:41:7 › marketing-social-ads--carousel (718ms)
  ✓   462 [mobile] › visual/visual.spec.ts:41:7 › marketing-social-ads--feed-360 (833ms)
  ✓   463 [mobile] › visual/visual.spec.ts:41:7 › marketing-social-ads-ads-boards--offer-story-board (678ms)
  ✓   464 [mobile] › visual/visual.spec.ts:41:7 › marketing-social-ads-ads-boards--dish-story-board (709ms)
  ✓   465 [mobile] › visual/visual.spec.ts:41:7 › marketing-social-ads-ads-boards--link-banner-board (660ms)
  ✓   466 [mobile] › visual/visual.spec.ts:41:7 › marketing-social-ads-ads-boards--leaderboard-board (643ms)
  ✓   467 [mobile] › visual/visual.spec.ts:41:7 › marketing-social-ads-ads-boards--mpu-board (721ms)
  ✓   468 [mobile] › visual/visual.spec.ts:41:7 › marketing-social-ads-ads-boards--ads-360 (670ms)
  ✓   469 [mobile] › visual/visual.spec.ts:41:7 › marketing-specimens--canvas-formats (649ms)
  ✓   470 [mobile] › visual/visual.spec.ts:41:7 › marketing-specimens--canvas-tokens (657ms)
  ✓   471 [mobile] › visual/visual.spec.ts:41:7 › marketing-specimens--canvas-type (606ms)
  ✓   472 [mobile] › visual/visual.spec.ts:41:7 › marketing-specimens--canvas-type-tokens (615ms)
  ✓   474 [mobile] › visual/visual.spec.ts:41:7 › molecules-accordion--playground (570ms)
  ✓   475 [mobile] › visual/visual.spec.ts:41:7 › molecules-accordion--multiple (574ms)
  ✓   476 [mobile] › visual/visual.spec.ts:41:7 › molecules-accordion--as-headings (569ms)
  ✓   477 [mobile] › visual/visual.spec.ts:41:7 › molecules-accordion--surfaces (586ms)
  ✓   478 [mobile] › visual/visual.spec.ts:41:7 › molecules-accordion--narrow (525ms)
  ✓   479 [mobile] › visual/visual.spec.ts:41:7 › molecules-actionmenu--playground (571ms)
  ✓   480 [mobile] › visual/visual.spec.ts:41:7 › molecules-actionmenu--variants (620ms)
  ✓   481 [mobile] › visual/visual.spec.ts:41:7 › molecules-actionmenu--on-brand (548ms)
  ✓   473 [mobile] › visual/visual.spec.ts:41:7 › molecules-field-react-hook-form-zod--keyboard-only (1.8s)
  ✓   482 [mobile] › visual/visual.spec.ts:41:7 › molecules-actionmenu--open-in-row (630ms)
  ✓   483 [mobile] › visual/visual.spec.ts:41:7 › molecules-actionmenu--three-dot-menu (635ms)
  ✓   484 [mobile] › visual/visual.spec.ts:41:7 › molecules-alert--playground (585ms)
  ✓   485 [mobile] › visual/visual.spec.ts:41:7 › molecules-alert--info-and-success (565ms)
  ✓   486 [mobile] › visual/visual.spec.ts:41:7 › molecules-alert--warning-and-danger (571ms)
  ✓   487 [mobile] › visual/visual.spec.ts:41:7 › molecules-alert--brand-with-action (621ms)
  ✓   489 [mobile] › visual/visual.spec.ts:41:7 › molecules-alert--nudge (595ms)
  ✓   490 [mobile] › visual/visual.spec.ts:41:7 › molecules-alert--neutral (625ms)
  ✓   491 [mobile] › visual/visual.spec.ts:41:7 › molecules-alert--narrow (649ms)
  ✓   492 [mobile] › visual/visual.spec.ts:41:7 › molecules-alert--on-surfaces-story (599ms)
  ✓   493 [mobile] › visual/visual.spec.ts:41:7 › molecules-announcementbar--playground (644ms)
  ✓   494 [mobile] › visual/visual.spec.ts:41:7 › molecules-announcementbar--launch-price (563ms)
  ✓   488 [mobile] › visual/visual.spec.ts:41:7 › molecules-alert--dismissible (1.6s)
  ✓   495 [mobile] › visual/visual.spec.ts:41:7 › molecules-announcementbar--without-countdown (575ms)
  ✓   496 [mobile] › visual/visual.spec.ts:41:7 › molecules-announcementbar--expired (559ms)
  ✓   497 [mobile] › visual/visual.spec.ts:41:7 › molecules-breadcrumb--playground (539ms)
  ✓   498 [mobile] › visual/visual.spec.ts:41:7 › molecules-breadcrumb--two-levels (521ms)
  ✓   499 [mobile] › visual/visual.spec.ts:41:7 › molecules-breadcrumb--long (559ms)
  ✓   500 [mobile] › visual/visual.spec.ts:41:7 › molecules-breadcrumb--unlinked-level (568ms)
  ✓   501 [mobile] › visual/visual.spec.ts:41:7 › molecules-breadcrumb--on-surfaces-story (567ms)
  ✓   502 [mobile] › visual/visual.spec.ts:41:7 › molecules-checkcard--playground (554ms)
  ✓   503 [mobile] › visual/visual.spec.ts:41:7 › molecules-checkcard--upfront (539ms)
  ✓   504 [mobile] › visual/visual.spec.ts:41:7 › molecules-checkcard--no-onion-garlic (565ms)
  ✓   505 [mobile] › visual/visual.spec.ts:41:7 › molecules-checkcard--invalid (560ms)
  ✓   506 [mobile] › visual/visual.spec.ts:41:7 › molecules-checkcard--invalid-checked (571ms)
  ✓   507 [mobile] › visual/visual.spec.ts:41:7 › molecules-checkcard--disabled (576ms)
  ✓   508 [mobile] › visual/visual.spec.ts:41:7 › molecules-checkcard--disabled-checked (559ms)
  ✓   509 [mobile] › visual/visual.spec.ts:41:7 › molecules-chipgroup--playground (583ms)
  ✓   510 [mobile] › visual/visual.spec.ts:41:7 › molecules-chipgroup--which-meals (675ms)
  ✓   511 [mobile] › visual/visual.spec.ts:41:7 › molecules-chipgroup--make-it-yours (650ms)
  ✓   512 [mobile] › visual/visual.spec.ts:41:7 › molecules-chipgroup--standing-add-ons (581ms)
  ✓   513 [mobile] › visual/visual.spec.ts:41:7 › molecules-chipgroup--starter-picks (640ms)
  ✓   514 [mobile] › visual/visual.spec.ts:41:7 › molecules-chipgroup--segmented (587ms)
  ✓   515 [mobile] › visual/visual.spec.ts:41:7 › molecules-chipgroup--with-error (631ms)
  ✓   516 [mobile] › visual/visual.spec.ts:41:7 › molecules-chipgroup--on-ink (616ms)
  ✓   517 [mobile] › visual/visual.spec.ts:41:7 › molecules-chipgroup--on-surfaces-story (660ms)
  ✓   518 [mobile] › visual/visual.spec.ts:41:7 › molecules-chipgroup--on-surfaces-at-360 (699ms)
  ✓   519 [mobile] › visual/visual.spec.ts:41:7 › molecules-choicecardgroup--playground (600ms)
  ✓   520 [mobile] › visual/visual.spec.ts:41:7 › molecules-choicecardgroup--plates (638ms)
  ✓   521 [mobile] › visual/visual.spec.ts:41:7 › molecules-choicecardgroup--with-error (677ms)
  ✓   522 [mobile] › visual/visual.spec.ts:41:7 › molecules-choicecardgroup--plan-lengths (638ms)
  ✓   523 [mobile] › visual/visual.spec.ts:41:7 › molecules-choicecardgroup--long-badge-in-narrow-tile (596ms)
  ✓   524 [mobile] › visual/visual.spec.ts:41:7 › molecules-choicecardgroup--dawats (623ms)
  ✓   525 [mobile] › visual/visual.spec.ts:41:7 › molecules-choicecardgroup--platters (627ms)
  ✓   526 [mobile] › visual/visual.spec.ts:41:7 › molecules-choicecardgroup--service (636ms)
  ✓   527 [mobile] › visual/visual.spec.ts:41:7 › molecules-choicecardgroup--service-at-360 (672ms)
  ✓   528 [mobile] › visual/visual.spec.ts:41:7 › molecules-choicecardgroup--trial-on-brand (608ms)
  ✓   529 [mobile] › visual/visual.spec.ts:41:7 › molecules-choicecardgroup--decide-list (617ms)
  ✓   530 [mobile] › visual/visual.spec.ts:41:7 › molecules-combobox--playground (658ms)
  ✓   531 [mobile] › visual/visual.spec.ts:41:7 › molecules-combobox--with-descriptions (604ms)
  ✓   532 [mobile] › visual/visual.spec.ts:41:7 › molecules-combobox--loading (610ms)
  ✓   533 [mobile] › visual/visual.spec.ts:41:7 › molecules-combobox--empty (645ms)
  ✓   534 [mobile] › visual/visual.spec.ts:41:7 › molecules-combobox--disabled-options (658ms)
  ✓   535 [mobile] › visual/visual.spec.ts:41:7 › molecules-combobox--clearable (570ms)
  ✓   536 [mobile] › visual/visual.spec.ts:41:7 › molecules-combobox--disabled (598ms)
  ✓   537 [mobile] › visual/visual.spec.ts:41:7 › molecules-combobox--in-field-with-error (589ms)
  ✓   538 [mobile] › visual/visual.spec.ts:41:7 › molecules-combobox--controlled (592ms)
  ✓   539 [mobile] › visual/visual.spec.ts:41:7 › molecules-combobox--mobile-360 (646ms)
  ✓   540 [mobile] › visual/visual.spec.ts:41:7 › molecules-combobox--selected (601ms)
  ✓   541 [mobile] › visual/visual.spec.ts:41:7 › molecules-couponticket--playground (590ms)
  ✓   542 [mobile] › visual/visual.spec.ts:41:7 › molecules-couponticket--brand (612ms)
  ✓   543 [mobile] › visual/visual.spec.ts:41:7 › molecules-couponticket--stub-focus-ring (601ms)
  ✓   544 [mobile] › visual/visual.spec.ts:41:7 › molecules-couponticket--stub-focus-ring-narrow (617ms)
  ✓   545 [mobile] › visual/visual.spec.ts:41:7 › molecules-couponticket--light (615ms)
  ✓   546 [mobile] › visual/visual.spec.ts:41:7 › molecules-couponticket--on-pink-artwork (618ms)
  ✓   547 [mobile] › visual/visual.spec.ts:41:7 › molecules-couponticket--on-tinted-page (610ms)
  ✓   548 [mobile] › visual/visual.spec.ts:41:7 › molecules-couponticket--long-code (629ms)
  ✓   549 [mobile] › visual/visual.spec.ts:41:7 › molecules-couponticket--narrow (580ms)
  ✓   550 [mobile] › visual/visual.spec.ts:41:7 › molecules-datepicker--date-picker-playground (633ms)
  ✓   551 [mobile] › visual/visual.spec.ts:41:7 › molecules-datepicker--empty (713ms)
  ✓   552 [mobile] › visual/visual.spec.ts:41:7 › molecules-datepicker--disabled-days (646ms)
  ✓   553 [mobile] › visual/visual.spec.ts:41:7 › molecules-datepicker--disabled (577ms)
  ✓   554 [mobile] › visual/visual.spec.ts:41:7 › molecules-datepicker--in-field-with-error (609ms)
  ✓   555 [mobile] › visual/visual.spec.ts:41:7 › molecules-datepicker--controlled (635ms)
  ✓   556 [mobile] › visual/visual.spec.ts:41:7 › molecules-datepicker--mobile-360 (640ms)
  ✓   557 [mobile] › visual/visual.spec.ts:41:7 › molecules-datepicker--calendar-single (661ms)
  ✓   558 [mobile] › visual/visual.spec.ts:41:7 › molecules-datepicker--calendar-range (709ms)
  ✓   559 [mobile] › visual/visual.spec.ts:41:7 › molecules-datepicker--calendar-disabled-days (679ms)
  ✓   560 [mobile] › visual/visual.spec.ts:41:7 › molecules-datepicker--two-months (639ms)
  ✓   561 [mobile] › visual/visual.spec.ts:41:7 › molecules-emptystate--playground (625ms)
  ✓   562 [mobile] › visual/visual.spec.ts:41:7 › molecules-emptystate--with-icon (614ms)
  ✓   563 [mobile] › visual/visual.spec.ts:41:7 › molecules-emptystate--large (608ms)
  ✓   564 [mobile] › visual/visual.spec.ts:41:7 › molecules-emptystate--in-cart (636ms)
  ✓   565 [mobile] › visual/visual.spec.ts:41:7 › molecules-emptystate--on-surfaces-story (618ms)
  ✓   566 [mobile] › visual/visual.spec.ts:41:7 › molecules-featureitem--playground (661ms)
  ✓   567 [mobile] › visual/visual.spec.ts:41:7 › molecules-featureitem--why-us (630ms)
  ✓   568 [mobile] › visual/visual.spec.ts:41:7 › molecules-featureitem--office-perks (609ms)
  ✓   569 [mobile] › visual/visual.spec.ts:41:7 › molecules-featureitem--what-you-get (634ms)
  ✓   570 [mobile] › visual/visual.spec.ts:41:7 › molecules-featureitem--on-surfaces-story (626ms)
  ✓   571 [mobile] › visual/visual.spec.ts:41:7 › molecules-field--playground (542ms)
  ✓   572 [mobile] › visual/visual.spec.ts:41:7 › molecules-field--stack-with-hint (575ms)
  ✓   573 [mobile] › visual/visual.spec.ts:41:7 › molecules-field--required (551ms)
  ✓   574 [mobile] › visual/visual.spec.ts:41:7 › molecules-field--with-error (571ms)
  ✓   575 [mobile] › visual/visual.spec.ts:41:7 › molecules-field--with-success (544ms)
  ✓   576 [mobile] › visual/visual.spec.ts:41:7 › molecules-field--with-warning (582ms)
  ✓   577 [mobile] › visual/visual.spec.ts:41:7 › molecules-field--optional (572ms)
  ✓   578 [mobile] › visual/visual.spec.ts:41:7 › molecules-field--side (576ms)
  ✓   579 [mobile] › visual/visual.spec.ts:41:7 › molecules-field--control-modes (583ms)
  ✓   580 [mobile] › visual/visual.spec.ts:41:7 › molecules-filterbar--playground (604ms)
  ✓   581 [mobile] › visual/visual.spec.ts:41:7 › molecules-filterbar--wrap (607ms)
  ✓   582 [mobile] › visual/visual.spec.ts:41:7 › molecules-filterbar--scroll (614ms)
  ✓   583 [mobile] › visual/visual.spec.ts:41:7 › molecules-filterbar--icons (633ms)
  ✓   584 [mobile] › visual/visual.spec.ts:41:7 › molecules-filterbar--with-trailing (590ms)
  ✓   585 [mobile] › visual/visual.spec.ts:41:7 › molecules-filterbar--scroll-pinned (575ms)
  ✓   586 [mobile] › visual/visual.spec.ts:41:7 › molecules-filterbar--on-surfaces-story (583ms)
  ✓   587 [mobile] › visual/visual.spec.ts:41:7 › molecules-keyvaluelist--playground (577ms)
  ✓   588 [mobile] › visual/visual.spec.ts:41:7 › molecules-keyvaluelist--your-box (585ms)
  ✓   589 [mobile] › visual/visual.spec.ts:41:7 › molecules-keyvaluelist--booking-rules (548ms)
  ✓   590 [mobile] › visual/visual.spec.ts:41:7 › molecules-keyvaluelist--booking-rules-at-360 (575ms)
  ✓   591 [mobile] › visual/visual.spec.ts:41:7 › molecules-keyvaluelist--customisations (549ms)
  ✓   592 [mobile] › visual/visual.spec.ts:41:7 › molecules-keyvaluelist--upgrade-prices (569ms)
  ✓   593 [mobile] › visual/visual.spec.ts:41:7 › molecules-keyvaluelist--quote-lines (601ms)
  ✓   594 [mobile] › visual/visual.spec.ts:41:7 › molecules-keyvaluelist--on-surfaces-story (679ms)
  ✓   595 [mobile] › visual/visual.spec.ts:41:7 › molecules-linkcard--playground (541ms)
  ✓   596 [mobile] › visual/visual.spec.ts:41:7 › molecules-linkcard--home-doors (630ms)
  ✓   597 [mobile] › visual/visual.spec.ts:41:7 › molecules-linkcard--about-ctas (614ms)
  ✓   598 [mobile] › visual/visual.spec.ts:41:7 › molecules-linkcard--as-child (588ms)
  ✓   599 [mobile] › visual/visual.spec.ts:41:7 › molecules-listrow--playground (594ms)
  ✓   600 [mobile] › visual/visual.spec.ts:41:7 › molecules-listrow--trailing-control (630ms)
  ✓   601 [mobile] › visual/visual.spec.ts:41:7 › molecules-listrow--with-description (595ms)
  ✓   602 [mobile] › visual/visual.spec.ts:41:7 › molecules-listrow--trailing-badge (618ms)
  ✓   603 [mobile] › visual/visual.spec.ts:41:7 › molecules-listrow--danger (608ms)
  ✓   604 [mobile] › visual/visual.spec.ts:41:7 › molecules-listrow--account-list (575ms)
  ✓   605 [mobile] › visual/visual.spec.ts:41:7 › molecules-listrow--narrow (587ms)
  ✓   606 [mobile] › visual/visual.spec.ts:41:7 › molecules-logolockup--playground (542ms)
  ✓   607 [mobile] › visual/visual.spec.ts:41:7 › molecules-logolockup--pink (577ms)
  ✓   608 [mobile] › visual/visual.spec.ts:41:7 › molecules-logolockup--white (600ms)
  ✓   609 [mobile] › visual/visual.spec.ts:41:7 › molecules-logolockup--centred (536ms)
  ✓   610 [mobile] › visual/visual.spec.ts:41:7 › molecules-logolockup--badge (539ms)
  ✓   611 [mobile] › visual/visual.spec.ts:41:7 › molecules-logolockup--wordmark (513ms)
  ✓   612 [mobile] › visual/visual.spec.ts:41:7 › molecules-logolockup--sizes (563ms)
  ✓   613 [mobile] › visual/visual.spec.ts:41:7 › molecules-logolockup--clear-space (552ms)
  ✓   614 [mobile] › visual/visual.spec.ts:41:7 › molecules-logolockup--sx (544ms)
  ✓   615 [mobile] › visual/visual.spec.ts:41:7 › molecules-loyaltycard--playground (538ms)
  ✓   616 [mobile] › visual/visual.spec.ts:41:7 › molecules-loyaltycard--in-progress (554ms)
  ✓   617 [mobile] › visual/visual.spec.ts:41:7 › molecules-loyaltycard--one-left (542ms)
  ✓   618 [mobile] › visual/visual.spec.ts:41:7 › molecules-loyaltycard--complete (555ms)
  ✓   619 [mobile] › visual/visual.spec.ts:41:7 › molecules-loyaltycard--brand (568ms)
  ✓   620 [mobile] › visual/visual.spec.ts:41:7 › molecules-loyaltycard--empty (589ms)
  ✓   621 [mobile] › visual/visual.spec.ts:41:7 › molecules-loyaltycard--long-reward (568ms)
  ✓   622 [mobile] › visual/visual.spec.ts:41:7 › molecules-menuitemcard--playground (580ms)
  ✓   623 [mobile] › visual/visual.spec.ts:41:7 › molecules-menuitemcard--variants (589ms)
  ✓   624 [mobile] › visual/visual.spec.ts:41:7 › molecules-menuitemcard--as-link (584ms)
  ✓   625 [mobile] › visual/visual.spec.ts:41:7 › molecules-menuitemcard--keyboard-focus (610ms)
  ✓   626 [mobile] › visual/visual.spec.ts:41:7 › molecules-menuitemcard--in-a-grid (622ms)
  ✓   627 [mobile] › visual/visual.spec.ts:41:7 › molecules-menuitemcard--narrow (594ms)
  ✓   628 [mobile] › visual/visual.spec.ts:41:7 › molecules-menuitemrow--playground (580ms)
  ✓   629 [mobile] › visual/visual.spec.ts:41:7 › molecules-menuitemrow--full (600ms)
  ✓   630 [mobile] › visual/visual.spec.ts:41:7 › molecules-menuitemrow--discount (585ms)
  ✓   631 [mobile] › visual/visual.spec.ts:41:7 › molecules-menuitemrow--devanagari (618ms)
  ✓   632 [mobile] › visual/visual.spec.ts:41:7 › molecules-menuitemrow--minimal (627ms)
  ✓   633 [mobile] › visual/visual.spec.ts:41:7 › molecules-menuitemrow--as-a-menu-section (655ms)
  ✓   634 [mobile] › visual/visual.spec.ts:41:7 › molecules-menuitemrow--spice-levels (643ms)
  ✓   635 [mobile] › visual/visual.spec.ts:41:7 › molecules-menuitemrow--in-cart (614ms)
  ✓   636 [mobile] › visual/visual.spec.ts:41:7 › molecules-menuitemrow--narrow (628ms)
  ✓   637 [mobile] › visual/visual.spec.ts:41:7 › molecules-menuitemrow--on-surfaces-story (693ms)
  ✓   638 [mobile] › visual/visual.spec.ts:41:7 › molecules-offerseal--playground (608ms)
  ✓   639 [mobile] › visual/visual.spec.ts:41:7 › molecules-offerseal--colors (569ms)
  ✓   640 [mobile] › visual/visual.spec.ts:41:7 › molecules-offerseal--values (578ms)
  ✓   641 [mobile] › visual/visual.spec.ts:41:7 › molecules-offerseal--handoff-hero (624ms)
  ✓   642 [mobile] › visual/visual.spec.ts:41:7 › molecules-offerseal--sizes (610ms)
  ✓   643 [mobile] › visual/visual.spec.ts:41:7 › molecules-offerseal--floor-360 (611ms)
  ✓   644 [mobile] › visual/visual.spec.ts:41:7 › molecules-offerseal--bleed-off-corner (638ms)
  ✓   645 [mobile] › visual/visual.spec.ts:41:7 › molecules-otpinput--playground (650ms)
  ✓   646 [mobile] › visual/visual.spec.ts:41:7 › molecules-otpinput--partial (554ms)
  ✓   647 [mobile] › visual/visual.spec.ts:41:7 › molecules-otpinput--complete (525ms)
  ✓   648 [mobile] › visual/visual.spec.ts:41:7 › molecules-otpinput--verified (558ms)
  ✓   649 [mobile] › visual/visual.spec.ts:41:7 › molecules-otpinput--expired (567ms)
  ✓   650 [mobile] › visual/visual.spec.ts:41:7 › molecules-otpinput--disabled (521ms)
  ✓   651 [mobile] › visual/visual.spec.ts:41:7 › molecules-otpinput--with-hint (545ms)
  ✓   652 [mobile] › visual/visual.spec.ts:41:7 › molecules-otpinput--narrow (535ms)
  ✓   653 [mobile] › visual/visual.spec.ts:41:7 › molecules-outletcard--playground (579ms)
  ✓   654 [mobile] › visual/visual.spec.ts:41:7 › molecules-outletcard--with-image (573ms)
  ✓   655 [mobile] › visual/visual.spec.ts:41:7 › molecules-outletcard--without-image (574ms)
  ✓   656 [mobile] › visual/visual.spec.ts:41:7 › molecules-outletcard--as-link (592ms)
  ✓   657 [mobile] › visual/visual.spec.ts:41:7 › molecules-outletcard--keyboard-focus (603ms)
  ✓   658 [mobile] › visual/visual.spec.ts:41:7 › molecules-outletcard--status-states (587ms)
  ✓   659 [mobile] › visual/visual.spec.ts:41:7 › molecules-outletcard--custom-status-line (582ms)
  ✓   660 [mobile] › visual/visual.spec.ts:41:7 › molecules-outletcard--narrow (566ms)
  ✓   661 [mobile] › visual/visual.spec.ts:41:7 › molecules-pagination--playground (594ms)
  ✓   662 [mobile] › visual/visual.spec.ts:41:7 › molecules-pagination--first-page (577ms)
  ✓   663 [mobile] › visual/visual.spec.ts:41:7 › molecules-pagination--three-pages (661ms)
  ✓   664 [mobile] › visual/visual.spec.ts:41:7 › molecules-pagination--last-page (584ms)
  ✓   665 [mobile] › visual/visual.spec.ts:41:7 › molecules-pagination--many-pages (610ms)
  ✓   666 [mobile] › visual/visual.spec.ts:41:7 › molecules-pagination--narrow (596ms)
  ✓   667 [mobile] › visual/visual.spec.ts:41:7 › molecules-pricesummary--playground (679ms)
  ✓   668 [mobile] › visual/visual.spec.ts:41:7 › molecules-pricesummary--with-discount (553ms)
  ✓   669 [mobile] › visual/visual.spec.ts:41:7 › molecules-pricesummary--on-ink (609ms)
  ✓   670 [mobile] › visual/visual.spec.ts:41:7 › molecules-pricesummary--surfaces (635ms)
  ✓   671 [mobile] › visual/visual.spec.ts:41:7 › molecules-pricesummary--with-strong-line (623ms)
  ✓   672 [mobile] › visual/visual.spec.ts:41:7 › molecules-pricesummary--receipt (557ms)
  ✓   673 [mobile] › visual/visual.spec.ts:41:7 › molecules-pricesummary--total-only (590ms)
  ✓   674 [mobile] › visual/visual.spec.ts:41:7 › molecules-pricesummary--narrow (607ms)
  ✓   675 [mobile] › visual/visual.spec.ts:41:7 › molecules-pricingcard--playground (586ms)
  ✓   676 [mobile] › visual/visual.spec.ts:41:7 › molecules-pricingcard--home-plates (597ms)
  ✓   677 [mobile] › visual/visual.spec.ts:41:7 › molecules-pricingcard--homely-plates (607ms)
  ✓   679 [mobile] › visual/visual.spec.ts:41:7 › molecules-pricingcard--office-plates (600ms)
  ✓   678 [mobile] › visual/visual.spec.ts:41:7 › molecules-pricingcard--catering-dawats (743ms)
  ✓   680 [mobile] › visual/visual.spec.ts:41:7 › molecules-pricingcard--long-name (692ms)
  ✓   681 [mobile] › visual/visual.spec.ts:41:7 › molecules-quantitystepper--playground (619ms)
  ✓   682 [mobile] › visual/visual.spec.ts:41:7 › molecules-quantitystepper--sizes (603ms)
  ✓   683 [mobile] › visual/visual.spec.ts:41:7 › molecules-quantitystepper--at-min (609ms)
  ✓   684 [mobile] › visual/visual.spec.ts:41:7 › molecules-quantitystepper--min-zero (606ms)
  ✓   685 [mobile] › visual/visual.spec.ts:41:7 › molecules-quantitystepper--at-max (563ms)
  ✓   686 [mobile] › visual/visual.spec.ts:41:7 › molecules-quantitystepper--in-a-cart-row (565ms)
  ✓   687 [mobile] › visual/visual.spec.ts:41:7 › molecules-quantitystepper--typed-guests (622ms)
  ✓   688 [mobile] › visual/visual.spec.ts:41:7 › molecules-reviewcard--playground (574ms)
  ✓   689 [mobile] › visual/visual.spec.ts:41:7 › molecules-reviewcard--default (579ms)
  ✓   690 [mobile] › visual/visual.spec.ts:41:7 › molecules-reviewcard--brand (565ms)
  ✓   691 [mobile] › visual/visual.spec.ts:41:7 › molecules-reviewcard--symbol-mark (551ms)
  ✓   692 [mobile] › visual/visual.spec.ts:41:7 › molecules-reviewcard--google-review (607ms)
  ✓   693 [mobile] › visual/visual.spec.ts:41:7 › molecules-reviewcard--without-score (590ms)
  ✓   694 [mobile] › visual/visual.spec.ts:41:7 › molecules-searchfield--playground (620ms)
  ✓   695 [mobile] › visual/visual.spec.ts:41:7 › molecules-searchfield--with-value (647ms)
  ✓   696 [mobile] › visual/visual.spec.ts:41:7 › molecules-searchfield--clear-label (613ms)
  ✓   697 [mobile] › visual/visual.spec.ts:41:7 › molecules-searchfield--loading (531ms)
  ✓   698 [mobile] › visual/visual.spec.ts:41:7 › molecules-searchfield--no-results (633ms)
  ✓   699 [mobile] › visual/visual.spec.ts:41:7 › molecules-searchfield--disabled (587ms)
  ✓   700 [mobile] › visual/visual.spec.ts:41:7 › molecules-searchfield--small (575ms)
  ✓   701 [mobile] › visual/visual.spec.ts:41:7 › molecules-searchfield--statuses (590ms)
  ✓   702 [mobile] › visual/visual.spec.ts:41:7 › molecules-searchfield--narrow (580ms)
  ✓   703 [mobile] › visual/visual.spec.ts:41:7 › molecules-sectionheader--playground (562ms)
  ✓   704 [mobile] › visual/visual.spec.ts:41:7 › molecules-sectionheader--with-lede (699ms)
  ✓   705 [mobile] › visual/visual.spec.ts:41:7 › molecules-sectionheader--centred (630ms)
  ✓   706 [mobile] › visual/visual.spec.ts:41:7 › molecules-sectionheader--on-brand (617ms)
  ✓   707 [mobile] › visual/visual.spec.ts:41:7 › molecules-sectionheader--surfaces (621ms)
  ✓   708 [mobile] › visual/visual.spec.ts:41:7 › molecules-sectionheader--heading-levels (589ms)
  ✓   709 [mobile] › visual/visual.spec.ts:41:7 › molecules-sectionheader--narrow (573ms)
  ✓   710 [mobile] › visual/visual.spec.ts:41:7 › molecules-slotpicker--playground (657ms)
  ✓   711 [mobile] › visual/visual.spec.ts:41:7 › molecules-slotpicker--with-error (655ms)
  ✓   712 [mobile] › visual/visual.spec.ts:41:7 › molecules-slotpicker--disabled (623ms)
  ✓   713 [mobile] › visual/visual.spec.ts:41:7 › molecules-slotpicker--columns (618ms)
  ✓   714 [mobile] › visual/visual.spec.ts:41:7 › molecules-slotpicker--statuses (592ms)
  ✓   715 [mobile] › visual/visual.spec.ts:41:7 › molecules-slotpicker--narrow (619ms)
  ✓   716 [mobile] › visual/visual.spec.ts:41:7 › molecules-snackbar--playground (626ms)
  ✓   717 [mobile] › visual/visual.spec.ts:41:7 › molecules-snackbar--success (614ms)
  ✓   718 [mobile] › visual/visual.spec.ts:41:7 › molecules-snackbar--danger-with-retry (598ms)
  ✓   719 [mobile] › visual/visual.spec.ts:41:7 › molecules-snackbar--undo-and-dismiss (613ms)
  ✓   720 [mobile] › visual/visual.spec.ts:41:7 › molecules-snackbar--live-copy (587ms)
  ✓   722 [mobile] › visual/visual.spec.ts:41:7 › molecules-snackbar--top-right (557ms)
  ✓   723 [mobile] › visual/visual.spec.ts:41:7 › molecules-snackbar--top-center (541ms)
  ✓   724 [mobile] › visual/visual.spec.ts:41:7 › molecules-snackbar--bottom-right (554ms)
  ✓   721 [mobile] › visual/visual.spec.ts:41:7 › molecules-snackbar--closed-by-parent (968ms)
  ✓   725 [mobile] › visual/visual.spec.ts:41:7 › molecules-snackbar--brand (549ms)
  ✓   726 [mobile] › visual/visual.spec.ts:41:7 › molecules-snackbar--narrow (580ms)
  ✓   727 [mobile] › visual/visual.spec.ts:41:7 › molecules-speeddial--playground (592ms)
  ✓   728 [mobile] › visual/visual.spec.ts:41:7 › molecules-speeddial--directions (588ms)
  ✓   729 [mobile] › visual/visual.spec.ts:41:7 › molecules-speeddial--controlled (666ms)
  ✓   730 [mobile] › visual/visual.spec.ts:41:7 › molecules-speeddial--mobile-360 (674ms)
  ✓   731 [mobile] › visual/visual.spec.ts:41:7 › molecules-stat--playground (578ms)
  ✓   732 [mobile] › visual/visual.spec.ts:41:7 › molecules-stat--default (567ms)
  ✓   733 [mobile] › visual/visual.spec.ts:41:7 › molecules-stat--icon-brand (570ms)
  ✓   734 [mobile] › visual/visual.spec.ts:41:7 › molecules-stat--inverse-centre (557ms)
  ✓   735 [mobile] › visual/visual.spec.ts:41:7 › molecules-stat--with-sub (546ms)
  ✓   736 [mobile] › visual/visual.spec.ts:41:7 › molecules-stat--row (572ms)
  ✓   737 [mobile] › visual/visual.spec.ts:41:7 › molecules-stat--narrow (531ms)
  ✓   738 [mobile] › visual/visual.spec.ts:41:7 › molecules-stat--on-surfaces-story (579ms)
  ✓   739 [mobile] › visual/visual.spec.ts:41:7 › molecules-steptracker--playground (562ms)
  ✓   740 [mobile] › visual/visual.spec.ts:41:7 › molecules-steptracker--horizontal (570ms)
  ✓   741 [mobile] › visual/visual.spec.ts:41:7 › molecules-steptracker--on-brand (623ms)
  ✓   742 [mobile] › visual/visual.spec.ts:41:7 › molecules-steptracker--complete (658ms)
  ✓   743 [mobile] › visual/visual.spec.ts:41:7 › molecules-steptracker--surfaces (558ms)
  ✓   744 [mobile] › visual/visual.spec.ts:41:7 › molecules-steptracker--not-started (581ms)
  ✓   745 [mobile] › visual/visual.spec.ts:41:7 › molecules-steptracker--vertical-surfaces (650ms)
  ✓   746 [mobile] › visual/visual.spec.ts:41:7 › molecules-steptracker--narrow (547ms)
  ✓   747 [mobile] › visual/visual.spec.ts:41:7 › molecules-steps--playground (545ms)
  ✓   748 [mobile] › visual/visual.spec.ts:41:7 › molecules-steps--how-it-works (567ms)
  ✓   749 [mobile] › visual/visual.spec.ts:41:7 › molecules-steps--how-to-book (610ms)
  ✓   750 [mobile] › visual/visual.spec.ts:41:7 › molecules-steps--starting-takes-one-message (589ms)
  ✓   751 [mobile] › visual/visual.spec.ts:41:7 › molecules-steps--on-surfaces-story (688ms)
  ✓   752 [mobile] › visual/visual.spec.ts:41:7 › molecules-stickyactionbar--playground (635ms)
  ✓   753 [mobile] › visual/visual.spec.ts:41:7 › molecules-stickyactionbar--plan-calculator (634ms)
  ✓   754 [mobile] › visual/visual.spec.ts:41:7 › molecules-stickyactionbar--dawat-calculator (593ms)
  ✓   755 [mobile] › visual/visual.spec.ts:41:7 › molecules-stickyactionbar--in-a-scrolling-page (558ms)
  ✓   756 [mobile] › visual/visual.spec.ts:41:7 › molecules-table--price-list (552ms)
  ✓   757 [mobile] › visual/visual.spec.ts:41:7 › molecules-table--scrolls-at-360 (576ms)
  ✓   758 [mobile] › visual/visual.spec.ts:41:7 › molecules-table--catering-glance (554ms)
  ✓   759 [mobile] › visual/visual.spec.ts:41:7 › molecules-table--box-compare (580ms)
  ✓   760 [mobile] › visual/visual.spec.ts:41:7 › molecules-table--offers (586ms)
  ✓   761 [mobile] › visual/visual.spec.ts:41:7 › molecules-table--plan-vs-app (566ms)
  ✓   762 [mobile] › visual/visual.spec.ts:41:7 › molecules-table--plan-vs-app-at-360 (581ms)
  ✓   763 [mobile] › visual/visual.spec.ts:41:7 › molecules-table--caption-visible (552ms)
  ✓   764 [mobile] › visual/visual.spec.ts:41:7 › molecules-tabs--playground (596ms)
  ✓   765 [mobile] › visual/visual.spec.ts:41:7 › molecules-tabs--two-items (569ms)
  ✓   766 [mobile] › visual/visual.spec.ts:41:7 › molecules-tabs--segmented (620ms)
  ✓   767 [mobile] › visual/visual.spec.ts:41:7 › molecules-tabs--with-disabled-tab (640ms)
  ✓   768 [mobile] › visual/visual.spec.ts:41:7 › molecules-tabs--full-width (649ms)
  ✓   769 [mobile] › visual/visual.spec.ts:41:7 › molecules-tabs--full-width-long-labels (733ms)
  ✓   770 [mobile] › visual/visual.spec.ts:41:7 › molecules-tabs--with-icons (632ms)
  ✓   771 [mobile] › visual/visual.spec.ts:41:7 › molecules-tabs--narrow (675ms)
  ✓   772 [mobile] › visual/visual.spec.ts:41:7 › molecules-tabs--on-surfaces-story (610ms)
  ✓   773 [mobile] › visual/visual.spec.ts:41:7 › molecules-toast--playground (617ms)
  ✓   774 [mobile] › visual/visual.spec.ts:41:7 › molecules-toast--tones (577ms)
  ✓   775 [mobile] › visual/visual.spec.ts:41:7 › molecules-toast--status (595ms)
  ✓   776 [mobile] › visual/visual.spec.ts:41:7 › molecules-toast--pop (543ms)
  ✓   777 [mobile] › visual/visual.spec.ts:41:7 › molecules-toast--custom-glyph (637ms)
  ✓   779 [mobile] › visual/visual.spec.ts:41:7 › molecules-toast--contained (645ms)
  ✓   780 [mobile] › visual/visual.spec.ts:41:7 › molecules-togglebuttongroup--exclusive (699ms)
  ✓   781 [mobile] › visual/visual.spec.ts:41:7 › molecules-togglebuttongroup--multiple (617ms)
  ✓   782 [mobile] › visual/visual.spec.ts:41:7 › molecules-togglebuttongroup--enforce-value-set (574ms)
  ✓   783 [mobile] › visual/visual.spec.ts:41:7 › molecules-togglebuttongroup--view-switcher (586ms)
  ✓   784 [mobile] › visual/visual.spec.ts:41:7 › molecules-togglebuttongroup--vertical (605ms)
  ✓   785 [mobile] › visual/visual.spec.ts:41:7 › molecules-togglebuttongroup--sizes (597ms)
  ✓   778 [mobile] › visual/visual.spec.ts:41:7 › molecules-toast--add-to-order (1.7s)
  ✓   786 [mobile] › visual/visual.spec.ts:41:7 › molecules-togglebuttongroup--colors (594ms)
  ✓   787 [mobile] › visual/visual.spec.ts:41:7 › molecules-togglebuttongroup--full-width (601ms)
  ✓   788 [mobile] › visual/visual.spec.ts:41:7 › molecules-togglebuttongroup--disabled (551ms)
  ✓   789 [mobile] › visual/visual.spec.ts:41:7 › molecules-togglebuttongroup--on-surfaces (681ms)
  ✓   790 [mobile] › visual/visual.spec.ts:41:7 › molecules-togglebuttongroup--mobile-360 (638ms)
  ✓   791 [mobile] › visual/visual.spec.ts:41:7 › motion-specimens--durations (710ms)
  ✓   792 [mobile] › visual/visual.spec.ts:41:7 › motion-specimens--easings (730ms)
  ✓   793 [mobile] › visual/visual.spec.ts:41:7 › motion-specimens--animations (721ms)
  ✓   794 [mobile] › visual/visual.spec.ts:41:7 › motion-specimens--motion-tokens (765ms)
  ✓   795 [mobile] › visual/visual.spec.ts:41:7 › motion-specimens--states (833ms)
  ✓   796 [mobile] › visual/visual.spec.ts:41:7 › motion-specimens--state-tokens (777ms)
  ✓   797 [mobile] › visual/visual.spec.ts:41:7 › motion-specimens--form-states (683ms)
  ✓   798 [mobile] › visual/visual.spec.ts:41:7 › motion-specimens--section-reveal (721ms)
  ✓   799 [mobile] › visual/visual.spec.ts:41:7 › organisms-actiondock--playground (617ms)
  ✓   800 [mobile] › visual/visual.spec.ts:41:7 › organisms-actiondock--mobile (661ms)
  ✓   801 [mobile] › visual/visual.spec.ts:41:7 › organisms-actiondock--tablet (668ms)
  ✓   802 [mobile] › visual/visual.spec.ts:41:7 › organisms-actiondock--desktop (616ms)
  ✓   803 [mobile] › visual/visual.spec.ts:41:7 › organisms-actiondock--primary-only (609ms)
  ✓   804 [mobile] › visual/visual.spec.ts:41:7 › organisms-cartpanel--playground (766ms)
  ✓   806 [mobile] › visual/visual.spec.ts:41:7 › organisms-cartpanel--empty (684ms)
  ✓   805 [mobile] › visual/visual.spec.ts:41:7 › organisms-cartpanel--filled (773ms)
  ✓   807 [mobile] › visual/visual.spec.ts:41:7 › organisms-cartpanel--one-line (802ms)
  ✓   808 [mobile] › visual/visual.spec.ts:41:7 › organisms-cartpanel--dine-in (835ms)
  ✓   809 [mobile] › visual/visual.spec.ts:41:7 › organisms-cartpanel--mobile (592ms)
  ✓   811 [mobile] › visual/visual.spec.ts:41:7 › organisms-ctaband--playground (744ms)
  ✓   810 [mobile] › visual/visual.spec.ts:41:7 › organisms-cartpanel--on-surfaces-story (782ms)
  ✓   812 [mobile] › visual/visual.spec.ts:41:7 › organisms-ctaband--ink-split (679ms)
  ✓   813 [mobile] › visual/visual.spec.ts:41:7 › organisms-ctaband--brand-centred (662ms)
  ✓   814 [mobile] › visual/visual.spec.ts:41:7 › organisms-ctaband--soft-split (643ms)
  ✓   815 [mobile] › visual/visual.spec.ts:41:7 › organisms-ctaband--handoff-office-strip (600ms)
  ✓   816 [mobile] › visual/visual.spec.ts:41:7 › organisms-ctaband--handoff-taste-first (647ms)
  ✓   817 [mobile] › visual/visual.spec.ts:41:7 › organisms-ctaband--without-pattern (632ms)
  ✓   818 [mobile] › visual/visual.spec.ts:41:7 › organisms-ctaband--heading-only (629ms)
  ✓   819 [mobile] › visual/visual.spec.ts:41:7 › organisms-ctaband--without-action (597ms)
  ✓   820 [mobile] › visual/visual.spec.ts:41:7 › organisms-ctaband--mobile (619ms)
  ✓   821 [mobile] › visual/visual.spec.ts:41:7 › organisms-ctaband--tablet (586ms)
  ✓   822 [mobile] › visual/visual.spec.ts:41:7 › organisms-ctaband--desktop (617ms)
  ✓   823 [mobile] › visual/visual.spec.ts:41:7 › organisms-dialog--playground (634ms)
  ✓   824 [mobile] › visual/visual.spec.ts:41:7 › organisms-dialog--centred-modal (760ms)
  ✓   826 [mobile] › visual/visual.spec.ts:41:7 › organisms-dialog--large (616ms)
  ✓   825 [mobile] › visual/visual.spec.ts:41:7 › organisms-dialog--sheet (658ms)
  ✓   827 [mobile] › visual/visual.spec.ts:41:7 › organisms-dialog--keyboard-flow (622ms)
  ✓   828 [mobile] › visual/visual.spec.ts:41:7 › organisms-dialog--must-be-answered (670ms)
  ✓   829 [mobile] › visual/visual.spec.ts:41:7 › organisms-dialog--inside-a-phone-frame (656ms)
  ✓   830 [mobile] › visual/visual.spec.ts:41:7 › organisms-dialog--mobile (680ms)
  ✓   831 [mobile] › visual/visual.spec.ts:41:7 › organisms-dialog--drawer-end (691ms)
  ✓   832 [mobile] › visual/visual.spec.ts:41:7 › organisms-dialog--drawer-start (627ms)
  ✓   833 [mobile] › visual/visual.spec.ts:41:7 › organisms-dialog--drawer-sizes (747ms)
  ✓   834 [mobile] › visual/visual.spec.ts:41:7 › organisms-dialog--drawer-with-footer (662ms)
  ✓   836 [mobile] › visual/visual.spec.ts:41:7 › organisms-dialog--drawer-360 (652ms)
  ✓   835 [mobile] › visual/visual.spec.ts:41:7 › organisms-dialog--drawer-long-content (666ms)
  ✓   837 [mobile] › visual/visual.spec.ts:41:7 › organisms-faqsection--playground (685ms)
  ✓   838 [mobile] › visual/visual.spec.ts:41:7 › organisms-faqsection--default (593ms)
  ✓   839 [mobile] › visual/visual.spec.ts:41:7 › organisms-faqsection--handoff-with-aside (639ms)
  ✓   840 [mobile] › visual/visual.spec.ts:41:7 › organisms-faqsection--multiple (608ms)
  ✓   841 [mobile] › visual/visual.spec.ts:41:7 › organisms-faqsection--second-open (683ms)
  ✓   842 [mobile] › visual/visual.spec.ts:41:7 › organisms-faqsection--all-closed (662ms)
  ✓   843 [mobile] › visual/visual.spec.ts:41:7 › organisms-faqsection--without-lede (586ms)
  ✓   844 [mobile] › visual/visual.spec.ts:41:7 › organisms-faqsection--heading-level-3 (616ms)
  ✓   845 [mobile] › visual/visual.spec.ts:41:7 › organisms-faqsection--mobile (602ms)
  ✓   846 [mobile] › visual/visual.spec.ts:41:7 › organisms-faqsection--tablet (670ms)
  ✓   847 [mobile] › visual/visual.spec.ts:41:7 › organisms-faqsection--desktop (701ms)
  ✓   848 [mobile] › visual/visual.spec.ts:41:7 › organisms-herobanner--playground (671ms)
  ✓   849 [mobile] › visual/visual.spec.ts:41:7 › organisms-herobanner--brand-split (638ms)
  ✓   850 [mobile] › visual/visual.spec.ts:41:7 › organisms-herobanner--soft-centred (618ms)
  ✓   851 [mobile] › visual/visual.spec.ts:41:7 › organisms-herobanner--ink-split (620ms)
  ✓   852 [mobile] › visual/visual.spec.ts:41:7 › organisms-herobanner--handoff-home (646ms)
  ✓   853 [mobile] › visual/visual.spec.ts:41:7 › organisms-herobanner--handoff-catering (644ms)
  ✓   854 [mobile] › visual/visual.spec.ts:41:7 › organisms-herobanner--handoff-office (601ms)
  ✓   855 [mobile] › visual/visual.spec.ts:41:7 › organisms-herobanner--headline-only (605ms)
  ✓   856 [mobile] › visual/visual.spec.ts:41:7 › organisms-herobanner--with-photograph (641ms)
  ✓   857 [mobile] › visual/visual.spec.ts:41:7 › organisms-herobanner--mobile (648ms)
  ✓   858 [mobile] › visual/visual.spec.ts:41:7 › organisms-herobanner--tablet (687ms)
  ✓   859 [mobile] › visual/visual.spec.ts:41:7 › organisms-herobanner--desktop (660ms)
  ✓   860 [mobile] › visual/visual.spec.ts:41:7 › organisms-menulist--playground (760ms)
  ✓   861 [mobile] › visual/visual.spec.ts:41:7 › organisms-menulist--grid-website (881ms)
  ✓   862 [mobile] › visual/visual.spec.ts:41:7 › organisms-menulist--list-app (815ms)
  ✓   863 [mobile] › visual/visual.spec.ts:41:7 › organisms-menulist--grid-only (693ms)
  ✓   864 [mobile] › visual/visual.spec.ts:41:7 › organisms-menulist--small-grid (661ms)
  ✓   865 [mobile] › visual/visual.spec.ts:41:7 › organisms-menulist--filter-by-category (659ms)
  ✓   866 [mobile] › visual/visual.spec.ts:41:7 › organisms-menulist--preselected-category (617ms)
  ✓   868 [mobile] › visual/visual.spec.ts:41:7 › organisms-menulist--empty-category (657ms)
  ✓   867 [mobile] › visual/visual.spec.ts:41:7 › organisms-menulist--with-lede (738ms)
  ✓   870 [mobile] › visual/visual.spec.ts:41:7 › organisms-menulist--tablet (739ms)
  ✓   869 [mobile] › visual/visual.spec.ts:41:7 › organisms-menulist--mobile (904ms)
  ✓   871 [mobile] › visual/visual.spec.ts:41:7 › organisms-menulist--desktop (756ms)
  ✓   872 [mobile] › visual/visual.spec.ts:41:7 › organisms-ordertracker--playground (695ms)
  ✓   873 [mobile] › visual/visual.spec.ts:41:7 › organisms-ordertracker--order-in (772ms)
  ✓   874 [mobile] › visual/visual.spec.ts:41:7 › organisms-ordertracker--on-the-tandoor (598ms)
  ✓   875 [mobile] › visual/visual.spec.ts:41:7 › organisms-ordertracker--ready (651ms)
  ✓   876 [mobile] › visual/visual.spec.ts:41:7 › organisms-ordertracker--as-card (614ms)
  ✓   877 [mobile] › visual/visual.spec.ts:41:7 › organisms-ordertracker--delivery-steps (638ms)
  ✓   878 [mobile] › visual/visual.spec.ts:41:7 › organisms-ordertracker--mobile (675ms)
  ✓   879 [mobile] › visual/visual.spec.ts:41:7 › organisms-quotepanel--playground (634ms)
  ✓   880 [mobile] › visual/visual.spec.ts:41:7 › organisms-quotepanel--handoff-plan (699ms)
  ✓   881 [mobile] › visual/visual.spec.ts:41:7 › organisms-quotepanel--handoff-dawat (646ms)
  ✓   882 [mobile] › visual/visual.spec.ts:41:7 › organisms-quotepanel--handoff-office (661ms)
  ✓   883 [mobile] › visual/visual.spec.ts:41:7 › organisms-quotepanel--amount-only (667ms)
  ✓   884 [mobile] › visual/visual.spec.ts:41:7 › organisms-quotepanel--mobile (672ms)
  ✓   885 [mobile] › visual/visual.spec.ts:41:7 › organisms-quotepanel--tablet (596ms)
  ✓   886 [mobile] › visual/visual.spec.ts:41:7 › organisms-quotepanel--desktop (613ms)
  ✓   887 [mobile] › visual/visual.spec.ts:41:7 › organisms-reviewcarousel--playground (748ms)
  ✓   888 [mobile] › visual/visual.spec.ts:41:7 › organisms-reviewcarousel--handoff-home (692ms)
  ✓   889 [mobile] › visual/visual.spec.ts:41:7 › organisms-reviewcarousel--handoff-on-tint (707ms)
  ✓   890 [mobile] › visual/visual.spec.ts:41:7 › organisms-reviewcarousel--one-review (740ms)
  ✓   891 [mobile] › visual/visual.spec.ts:41:7 › organisms-reviewcarousel--empty (713ms)
  ✓   892 [mobile] › visual/visual.spec.ts:41:7 › organisms-reviewcarousel--paging (716ms)
  ✓   893 [mobile] › visual/visual.spec.ts:41:7 › organisms-reviewcarousel--mobile (822ms)
  ✓   894 [mobile] › visual/visual.spec.ts:41:7 › organisms-reviewcarousel--tablet (715ms)
  ✓   895 [mobile] › visual/visual.spec.ts:41:7 › organisms-reviewcarousel--desktop (804ms)
  ✓   896 [mobile] › visual/visual.spec.ts:41:7 › organisms-sitefooter--playground (715ms)
  ✓   899 [mobile] › visual/visual.spec.ts:41:7 › organisms-sitefooter--columns-only (621ms)
  ✓   897 [mobile] › visual/visual.spec.ts:41:7 › organisms-sitefooter--design-system-pink (935ms)
  ✓   900 [mobile] › visual/visual.spec.ts:41:7 › organisms-sitefooter--four-columns (582ms)
  ✓   898 [mobile] › visual/visual.spec.ts:41:7 › organisms-sitefooter--handoff-ink (845ms)
  ✓   901 [mobile] › visual/visual.spec.ts:41:7 › organisms-sitefooter--mobile (799ms)
  ✓   904 [mobile] › visual/visual.spec.ts:41:7 › organisms-siteheader--playground (609ms)
  ✓   905 [mobile] › visual/visual.spec.ts:41:7 › organisms-siteheader--rest (613ms)
  ✓   902 [mobile] › visual/visual.spec.ts:41:7 › organisms-sitefooter--tablet (834ms)
  ✓   903 [mobile] › visual/visual.spec.ts:41:7 › organisms-sitefooter--desktop (856ms)
  ✓   906 [mobile] › visual/visual.spec.ts:41:7 › organisms-siteheader--scrolled-with-cart (630ms)
  ✓   907 [mobile] › visual/visual.spec.ts:41:7 › organisms-siteheader--cart-counts (661ms)
  ✓   908 [mobile] › visual/visual.spec.ts:41:7 › organisms-siteheader--handoff-compact (648ms)
  ✓   909 [mobile] › visual/visual.spec.ts:41:7 › organisms-siteheader--six-links-at-1024 (786ms)
  ✓   910 [mobile] › visual/visual.spec.ts:41:7 › organisms-siteheader--six-links-at-1279 (807ms)
  ✓   911 [mobile] › visual/visual.spec.ts:41:7 › organisms-siteheader--six-links-at-1280 (668ms)
  ✓   912 [mobile] › visual/visual.spec.ts:41:7 › organisms-siteheader--six-links-at-1440 (615ms)
  ✓   913 [mobile] › visual/visual.spec.ts:41:7 › organisms-siteheader--six-links-at-1536 (643ms)
  ✓   914 [mobile] › visual/visual.spec.ts:41:7 › organisms-siteheader--drawer-keyboard (701ms)
  ✓   916 [mobile] › visual/visual.spec.ts:41:7 › organisms-siteheader--mobile (756ms)
  ✓   915 [mobile] › visual/visual.spec.ts:41:7 › organisms-siteheader--drawer-open (859ms)
  ✓   917 [mobile] › visual/visual.spec.ts:41:7 › organisms-siteheader--tablet (677ms)
  ✓   918 [mobile] › visual/visual.spec.ts:41:7 › organisms-siteheader--desktop (687ms)
  ✓   919 [mobile] › visual/visual.spec.ts:41:7 › organisms-statband--playground (556ms)
  ✓   920 [mobile] › visual/visual.spec.ts:41:7 › organisms-statband--soft (628ms)
  ✓   921 [mobile] › visual/visual.spec.ts:41:7 › organisms-statband--brand (776ms)
  ✓   923 [mobile] › visual/visual.spec.ts:41:7 › organisms-statband--four-stats (597ms)
  ✓   922 [mobile] › visual/visual.spec.ts:41:7 › organisms-statband--ink (739ms)
  ✓   924 [mobile] › visual/visual.spec.ts:41:7 › organisms-statband--with-icons (646ms)
  ✓   925 [mobile] › visual/visual.spec.ts:41:7 › organisms-statband--with-sub-lines (607ms)
  ✓   926 [mobile] › visual/visual.spec.ts:41:7 › organisms-statband--mobile (586ms)
  ✓   927 [mobile] › visual/visual.spec.ts:41:7 › organisms-statband--tablet (608ms)
  ✓   928 [mobile] › visual/visual.spec.ts:41:7 › organisms-statband--desktop (646ms)
  ✓   929 [mobile] › visual/visual.spec.ts:41:7 › organisms-tabbar--playground (593ms)
  ✓   930 [mobile] › visual/visual.spec.ts:41:7 › organisms-tabbar--states (566ms)
  ✓   931 [mobile] › visual/visual.spec.ts:41:7 › organisms-tabbar--four-tabs-with-count (600ms)
  ✓   932 [mobile] › visual/visual.spec.ts:41:7 › organisms-tabbar--five-tabs (648ms)
  ✓   933 [mobile] › visual/visual.spec.ts:41:7 › organisms-tabbar--as-links (607ms)
  ✓   934 [mobile] › visual/visual.spec.ts:41:7 › organisms-tabbar--each-destination-active (584ms)
  ✓   935 [mobile] › visual/visual.spec.ts:41:7 › organisms-tabbar--mobile (642ms)
  ✓   936 [mobile] › visual/visual.spec.ts:41:7 › organisms-testimonialwall--playground (624ms)
  ✓   937 [mobile] › visual/visual.spec.ts:41:7 › organisms-testimonialwall--default (638ms)
  ✓   938 [mobile] › visual/visual.spec.ts:41:7 › organisms-testimonialwall--brand-cards (646ms)
  ✓   939 [mobile] › visual/visual.spec.ts:41:7 › organisms-testimonialwall--four-reviews (745ms)
  ✓   940 [mobile] › visual/visual.spec.ts:41:7 › organisms-testimonialwall--on-tint (622ms)
  ✓   941 [mobile] › visual/visual.spec.ts:41:7 › organisms-testimonialwall--with-lede (644ms)
  ✓   942 [mobile] › visual/visual.spec.ts:41:7 › organisms-testimonialwall--without-scores (674ms)
  ✓   943 [mobile] › visual/visual.spec.ts:41:7 › organisms-testimonialwall--mobile (676ms)
  ✓   944 [mobile] › visual/visual.spec.ts:41:7 › organisms-testimonialwall--tablet (698ms)
  ✓   945 [mobile] › visual/visual.spec.ts:41:7 › organisms-testimonialwall--desktop (687ms)
  ✓   946 [mobile] › visual/visual.spec.ts:41:7 › spacing-specimens--scale (727ms)
  ✓   947 [mobile] › visual/visual.spec.ts:41:7 › spacing-specimens--rhythm (632ms)
  ✓   948 [mobile] › visual/visual.spec.ts:41:7 › spacing-specimens--rhythm-tokens (733ms)
  ✓   949 [mobile] › visual/visual.spec.ts:41:7 › spacing-specimens--chrome-tokens (688ms)
  ✓   951 [mobile] › visual/visual.spec.ts:41:7 › type-specimens--display-steps (632ms)
  ✓   952 [mobile] › visual/visual.spec.ts:41:7 › type-specimens--families-and-weights (655ms)
  ✓   953 [mobile] › visual/visual.spec.ts:41:7 › type-specimens--heading-steps (709ms)
  ✓   954 [mobile] › visual/visual.spec.ts:41:7 › type-specimens--body-steps (737ms)
  ✓   955 [mobile] › visual/visual.spec.ts:41:7 › type-specimens--overline-and-mono (690ms)
  ✓   950 [mobile] › visual/visual.spec.ts:41:7 › spacing-specimens--component-sizes (1.6s)
  ✓   956 [mobile] › visual/visual.spec.ts:41:7 › type-specimens--devanagari (734ms)
  ✓   957 [mobile] › visual/visual.spec.ts:41:7 › type-specimens--fluid-steps (681ms)
  ✓   958 [mobile] › visual/visual.spec.ts:41:7 › type-specimens--fluid-tokens (660ms)
  ✓   961 [mobile] › visual/visual.spec.ts:41:7 › foundations-interactions--global-base (765ms)
  ✓   962 [mobile] › visual/visual.spec.ts:41:7 › foundations-system-specimens--spacing (680ms)
  ✓   959 [mobile] › visual/visual.spec.ts:41:7 › website-homepage--homepage (1.1s)
  ✓   963 [mobile] › visual/visual.spec.ts:41:7 › foundations-system-specimens--display (637ms)
  ✓   960 [mobile] › visual/visual.spec.ts:41:7 › website-homepage--homepage-360 (1.2s)
  ✓   964 [mobile] › visual/visual.spec.ts:41:7 › foundations-system-specimens--size (649ms)
  ✓   965 [mobile] › visual/visual.spec.ts:41:7 › foundations-system-specimens--flex-child (606ms)
  ✓   966 [mobile] › visual/visual.spec.ts:41:7 › foundations-system-specimens--look (582ms)
  ✓   967 [mobile] › visual/visual.spec.ts:41:7 › foundations-system-specimens--colour (579ms)
  ✓   968 [mobile] › visual/visual.spec.ts:41:7 › foundations-system-specimens--responsive (546ms)
(node:83129) Warning: The 'NO_COLOR' env is ignored due to the 'FORCE_COLOR' env being set.
(Use `node --trace-warnings ...` to show where the warning was created)
(node:83131) Warning: The 'NO_COLOR' env is ignored due to the 'FORCE_COLOR' env being set.
(Use `node --trace-warnings ...` to show where the warning was created)
(node:83132) Warning: The 'NO_COLOR' env is ignored due to the 'FORCE_COLOR' env being set.
(Use `node --trace-warnings ...` to show where the warning was created)
(node:83133) Warning: The 'NO_COLOR' env is ignored due to the 'FORCE_COLOR' env being set.
(Use `node --trace-warnings ...` to show where the warning was created)
(node:83143) Warning: The 'NO_COLOR' env is ignored due to the 'FORCE_COLOR' env being set.
(Use `node --trace-warnings ...` to show where the warning was created)
  ✓   969 [desktop] › visual/visual.spec.ts:41:7 › readme-docs-kit--missing-token-fails-loudly (1.0s)
  ✓   970 [desktop] › visual/visual.spec.ts:41:7 › readme-docs-kit--numeric-steps-sort-by-number (993ms)
  ✓   971 [desktop] › visual/visual.spec.ts:41:7 › readme-docs-kit--utilities-derive-from-the-catalogue (967ms)
  ✓   973 [desktop] › visual/visual.spec.ts:41:7 › readme-docs-kit--copy-without-a-clipboard (1.1s)
  ✓   972 [desktop] › visual/visual.spec.ts:41:7 › readme-docs-kit--copy-chips-copy-a-class (1.3s)
  ✓   974 [desktop] › visual/visual.spec.ts:41:7 › readme-docs-kit--swatch-paints-its-token (734ms)
  ✓   976 [desktop] › visual/visual.spec.ts:41:7 › readme-docs-kit--token-table-lists-every-match (700ms)
  ✓   975 [desktop] › visual/visual.spec.ts:41:7 › readme-docs-kit--swatch-copies-name-and-value (842ms)
  ✓   977 [desktop] › visual/visual.spec.ts:41:7 › readme-docs-kit--type-specimen-uses-the-step (689ms)
  ✓   978 [desktop] › visual/visual.spec.ts:41:7 › readme-docs-kit--contrast-matrix-rates-each-pair (731ms)
  ✓   979 [desktop] › visual/visual.spec.ts:41:7 › readme-docs-kit--spacing-scale-multiplies-the-unit (658ms)
  ✓   980 [desktop] › visual/visual.spec.ts:41:7 › readme-docs-kit--radius-scale-shows-every-radius (694ms)
  ✓   981 [desktop] › visual/visual.spec.ts:41:7 › readme-docs-kit--shadow-ladder-paints-each-step (771ms)
  ✓   982 [desktop] › visual/visual.spec.ts:41:7 › readme-docs-kit--motion-demo-runs-on-the-tokens (667ms)
  ✓   986 [desktop] › visual/visual.spec.ts:41:7 › readme-docs-prose--prose-table-that-fits-adds-no-tab-stop (546ms)
  ✓   987 [desktop] › visual/visual.spec.ts:41:7 › readme-canvas-geometry--padded-leaves-328 (514ms)
  ✓   988 [desktop] › visual/visual.spec.ts:41:7 › readme-canvas-geometry--centered-leaves-328 (555ms)
  ✓   983 [desktop] › visual/visual.spec.ts:41:7 › readme-docs-prose--prose-table-scrolls-at-360 (1.6s)
  ✓   989 [desktop] › visual/visual.spec.ts:41:7 › readme-canvas-geometry--fullscreen-leaves-360 (533ms)
  ✓   984 [desktop] › visual/visual.spec.ts:41:7 › readme-docs-prose--prose-tables-named-apart (1.6s)
  ✓   985 [desktop] › visual/visual.spec.ts:41:7 › readme-docs-prose--prose-table-names-stay-unique (1.6s)
  ✓   990 [desktop] › visual/visual.spec.ts:41:7 › readme-system-sx--responsive-classes-have-css (631ms)
  ✓   992 [desktop] › visual/visual.spec.ts:41:7 › app-ordering-app--menu (937ms)
  ✓   991 [desktop] › visual/visual.spec.ts:41:7 › app-ordering-app--home (1.0s)
  ✓   993 [desktop] › visual/visual.spec.ts:41:7 › app-ordering-app--item-sheet-open (930ms)
  ✓   994 [desktop] › visual/visual.spec.ts:41:7 › app-ordering-app--cart (874ms)
  ✓   995 [desktop] › visual/visual.spec.ts:41:7 › app-ordering-app--tracking (915ms)
  ✓   996 [desktop] › visual/visual.spec.ts:41:7 › app-ordering-app--account (892ms)
  ✓   998 [desktop] › visual/visual.spec.ts:41:7 › atoms-avatar--playground (805ms)
  ✓   997 [desktop] › visual/visual.spec.ts:41:7 › app-ordering-app--home-360 (924ms)
  ✓   999 [desktop] › visual/visual.spec.ts:41:7 › atoms-avatar--sizes (973ms)
  ✓  1000 [desktop] › visual/visual.spec.ts:41:7 › atoms-avatar--initials (699ms)
  ✓  1001 [desktop] › visual/visual.spec.ts:41:7 › atoms-avatar--icon-fallback (680ms)
  ✓  1002 [desktop] › visual/visual.spec.ts:41:7 › atoms-avatar--ring (793ms)
  ✓  1003 [desktop] › visual/visual.spec.ts:41:7 › atoms-avatar--photo (847ms)
  ✓  1004 [desktop] › visual/visual.spec.ts:41:7 › atoms-avatar--in-a-guest-row (736ms)
  ✓  1005 [desktop] › visual/visual.spec.ts:41:7 › atoms-badge--playground (847ms)
  ✓  1006 [desktop] › visual/visual.spec.ts:41:7 › atoms-badge--colors (640ms)
  ✓  1007 [desktop] › visual/visual.spec.ts:41:7 › atoms-badge--status-colors (680ms)
  ✓  1008 [desktop] › visual/visual.spec.ts:41:7 › atoms-badge--with-icon (634ms)
  ✓  1009 [desktop] › visual/visual.spec.ts:41:7 › atoms-badge--on-a-menu-card (672ms)
  ✓  1010 [desktop] › visual/visual.spec.ts:41:7 › atoms-badge--sx (672ms)
  ✓  1011 [desktop] › visual/visual.spec.ts:41:7 › atoms-badge--on-surfaces-story (683ms)
  ✓  1012 [desktop] › visual/visual.spec.ts:41:7 › atoms-button--playground (652ms)
  ✓  1013 [desktop] › visual/visual.spec.ts:41:7 › atoms-button--states (692ms)
  ✓  1014 [desktop] › visual/visual.spec.ts:41:7 › atoms-button--states-primary (655ms)
  ✓  1015 [desktop] › visual/visual.spec.ts:41:7 › atoms-button--states-ghost (637ms)
  ✓  1016 [desktop] › visual/visual.spec.ts:41:7 › atoms-button--states-inverse (756ms)
  ✓  1017 [desktop] › visual/visual.spec.ts:41:7 › atoms-button--states-on-brand (705ms)
  ✓  1018 [desktop] › visual/visual.spec.ts:41:7 › atoms-button--variants (779ms)
  ✓  1019 [desktop] › visual/visual.spec.ts:41:7 › atoms-button--sizes (809ms)
  ✓  1020 [desktop] › visual/visual.spec.ts:41:7 › atoms-button--leading-icon (714ms)
  ✓  1021 [desktop] › visual/visual.spec.ts:41:7 › atoms-button--trailing-icon (764ms)
  ✓  1022 [desktop] › visual/visual.spec.ts:41:7 › atoms-button--both-icons (714ms)
  ✓  1023 [desktop] › visual/visual.spec.ts:41:7 › atoms-button--icon-by-size (688ms)
  ✓  1024 [desktop] › visual/visual.spec.ts:41:7 › atoms-button--icon-after-by-size (709ms)
  ✓  1025 [desktop] › visual/visual.spec.ts:41:7 › atoms-button--on-brand (647ms)
  ✓  1026 [desktop] › visual/visual.spec.ts:41:7 › atoms-button--loading (614ms)
  ✓  1027 [desktop] › visual/visual.spec.ts:41:7 › atoms-button--disabled (627ms)
  ✓  1028 [desktop] › visual/visual.spec.ts:41:7 › atoms-button--full-width (633ms)
  ✓  1029 [desktop] › visual/visual.spec.ts:41:7 › atoms-button--sx (567ms)
  ✓  1030 [desktop] › visual/visual.spec.ts:41:7 › atoms-button--on-surfaces-story (630ms)
  ✓  1031 [desktop] › visual/visual.spec.ts:41:7 › atoms-button--nested-surfaces (555ms)
  ✓  1032 [desktop] › visual/visual.spec.ts:41:7 › atoms-button--as-child (584ms)
  ✓  1033 [desktop] › visual/visual.spec.ts:41:7 › atoms-button--long-label (606ms)
  ✓  1034 [desktop] › visual/visual.spec.ts:41:7 › atoms-card--playground (587ms)
  ✓  1035 [desktop] › visual/visual.spec.ts:41:7 › atoms-card--states (589ms)
  ✓  1036 [desktop] › visual/visual.spec.ts:41:7 › atoms-card--default (633ms)
  ✓  1037 [desktop] › visual/visual.spec.ts:41:7 › atoms-card--feature-quiet (626ms)
  ✓  1038 [desktop] › visual/visual.spec.ts:41:7 › atoms-card--brand-ink (574ms)
  ✓  1039 [desktop] › visual/visual.spec.ts:41:7 › atoms-card--padding-none (632ms)
  ✓  1040 [desktop] › visual/visual.spec.ts:41:7 › atoms-card--paddings (702ms)
  ✓  1041 [desktop] › visual/visual.spec.ts:41:7 › atoms-card--as-child (604ms)
  ✓  1042 [desktop] › visual/visual.spec.ts:41:7 › atoms-card--interactive-with-link (661ms)
  ✓  1043 [desktop] › visual/visual.spec.ts:41:7 › atoms-card--light-island (591ms)
  ✓  1044 [desktop] › visual/visual.spec.ts:41:7 › atoms-card--soft-inside-brand (587ms)
  ✓  1045 [desktop] › visual/visual.spec.ts:41:7 › atoms-checkbox--playground (588ms)
  ✓  1046 [desktop] › visual/visual.spec.ts:41:7 › atoms-checkbox--interaction (578ms)
  ✓  1047 [desktop] › visual/visual.spec.ts:41:7 › atoms-checkbox--checked-and-unchecked (569ms)
  ✓  1048 [desktop] › visual/visual.spec.ts:41:7 › atoms-checkbox--price (606ms)
  ✓  1049 [desktop] › visual/visual.spec.ts:41:7 › atoms-checkbox--description (632ms)
  ✓  1050 [desktop] › visual/visual.spec.ts:41:7 › atoms-checkbox--invalid (631ms)
  ✓  1051 [desktop] › visual/visual.spec.ts:41:7 › atoms-checkbox--disabled (642ms)
  ✓  1052 [desktop] › visual/visual.spec.ts:41:7 › atoms-checkbox--add-on-list (606ms)
  ✓  1053 [desktop] › visual/visual.spec.ts:41:7 › atoms-checkbox--on-surfaces-story (620ms)
  ✓  1055 [desktop] › visual/visual.spec.ts:41:7 › atoms-countdown--in-launch-bar (582ms)
  ✓  1056 [desktop] › visual/visual.spec.ts:41:7 › atoms-countdown--ended (583ms)
  ✓  1057 [desktop] › visual/visual.spec.ts:41:7 › atoms-countdown--ended-renders-nothing (588ms)
  ✓  1058 [desktop] › visual/visual.spec.ts:41:7 › atoms-dietmark--playground (567ms)
  ✓  1059 [desktop] › visual/visual.spec.ts:41:7 › atoms-dietmark--sizes (575ms)
  ✓  1060 [desktop] › visual/visual.spec.ts:41:7 › atoms-dietmark--in-context (598ms)
  ✓  1061 [desktop] › visual/visual.spec.ts:41:7 › atoms-divider--playground (579ms)
  ✓  1054 [desktop] › visual/visual.spec.ts:41:7 › atoms-countdown--playground (1.6s)
  ✓  1062 [desktop] › visual/visual.spec.ts:41:7 › atoms-divider--line (591ms)
  ✓  1063 [desktop] › visual/visual.spec.ts:41:7 › atoms-divider--label (532ms)
  ✓  1064 [desktop] › visual/visual.spec.ts:41:7 › atoms-divider--diamond (588ms)
  ✓  1065 [desktop] › visual/visual.spec.ts:41:7 › atoms-divider--on-brand (566ms)
  ✓  1066 [desktop] › visual/visual.spec.ts:41:7 › atoms-divider--between-menu-rows (571ms)
  ✓  1067 [desktop] › visual/visual.spec.ts:41:7 › atoms-divider--vertical (613ms)
  ✓  1068 [desktop] › visual/visual.spec.ts:41:7 › atoms-divider--on-surfaces-story (586ms)
  ✓  1069 [desktop] › visual/visual.spec.ts:41:7 › atoms-fab--playground (558ms)
  ✓  1070 [desktop] › visual/visual.spec.ts:41:7 › atoms-fab--variants (613ms)
  ✓  1071 [desktop] › visual/visual.spec.ts:41:7 › atoms-fab--sizes (653ms)
  ✓  1072 [desktop] › visual/visual.spec.ts:41:7 › atoms-fab--extended (600ms)
  ✓  1073 [desktop] › visual/visual.spec.ts:41:7 › atoms-fab--disabled (614ms)
  ✓  1074 [desktop] › visual/visual.spec.ts:41:7 › atoms-fab--as-link (583ms)
  ✓  1075 [desktop] › visual/visual.spec.ts:41:7 › atoms-fab--on-grounds (602ms)
  ✓  1076 [desktop] › visual/visual.spec.ts:41:7 › atoms-fab--positions (600ms)
  ✓  1077 [desktop] › visual/visual.spec.ts:41:7 › atoms-fab--pinned (647ms)
  ✓  1078 [desktop] › visual/visual.spec.ts:41:7 › atoms-fab--mobile-360 (678ms)
  ✓  1079 [desktop] › visual/visual.spec.ts:41:7 › atoms-iconbutton--playground (663ms)
  ✓  1080 [desktop] › visual/visual.spec.ts:41:7 › atoms-iconbutton--states (611ms)
  ✓  1081 [desktop] › visual/visual.spec.ts:41:7 › atoms-iconbutton--variants (608ms)
  ✓  1082 [desktop] › visual/visual.spec.ts:41:7 › atoms-iconbutton--sizes (649ms)
  ✓  1083 [desktop] › visual/visual.spec.ts:41:7 › atoms-iconbutton--on-brand (563ms)
  ✓  1084 [desktop] › visual/visual.spec.ts:41:7 › atoms-iconbutton--disabled (629ms)
  ✓  1085 [desktop] › visual/visual.spec.ts:41:7 › atoms-iconbutton--over-photography (676ms)
  ✓  1086 [desktop] › visual/visual.spec.ts:41:7 › atoms-iconbutton--count (663ms)
  ✓  1087 [desktop] › visual/visual.spec.ts:41:7 › atoms-iconbutton--icon-only (644ms)
  ✓  1088 [desktop] › visual/visual.spec.ts:41:7 › atoms-iconbutton--on-surfaces-story (595ms)
  ✓  1089 [desktop] › visual/visual.spec.ts:41:7 › atoms-iconbutton--as-child (626ms)
  ✓  1090 [desktop] › visual/visual.spec.ts:41:7 › atoms-icon--playground (630ms)
  ✓  1091 [desktop] › visual/visual.spec.ts:41:7 › atoms-icon--sizes (671ms)
  ✓  1092 [desktop] › visual/visual.spec.ts:41:7 › atoms-icon--current-color (658ms)
  ✓  1093 [desktop] › visual/visual.spec.ts:41:7 › atoms-icon--glyphs (611ms)
  ✓  1094 [desktop] › visual/visual.spec.ts:41:7 › atoms-icon--labelled (650ms)
  ✓  1095 [desktop] › visual/visual.spec.ts:41:7 › atoms-icon--on-ink (611ms)
  ✓  1096 [desktop] › visual/visual.spec.ts:41:7 › atoms-imageslot--playground (617ms)
  ✓  1097 [desktop] › visual/visual.spec.ts:41:7 › atoms-imageslot--ratios (626ms)
  ✓  1098 [desktop] › visual/visual.spec.ts:41:7 › atoms-imageslot--variants (634ms)
  ✓  1099 [desktop] › visual/visual.spec.ts:41:7 › atoms-imageslot--label (546ms)
  ✓  1100 [desktop] › visual/visual.spec.ts:41:7 › atoms-imageslot--photo (552ms)
  ✓  1101 [desktop] › visual/visual.spec.ts:41:7 › atoms-imageslot--fill (566ms)
  ✓  1102 [desktop] › visual/visual.spec.ts:41:7 › atoms-imageslot--radii (582ms)
  ✓  1103 [desktop] › visual/visual.spec.ts:41:7 › atoms-imageslot--sx (574ms)
  ✓  1104 [desktop] › visual/visual.spec.ts:41:7 › atoms-input--playground (577ms)
  ✓  1105 [desktop] › visual/visual.spec.ts:41:7 › atoms-input--states (605ms)
  ✓  1106 [desktop] › visual/visual.spec.ts:41:7 › atoms-input--rest (606ms)
  ✓  1107 [desktop] › visual/visual.spec.ts:41:7 › atoms-input--filled-with-icon (602ms)
  ✓  1108 [desktop] › visual/visual.spec.ts:41:7 › atoms-input--status-error (599ms)
  ✓  1109 [desktop] › visual/visual.spec.ts:41:7 › atoms-input--status-success (602ms)
  ✓  1110 [desktop] › visual/visual.spec.ts:41:7 › atoms-input--status-warning (613ms)
  ✓  1111 [desktop] › visual/visual.spec.ts:41:7 › atoms-input--loading (593ms)
  ✓  1112 [desktop] › visual/visual.spec.ts:41:7 › atoms-input--read-only (608ms)
  ✓  1113 [desktop] › visual/visual.spec.ts:41:7 › atoms-input--disabled (628ms)
  ✓  1114 [desktop] › visual/visual.spec.ts:41:7 › atoms-input--suffix-and-trailing (626ms)
  ✓  1115 [desktop] › visual/visual.spec.ts:41:7 › atoms-input--disabled-trailing (595ms)
  ✓  1116 [desktop] › visual/visual.spec.ts:41:7 › atoms-input--in-disabled-fieldset (574ms)
  ✓  1117 [desktop] › visual/visual.spec.ts:41:7 › atoms-input--sizes (614ms)
  ✓  1118 [desktop] › visual/visual.spec.ts:41:7 › atoms-input--multiline (591ms)
  ✓  1119 [desktop] › visual/visual.spec.ts:41:7 › atoms-input--on-surfaces-story (683ms)
  ✓  1120 [desktop] › visual/visual.spec.ts:41:7 › atoms-link--playground (722ms)
  ✓  1121 [desktop] › visual/visual.spec.ts:41:7 › atoms-link--states (650ms)
  ✓  1122 [desktop] › visual/visual.spec.ts:41:7 › atoms-link--default (642ms)
  ✓  1123 [desktop] › visual/visual.spec.ts:41:7 › atoms-link--colors (631ms)
  ✓  1124 [desktop] › visual/visual.spec.ts:41:7 › atoms-link--underline (643ms)
  ✓  1125 [desktop] › visual/visual.spec.ts:41:7 › atoms-link--variants (667ms)
  ✓  1126 [desktop] › visual/visual.spec.ts:41:7 › atoms-link--inherits-paragraph (705ms)
  ✓  1127 [desktop] › visual/visual.spec.ts:41:7 › atoms-link--external (691ms)
  ✓  1128 [desktop] › visual/visual.spec.ts:41:7 › atoms-link--as-child (697ms)
  ✓  1129 [desktop] › visual/visual.spec.ts:41:7 › atoms-link--in-footer-nav (646ms)
  ✓  1130 [desktop] › visual/visual.spec.ts:41:7 › atoms-link--on-surfaces-story (572ms)
  ✓  1131 [desktop] › visual/visual.spec.ts:41:7 › atoms-menu--three-dot-menu (657ms)
  ✓  1132 [desktop] › visual/visual.spec.ts:41:7 › atoms-menu--basic-menu (683ms)
  ✓  1133 [desktop] › visual/visual.spec.ts:41:7 › atoms-menu--icon-menu (639ms)
  ✓  1134 [desktop] › visual/visual.spec.ts:41:7 › atoms-menu--dense-menu (629ms)
  ✓  1135 [desktop] › visual/visual.spec.ts:41:7 › atoms-menu--selected-menu (644ms)
  ✓  1136 [desktop] › visual/visual.spec.ts:41:7 › atoms-menu--positioned-menu (653ms)
  ✓  1137 [desktop] › visual/visual.spec.ts:41:7 › atoms-menu--long-menu (671ms)
  ✓  1138 [desktop] › visual/visual.spec.ts:41:7 › atoms-menu--account-menu (624ms)
  ✓  1139 [desktop] › visual/visual.spec.ts:41:7 › atoms-menu--radio-menu (676ms)
  ✓  1140 [desktop] › visual/visual.spec.ts:41:7 › atoms-menu--checkbox-menu (669ms)
  ✓  1141 [desktop] › visual/visual.spec.ts:41:7 › atoms-menu--nested-menu (657ms)
  ✓  1142 [desktop] › visual/visual.spec.ts:41:7 › atoms-menu--on-surfaces (616ms)
  ✓  1143 [desktop] › visual/visual.spec.ts:41:7 › atoms-menu--mobile-360 (734ms)
  ✓  1144 [desktop] › visual/visual.spec.ts:41:7 › atoms-menu--listbox (624ms)
  ✓  1145 [desktop] › visual/visual.spec.ts:41:7 › atoms-menu--groups-and-meta (715ms)
  ✓  1146 [desktop] › visual/visual.spec.ts:41:7 › atoms-menu--empty (665ms)
  ✓  1147 [desktop] › visual/visual.spec.ts:41:7 › atoms-menu--sheet-360 (750ms)
  ✓  1148 [desktop] › visual/visual.spec.ts:41:7 › atoms-menu--floating-641 (730ms)
  ✓  1149 [desktop] › visual/visual.spec.ts:41:7 › atoms-patternfield--playground (616ms)
  ✓  1150 [desktop] › visual/visual.spec.ts:41:7 › atoms-patternfield--brand (599ms)
  ✓  1151 [desktop] › visual/visual.spec.ts:41:7 › atoms-patternfield--ink (575ms)
  ✓  1152 [desktop] › visual/visual.spec.ts:41:7 › atoms-patternfield--soft (571ms)
  ✓  1153 [desktop] › visual/visual.spec.ts:41:7 › atoms-patternfield--light (611ms)
  ✓  1154 [desktop] › visual/visual.spec.ts:41:7 › atoms-patternfield--faint (697ms)
  ✓  1155 [desktop] › visual/visual.spec.ts:41:7 › atoms-patternfield--tiles (703ms)
  ✓  1156 [desktop] › visual/visual.spec.ts:41:7 › atoms-patternfield--as-child (661ms)
  ✓  1157 [desktop] › visual/visual.spec.ts:41:7 › atoms-patternfield--full-bleed-band (602ms)
  ✓  1158 [desktop] › visual/visual.spec.ts:41:7 › atoms-patternfield--sx (601ms)
  ✓  1159 [desktop] › visual/visual.spec.ts:41:7 › atoms-popover--playground (715ms)
  ✓  1160 [desktop] › visual/visual.spec.ts:41:7 › atoms-popover--sides (654ms)
  ✓  1161 [desktop] › visual/visual.spec.ts:41:7 › atoms-popover--with-title (787ms)
  ✓  1162 [desktop] › visual/visual.spec.ts:41:7 › atoms-popover--info-popover (855ms)
  ✓  1163 [desktop] › visual/visual.spec.ts:41:7 › atoms-popover--controlled (803ms)
  ✓  1164 [desktop] › visual/visual.spec.ts:41:7 › atoms-popover--on-surfaces (687ms)
  ✓  1165 [desktop] › visual/visual.spec.ts:41:7 › atoms-popover--mobile-360 (706ms)
  ✓  1166 [desktop] › visual/visual.spec.ts:41:7 › atoms-popover--sheet (583ms)
  ✓  1167 [desktop] › visual/visual.spec.ts:41:7 › atoms-popover--sheet-360 (671ms)
  ✓  1168 [desktop] › visual/visual.spec.ts:41:7 › atoms-popover--floating-641 (690ms)
  ✓  1169 [desktop] › visual/visual.spec.ts:41:7 › atoms-pricetag--playground (617ms)
  ✓  1170 [desktop] › visual/visual.spec.ts:41:7 › atoms-pricetag--amounts (580ms)
  ✓  1171 [desktop] › visual/visual.spec.ts:41:7 › atoms-pricetag--was (567ms)
  ✓  1172 [desktop] › visual/visual.spec.ts:41:7 › atoms-pricetag--range (584ms)
  ✓  1173 [desktop] › visual/visual.spec.ts:41:7 › atoms-pricetag--sizes (563ms)
  ✓  1174 [desktop] › visual/visual.spec.ts:41:7 › atoms-pricetag--colors (583ms)
  ✓  1175 [desktop] › visual/visual.spec.ts:41:7 › atoms-pricetag--canvas (581ms)
  ✓  1176 [desktop] › visual/visual.spec.ts:41:7 › atoms-pricetag--sx (566ms)
  ✓  1177 [desktop] › visual/visual.spec.ts:41:7 › atoms-pricetag--on-surfaces-story (620ms)
  ✓  1178 [desktop] › visual/visual.spec.ts:41:7 › atoms-progressbar--playground (598ms)
  ✓  1179 [desktop] › visual/visual.spec.ts:41:7 › atoms-progressbar--segments (658ms)
  ✓  1180 [desktop] › visual/visual.spec.ts:41:7 › atoms-progressbar--continuous (614ms)
  ✓  1181 [desktop] › visual/visual.spec.ts:41:7 › atoms-progressbar--color-success (609ms)
  ✓  1182 [desktop] › visual/visual.spec.ts:41:7 › atoms-progressbar--inverse (570ms)
  ✓  1183 [desktop] › visual/visual.spec.ts:41:7 › atoms-progressbar--narrow (586ms)
  ✓  1184 [desktop] › visual/visual.spec.ts:41:7 › atoms-progressbar--sizes (573ms)
  ✓  1185 [desktop] › visual/visual.spec.ts:41:7 › atoms-progressbar--on-surfaces-story (609ms)
  ✓  1186 [desktop] › visual/visual.spec.ts:41:7 › atoms-progressbar--sx (600ms)
  ✓  1187 [desktop] › visual/visual.spec.ts:41:7 › atoms-radio--playground (672ms)
  ✓  1188 [desktop] › visual/visual.spec.ts:41:7 › atoms-radio--interaction (676ms)
  ✓  1189 [desktop] › visual/visual.spec.ts:41:7 › atoms-radio--group (661ms)
  ✓  1190 [desktop] › visual/visual.spec.ts:41:7 › atoms-radio--no-price (692ms)
  ✓  1191 [desktop] › visual/visual.spec.ts:41:7 › atoms-radio--disabled (693ms)
  ✓  1192 [desktop] › visual/visual.spec.ts:41:7 › atoms-radio--group-error (651ms)
  ✓  1193 [desktop] › visual/visual.spec.ts:41:7 › atoms-radio--invalid-checked (662ms)
  ✓  1194 [desktop] › visual/visual.spec.ts:41:7 › atoms-radio--horizontal (649ms)
  ✓  1195 [desktop] › visual/visual.spec.ts:41:7 › atoms-radio--states (638ms)
  ✓  1196 [desktop] › visual/visual.spec.ts:41:7 › atoms-radio--portion-picker (670ms)
  ✓  1197 [desktop] › visual/visual.spec.ts:41:7 › atoms-radio--on-surfaces-story (676ms)
  ✓  1198 [desktop] › visual/visual.spec.ts:41:7 › atoms-rating--playground (646ms)
  ✓  1199 [desktop] › visual/visual.spec.ts:41:7 › atoms-rating--values (658ms)
  ✓  1200 [desktop] › visual/visual.spec.ts:41:7 › atoms-rating--symbol (613ms)
  ✓  1201 [desktop] › visual/visual.spec.ts:41:7 › atoms-rating--count (638ms)
  ✓  1203 [desktop] › visual/visual.spec.ts:41:7 › atoms-rating--partial-fill (598ms)
  ✓  1202 [desktop] › visual/visual.spec.ts:41:7 › atoms-rating--sizes (626ms)
  ✓  1204 [desktop] › visual/visual.spec.ts:41:7 › atoms-rating--on-an-outlet-card (587ms)
  ✓  1205 [desktop] › visual/visual.spec.ts:41:7 › atoms-rating--on-surfaces-story (628ms)
  ✓  1206 [desktop] › visual/visual.spec.ts:41:7 › atoms-select--playground (597ms)
  ✓  1207 [desktop] › visual/visual.spec.ts:41:7 › atoms-select--rest (613ms)
  ✓  1208 [desktop] › visual/visual.spec.ts:41:7 › atoms-select--placeholder-and-icon (598ms)
  ✓  1209 [desktop] › visual/visual.spec.ts:41:7 › atoms-select--status-error (615ms)
  ✓  1210 [desktop] › visual/visual.spec.ts:41:7 › atoms-select--status-success (608ms)
  ✓  1211 [desktop] › visual/visual.spec.ts:41:7 › atoms-select--status-warning (613ms)
  ✓  1212 [desktop] › visual/visual.spec.ts:41:7 › atoms-select--read-only-and-disabled (604ms)
  ✓  1213 [desktop] › visual/visual.spec.ts:41:7 › atoms-select--sizes (677ms)
  ✓  1214 [desktop] › visual/visual.spec.ts:41:7 › atoms-select--long-label-at-360 (685ms)
  ✓  1215 [desktop] › visual/visual.spec.ts:41:7 › atoms-select--two-up-at-360 (689ms)
  ✓  1216 [desktop] › visual/visual.spec.ts:41:7 › atoms-select--on-surfaces-story (660ms)
  ✓  1217 [desktop] › visual/visual.spec.ts:41:7 › atoms-select--content-sized-parent (607ms)
  ✓  1218 [desktop] › visual/visual.spec.ts:41:7 › atoms-select--open-list (654ms)
  ✓  1219 [desktop] › visual/visual.spec.ts:41:7 › atoms-select--keyboard (678ms)
  ✓  1220 [desktop] › visual/visual.spec.ts:41:7 › atoms-select--long-list (649ms)
  ✓  1221 [desktop] › visual/visual.spec.ts:41:7 › atoms-select--in-dialog (683ms)
  ✓  1222 [desktop] › visual/visual.spec.ts:41:7 › atoms-select--in-app-shell (694ms)
  ✓  1223 [desktop] › visual/visual.spec.ts:41:7 › atoms-select--sheet-360 (653ms)
  ✓  1224 [desktop] › visual/visual.spec.ts:41:7 › atoms-skeleton--playground (606ms)
  ✓  1225 [desktop] › visual/visual.spec.ts:41:7 › atoms-skeleton--block (605ms)
  ✓  1226 [desktop] › visual/visual.spec.ts:41:7 › atoms-skeleton--lines (631ms)
  ✓  1227 [desktop] › visual/visual.spec.ts:41:7 › atoms-skeleton--circle (562ms)
  ✓  1228 [desktop] › visual/visual.spec.ts:41:7 › atoms-skeleton--card-shape (588ms)
  ✓  1229 [desktop] › visual/visual.spec.ts:41:7 › atoms-slider--playground (590ms)
  ✓  1230 [desktop] › visual/visual.spec.ts:41:7 › atoms-slider--dawat-guests (616ms)
  ✓  1231 [desktop] › visual/visual.spec.ts:41:7 › atoms-slider--office-meals-on-ink (592ms)
  ✓  1232 [desktop] › visual/visual.spec.ts:41:7 › atoms-slider--disabled (600ms)
  ✓  1233 [desktop] › visual/visual.spec.ts:41:7 › atoms-socialheadline--playground (583ms)
  ✓  1234 [desktop] › visual/visual.spec.ts:41:7 › atoms-socialheadline--overline (596ms)
  ✓  1235 [desktop] › visual/visual.spec.ts:41:7 › atoms-socialheadline--hero (592ms)
  ✓  1236 [desktop] › visual/visual.spec.ts:41:7 › atoms-socialheadline--h-1-h-2 (604ms)
  ✓  1237 [desktop] › visual/visual.spec.ts:41:7 › atoms-socialheadline--body-caption (570ms)
  ✓  1238 [desktop] › visual/visual.spec.ts:41:7 › atoms-socialheadline--alignment (581ms)
  ✓  1239 [desktop] › visual/visual.spec.ts:41:7 › atoms-socialheadline--on-a-canvas (571ms)
  ✓  1240 [desktop] › visual/visual.spec.ts:41:7 › atoms-socialheadline--on-surfaces-story (560ms)
  ✓  1241 [desktop] › visual/visual.spec.ts:41:7 › atoms-socialheadline--sx (586ms)
  ✓  1242 [desktop] › visual/visual.spec.ts:41:7 › atoms-spicelevel--playground (579ms)
  ✓  1243 [desktop] › visual/visual.spec.ts:41:7 › atoms-spicelevel--levels (555ms)
  ✓  1244 [desktop] › visual/visual.spec.ts:41:7 › atoms-spicelevel--with-label (584ms)
  ✓  1245 [desktop] › visual/visual.spec.ts:41:7 › atoms-spicelevel--sizes (598ms)
  ✓  1246 [desktop] › visual/visual.spec.ts:41:7 › atoms-spicelevel--in-context (601ms)
  ✓  1247 [desktop] › visual/visual.spec.ts:41:7 › atoms-spicelevel--on-surfaces-story (597ms)
  ✓  1248 [desktop] › visual/visual.spec.ts:41:7 › atoms-spinner--playground (643ms)
  ✓  1249 [desktop] › visual/visual.spec.ts:41:7 › atoms-spinner--sizes (566ms)
  ✓  1250 [desktop] › visual/visual.spec.ts:41:7 › atoms-spinner--colors (586ms)
  ✓  1251 [desktop] › visual/visual.spec.ts:41:7 › atoms-spinner--inverse (567ms)
  ✓  1252 [desktop] › visual/visual.spec.ts:41:7 › atoms-spinner--sx (618ms)
  ✓  1253 [desktop] › visual/visual.spec.ts:41:7 › atoms-statusdot--playground (595ms)
  ✓  1254 [desktop] › visual/visual.spec.ts:41:7 › atoms-statusdot--statuses (592ms)
  ✓  1255 [desktop] › visual/visual.spec.ts:41:7 › atoms-statusdot--sizes (569ms)
  ✓  1256 [desktop] › visual/visual.spec.ts:41:7 › atoms-statusdot--pulse (616ms)
  ✓  1257 [desktop] › visual/visual.spec.ts:41:7 › atoms-statusdot--bare (634ms)
  ✓  1258 [desktop] › visual/visual.spec.ts:41:7 › atoms-statusdot--outlet-strip (601ms)
  ✓  1259 [desktop] › visual/visual.spec.ts:41:7 › atoms-statusdot--sx (633ms)
  ✓  1260 [desktop] › visual/visual.spec.ts:41:7 › atoms-switch--playground (609ms)
  ✓  1261 [desktop] › visual/visual.spec.ts:41:7 › atoms-switch--interaction (641ms)
  ✓  1262 [desktop] › visual/visual.spec.ts:41:7 › atoms-switch--on-and-off (619ms)
  ✓  1263 [desktop] › visual/visual.spec.ts:41:7 › atoms-switch--description (611ms)
  ✓  1264 [desktop] › visual/visual.spec.ts:41:7 › atoms-switch--disabled (623ms)
  ✓  1265 [desktop] › visual/visual.spec.ts:41:7 › atoms-switch--label-hidden (650ms)
  ✓  1266 [desktop] › visual/visual.spec.ts:41:7 › atoms-switch--preferences-panel (618ms)
  ✓  1267 [desktop] › visual/visual.spec.ts:41:7 › atoms-switch--on-surfaces-story (633ms)
  ✓  1268 [desktop] › visual/visual.spec.ts:41:7 › atoms-tag--playground (623ms)
  ✓  1269 [desktop] › visual/visual.spec.ts:41:7 › atoms-tag--states (672ms)
  ✓  1270 [desktop] › visual/visual.spec.ts:41:7 › atoms-tag--selectable (624ms)
  ✓  1271 [desktop] › visual/visual.spec.ts:41:7 › atoms-tag--with-icon (580ms)
  ✓  1272 [desktop] › visual/visual.spec.ts:41:7 › atoms-tag--disabled (570ms)
  ✓  1273 [desktop] › visual/visual.spec.ts:41:7 › atoms-tag--category-filter-rail (567ms)
  ✓  1274 [desktop] › visual/visual.spec.ts:41:7 › atoms-tag--colors (561ms)
  ✓  1275 [desktop] › visual/visual.spec.ts:41:7 › atoms-tag--on-surfaces-story (588ms)
  ✓  1276 [desktop] › visual/visual.spec.ts:41:7 › atoms-tag--long-label (588ms)
  ✓  1277 [desktop] › visual/visual.spec.ts:41:7 › atoms-textbutton--playground (573ms)
  ✓  1278 [desktop] › visual/visual.spec.ts:41:7 › atoms-textbutton--states (609ms)
  ✓  1279 [desktop] › visual/visual.spec.ts:41:7 › atoms-textbutton--colors (572ms)
  ✓  1280 [desktop] › visual/visual.spec.ts:41:7 › atoms-textbutton--caps (568ms)
  ✓  1281 [desktop] › visual/visual.spec.ts:41:7 › atoms-textbutton--with-icons (617ms)
  ✓  1282 [desktop] › visual/visual.spec.ts:41:7 › atoms-textbutton--on-surfaces-story (605ms)
  ✓  1283 [desktop] › visual/visual.spec.ts:41:7 › atoms-togglebutton--playground (616ms)
  ✓  1284 [desktop] › visual/visual.spec.ts:41:7 › atoms-togglebutton--standalone (635ms)
  ✓  1285 [desktop] › visual/visual.spec.ts:41:7 › atoms-togglebutton--sizes (622ms)
  ✓  1286 [desktop] › visual/visual.spec.ts:41:7 › atoms-togglebutton--colors (603ms)
  ✓  1287 [desktop] › visual/visual.spec.ts:41:7 › atoms-togglebutton--icon-only (586ms)
  ✓  1288 [desktop] › visual/visual.spec.ts:41:7 › atoms-togglebutton--disabled (639ms)
  ✓  1289 [desktop] › visual/visual.spec.ts:41:7 › atoms-tooltip--playground (670ms)
  ✓  1290 [desktop] › visual/visual.spec.ts:41:7 › atoms-tooltip--sides (746ms)
  ✓  1291 [desktop] › visual/visual.spec.ts:41:7 › atoms-tooltip--long-hint (689ms)
  ✓  1292 [desktop] › visual/visual.spec.ts:41:7 › atoms-tooltip--on-a-button (674ms)
  ✓  1293 [desktop] › visual/visual.spec.ts:41:7 › atoms-typography--playground (649ms)
  ✓  1294 [desktop] › visual/visual.spec.ts:41:7 › atoms-typography--display-1 (594ms)
  ✓  1295 [desktop] › visual/visual.spec.ts:41:7 › atoms-typography--display-2 (619ms)
  ✓  1296 [desktop] › visual/visual.spec.ts:41:7 › atoms-typography--headings (604ms)
  ✓  1297 [desktop] › visual/visual.spec.ts:41:7 › atoms-typography--body (608ms)
  ✓  1298 [desktop] › visual/visual.spec.ts:41:7 › atoms-typography--caption-overline-mono (635ms)
  ✓  1299 [desktop] › visual/visual.spec.ts:41:7 › atoms-typography--colors (629ms)
  ✓  1300 [desktop] › visual/visual.spec.ts:41:7 › atoms-typography--no-wrap (590ms)
  ✓  1301 [desktop] › visual/visual.spec.ts:41:7 › atoms-typography--link-variants (605ms)
  ✓  1302 [desktop] › visual/visual.spec.ts:41:7 › atoms-typography--line-clamp (610ms)
  ✓  1303 [desktop] › visual/visual.spec.ts:41:7 › atoms-typography--measure (592ms)
  ✓  1304 [desktop] › visual/visual.spec.ts:41:7 › atoms-typography--fluid (629ms)
  ✓  1305 [desktop] › visual/visual.spec.ts:41:7 › atoms-typography--on-surfaces-story (601ms)
  ✓  1306 [desktop] › visual/visual.spec.ts:41:7 › brand-logo--playground (592ms)
  ✓  1307 [desktop] › visual/visual.spec.ts:41:7 › brand-logo--variants (660ms)
  ✓  1308 [desktop] › visual/visual.spec.ts:41:7 › brand-logo--colors (626ms)
  ✓  1309 [desktop] › visual/visual.spec.ts:41:7 › brand-logo--clear-space (583ms)
  ✓  1310 [desktop] › visual/visual.spec.ts:41:7 › brand-logo--header-height (578ms)
  ✓  1311 [desktop] › visual/visual.spec.ts:41:7 › brand-logo--sx (574ms)
  ✓  1312 [desktop] › visual/visual.spec.ts:41:7 › brand-specimens--lockup (713ms)
  ✓  1313 [desktop] › visual/visual.spec.ts:41:7 › brand-specimens--wordmark (703ms)
  ✓  1314 [desktop] › visual/visual.spec.ts:41:7 › brand-specimens--logo-tokens (681ms)
  ✓  1315 [desktop] › visual/visual.spec.ts:41:7 › brand-specimens--clear-space (703ms)
  ✓  1316 [desktop] › visual/visual.spec.ts:41:7 › brand-specimens--symbol-mark (687ms)
  ✓  1317 [desktop] › visual/visual.spec.ts:41:7 › brand-specimens--mark-legibility (719ms)
  ✓  1318 [desktop] › visual/visual.spec.ts:41:7 › brand-specimens--pattern-fields (722ms)
  ✓  1319 [desktop] › visual/visual.spec.ts:41:7 › brand-specimens--pattern-tokens (771ms)
  ✓  1320 [desktop] › visual/visual.spec.ts:41:7 › brand-specimens--diamond-motif (714ms)
  ✓  1321 [desktop] › visual/visual.spec.ts:41:7 › brand-specimens--company-facts (899ms)
  ✓  1322 [desktop] › visual/visual.spec.ts:41:7 › brand-specimens--company-facts-xl (817ms)
  ✓  1323 [desktop] › visual/visual.spec.ts:41:7 › brand-specimens--icon-sizes (753ms)
  ✓  1324 [desktop] › visual/visual.spec.ts:41:7 › brand-specimens--brand-glyphs (716ms)
  ✓  1325 [desktop] › visual/visual.spec.ts:41:7 › brand-specimens--diet-and-heat (761ms)
  ✓  1326 [desktop] › visual/visual.spec.ts:41:7 › colors-specimens--pink-ramp (896ms)
  ✓  1327 [desktop] › visual/visual.spec.ts:41:7 › colors-specimens--ink-ramp (797ms)
  ✓  1328 [desktop] › visual/visual.spec.ts:41:7 › colors-specimens--accents (806ms)
  ✓  1329 [desktop] › visual/visual.spec.ts:41:7 › colors-specimens--text-companions (835ms)
  ✓  1330 [desktop] › visual/visual.spec.ts:41:7 › colors-specimens--heat-scale (847ms)
  ✓  1331 [desktop] › visual/visual.spec.ts:41:7 › colors-specimens--semantic-panels (711ms)
  ✓  1333 [desktop] › visual/visual.spec.ts:41:7 › colors-specimens--four-grounds (745ms)
  ✓  1334 [desktop] › visual/visual.spec.ts:41:7 › colors-specimens--light-island (718ms)
  ✓  1332 [desktop] › visual/visual.spec.ts:41:7 › colors-specimens--semantic-tokens (1.3s)
  ✓  1336 [desktop] › visual/visual.spec.ts:41:7 › colors-specimens--status-swatches (820ms)
  ✓  1337 [desktop] › visual/visual.spec.ts:41:7 › colors-specimens--status-alerts (666ms)
  ✓  1339 [desktop] › visual/visual.spec.ts:41:7 › layout-specimens--breakpoints (624ms)
  ✓  1340 [desktop] › visual/visual.spec.ts:41:7 › layout-specimens--auto-grid-cards (683ms)
  ✓  1341 [desktop] › visual/visual.spec.ts:41:7 › layout-specimens--auto-grid-tokens (655ms)
  ✓  1342 [desktop] › visual/visual.spec.ts:41:7 › layout-specimens--radii (655ms)
  ✓  1343 [desktop] › visual/visual.spec.ts:41:7 › layout-specimens--borders (689ms)
  ✓  1344 [desktop] › visual/visual.spec.ts:41:7 › layout-specimens--border-tokens (800ms)
  ✓  1338 [desktop] › visual/visual.spec.ts:41:7 › colors-specimens--contrast (2.3s)
  ✓  1345 [desktop] › visual/visual.spec.ts:41:7 › layout-specimens--border-widths (683ms)
  ✓  1346 [desktop] › visual/visual.spec.ts:41:7 › layout-specimens--depth-ladder (662ms)
  ✓  1347 [desktop] › visual/visual.spec.ts:41:7 › layout-specimens--stacking (713ms)
  ✓  1348 [desktop] › visual/visual.spec.ts:41:7 › layout-specimens--card-anatomy (685ms)
  ✓  1349 [desktop] › visual/visual.spec.ts:41:7 › layout-specimens--utility-classes (707ms)
  ✓  1350 [desktop] › visual/visual.spec.ts:41:7 › layouts-appshell--playground (700ms)
  ✓  1351 [desktop] › visual/visual.spec.ts:41:7 › layouts-appshell--with-tab-bar (745ms)
  ✓  1352 [desktop] › visual/visual.spec.ts:41:7 › layouts-appshell--with-overlay-sheet (803ms)
  ✓  1353 [desktop] › visual/visual.spec.ts:41:7 › layouts-appshell--status-tones (772ms)
  ✓  1335 [desktop] › visual/visual.spec.ts:41:7 › colors-specimens--surface-overrides (4.5s)
  ✓  1354 [desktop] › visual/visual.spec.ts:41:7 › layouts-appshell--phone-sm (724ms)
  ✓  1355 [desktop] › visual/visual.spec.ts:41:7 › layouts-appshell--sizes (748ms)
  ✓  1356 [desktop] › visual/visual.spec.ts:41:7 › layouts-autogrid--playground (686ms)
  ✓  1357 [desktop] › visual/visual.spec.ts:41:7 › layouts-autogrid--min-card (656ms)
  ✓  1358 [desktop] › visual/visual.spec.ts:41:7 › layouts-autogrid--min-md (714ms)
  ✓  1359 [desktop] › visual/visual.spec.ts:41:7 › layouts-autogrid--min-xs (697ms)
  ✓  1360 [desktop] › visual/visual.spec.ts:41:7 › layouts-autogrid--columns-3 (575ms)
  ✓  1361 [desktop] › visual/visual.spec.ts:41:7 › layouts-autogrid--mins (699ms)
  ✓  1362 [desktop] › visual/visual.spec.ts:41:7 › layouts-autogrid--spacing (627ms)
  ✓  1363 [desktop] › visual/visual.spec.ts:41:7 › layouts-autogrid--columns-at-360 (630ms)
  ✓  1364 [desktop] › visual/visual.spec.ts:41:7 › layouts-autogrid--columns-at-768 (606ms)
  ✓  1365 [desktop] › visual/visual.spec.ts:41:7 › layouts-autogrid--columns-at-1280 (608ms)
  ✓  1366 [desktop] › visual/visual.spec.ts:41:7 › layouts-autogrid--long-word-holds-tracks (543ms)
  ✓  1367 [desktop] › visual/visual.spec.ts:41:7 › layouts-autogrid--narrower-than-min-at-360 (562ms)
  ✓  1368 [desktop] › visual/visual.spec.ts:41:7 › layouts-box--playground (550ms)
  ✓  1369 [desktop] › visual/visual.spec.ts:41:7 › layouts-box--surfaces (606ms)
  ✓  1370 [desktop] › visual/visual.spec.ts:41:7 › layouts-box--as-element (601ms)
  ✓  1371 [desktop] › visual/visual.spec.ts:41:7 › layouts-box--responsive (585ms)
  ✓  1372 [desktop] › visual/visual.spec.ts:41:7 › layouts-cluster--playground (598ms)
  ✓  1373 [desktop] › visual/visual.spec.ts:41:7 › layouts-cluster--wrap (637ms)
  ✓  1374 [desktop] › visual/visual.spec.ts:41:7 › layouts-cluster--justify-between (595ms)
  ✓  1375 [desktop] › visual/visual.spec.ts:41:7 › layouts-cluster--scroll (628ms)
  ✓  1376 [desktop] › visual/visual.spec.ts:41:7 › layouts-cluster--wrap-at-360 (606ms)
  ✓  1377 [desktop] › visual/visual.spec.ts:41:7 › layouts-cluster--justify (634ms)
  ✓  1378 [desktop] › visual/visual.spec.ts:41:7 › layouts-cluster--spacing (602ms)
  ✓  1379 [desktop] › visual/visual.spec.ts:41:7 › layouts-cluster--baseline-meta-row (642ms)
  ✓  1380 [desktop] › visual/visual.spec.ts:41:7 › layouts-cluster--scrollable-rail-at-360 (619ms)
  ✓  1381 [desktop] › visual/visual.spec.ts:41:7 › layouts-container--playground (591ms)
  ✓  1382 [desktop] › visual/visual.spec.ts:41:7 › layouts-container--sizes (580ms)
  ✓  1383 [desktop] › visual/visual.spec.ts:41:7 › layouts-container--gutter (716ms)
  ✓  1384 [desktop] › visual/visual.spec.ts:41:7 › layouts-container--at-the-floor (668ms)
  ✓  1385 [desktop] › visual/visual.spec.ts:41:7 › layouts-container--at-desktop (574ms)
  ✓  1386 [desktop] › visual/visual.spec.ts:41:7 › layouts-container--in-context (621ms)
  ✓  1387 [desktop] › visual/visual.spec.ts:41:7 › layouts-grid--playground (730ms)
  ✓  1388 [desktop] › visual/visual.spec.ts:41:7 › layouts-grid--twelve-column (634ms)
  ✓  1389 [desktop] › visual/visual.spec.ts:41:7 › layouts-grid--responsive (676ms)
  ✓  1390 [desktop] › visual/visual.spec.ts:41:7 › layouts-grid--asymmetric (646ms)
  ✓  1391 [desktop] › visual/visual.spec.ts:41:7 › layouts-grid--offset (582ms)
  ✓  1392 [desktop] › visual/visual.spec.ts:41:7 › layouts-grid--nested (578ms)
  ✓  1393 [desktop] › visual/visual.spec.ts:41:7 › layouts-grid--at-360 (586ms)
  ✓  1394 [desktop] › visual/visual.spec.ts:41:7 › layouts-postframe--playground (662ms)
  ✓  1395 [desktop] › visual/visual.spec.ts:41:7 › layouts-postframe--post (660ms)
  ✓  1396 [desktop] › visual/visual.spec.ts:41:7 › layouts-postframe--portrait (623ms)
  ✓  1397 [desktop] › visual/visual.spec.ts:41:7 › layouts-postframe--story-with-safe-area (597ms)
  ✓  1398 [desktop] › visual/visual.spec.ts:41:7 › layouts-postframe--landscape (587ms)
  ✓  1399 [desktop] › visual/visual.spec.ts:41:7 › layouts-postframe--wide (602ms)
  ✓  1400 [desktop] › visual/visual.spec.ts:41:7 › layouts-postframe--safe-area-guides (601ms)
  ✓  1401 [desktop] › visual/visual.spec.ts:41:7 › layouts-postframe--padding (615ms)
  ✓  1402 [desktop] › visual/visual.spec.ts:41:7 › layouts-postframe--alt-board (598ms)
  ✓  1403 [desktop] › visual/visual.spec.ts:41:7 › layouts-postframe--leaderboard (593ms)
  ✓  1404 [desktop] › visual/visual.spec.ts:41:7 › layouts-postframe--mpu (603ms)
  ✓  1405 [desktop] › visual/visual.spec.ts:41:7 › layouts-postframe--all-formats (595ms)
  ✓  1406 [desktop] › visual/visual.spec.ts:41:7 › layouts-postframe--fit-to-parent (715ms)
  ✓  1407 [desktop] › visual/visual.spec.ts:41:7 › layouts-postframe--fits-its-parent-at-360 (615ms)
  ✓  1408 [desktop] › visual/visual.spec.ts:41:7 › layouts-section--playground (623ms)
  ✓  1409 [desktop] › visual/visual.spec.ts:41:7 › layouts-section--surfaces (597ms)
  ✓  1410 [desktop] › visual/visual.spec.ts:41:7 › layouts-section--surfaces-at-360 (575ms)
  ✓  1411 [desktop] › visual/visual.spec.ts:41:7 › layouts-section--rhythm (615ms)
  ✓  1412 [desktop] › visual/visual.spec.ts:41:7 › layouts-section--patterns (616ms)
  ✓  1413 [desktop] › visual/visual.spec.ts:41:7 › layouts-section--widths (590ms)
  ✓  1414 [desktop] › visual/visual.spec.ts:41:7 › layouts-section--in-context (616ms)
  ✓  1415 [desktop] › visual/visual.spec.ts:41:7 › layouts-section--nested-surfaces (576ms)
  ✓  1416 [desktop] › visual/visual.spec.ts:41:7 › layouts-stack--playground (590ms)
  ✓  1417 [desktop] › visual/visual.spec.ts:41:7 › layouts-stack--space-2 (651ms)
  ✓  1418 [desktop] › visual/visual.spec.ts:41:7 › layouts-stack--space-6 (605ms)
  ✓  1419 [desktop] › visual/visual.spec.ts:41:7 › layouts-stack--divided (581ms)
  ✓  1420 [desktop] › visual/visual.spec.ts:41:7 › layouts-stack--steps (652ms)
  ✓  1421 [desktop] › visual/visual.spec.ts:41:7 › layouts-stack--align (612ms)
  ✓  1422 [desktop] › visual/visual.spec.ts:41:7 › layouts-stack--divided-list (625ms)
  ✓  1423 [desktop] › visual/visual.spec.ts:41:7 › layouts-stack--divided-on-surfaces (667ms)
  ✓  1424 [desktop] › visual/visual.spec.ts:41:7 › layouts-stack--long-word-at-360 (645ms)
  ✓  1425 [desktop] › visual/visual.spec.ts:41:7 › layouts-stack--with-sx (617ms)
  ✓  1426 [desktop] › visual/visual.spec.ts:41:7 › marketing-social-ads--offer (668ms)
  ✓  1427 [desktop] › visual/visual.spec.ts:41:7 › marketing-social-ads--dish-launch (730ms)
  ✓  1428 [desktop] › visual/visual.spec.ts:41:7 › marketing-social-ads--statement (742ms)
  ✓  1429 [desktop] › visual/visual.spec.ts:41:7 › marketing-social-ads--carousel (760ms)
  ✓  1430 [desktop] › visual/visual.spec.ts:41:7 › marketing-social-ads--feed-360 (965ms)
  ✓  1431 [desktop] › visual/visual.spec.ts:41:7 › marketing-social-ads-ads-boards--offer-story-board (708ms)
  ✓  1432 [desktop] › visual/visual.spec.ts:41:7 › marketing-social-ads-ads-boards--dish-story-board (690ms)
  ✓  1433 [desktop] › visual/visual.spec.ts:41:7 › marketing-social-ads-ads-boards--link-banner-board (740ms)
  ✓  1434 [desktop] › visual/visual.spec.ts:41:7 › marketing-social-ads-ads-boards--leaderboard-board (700ms)
  ✓  1435 [desktop] › visual/visual.spec.ts:41:7 › marketing-social-ads-ads-boards--mpu-board (677ms)
  ✓  1437 [desktop] › visual/visual.spec.ts:41:7 › marketing-specimens--canvas-formats (690ms)
  ✓  1436 [desktop] › visual/visual.spec.ts:41:7 › marketing-social-ads-ads-boards--ads-360 (892ms)
  ✓  1438 [desktop] › visual/visual.spec.ts:41:7 › marketing-specimens--canvas-tokens (749ms)
  ✓  1439 [desktop] › visual/visual.spec.ts:41:7 › marketing-specimens--canvas-type (683ms)
  ✓  1440 [desktop] › visual/visual.spec.ts:41:7 › marketing-specimens--canvas-type-tokens (682ms)
  ✓  1442 [desktop] › visual/visual.spec.ts:41:7 › molecules-accordion--playground (629ms)
  ✓  1443 [desktop] › visual/visual.spec.ts:41:7 › molecules-accordion--multiple (604ms)
  ✓  1444 [desktop] › visual/visual.spec.ts:41:7 › molecules-accordion--as-headings (675ms)
  ✓  1445 [desktop] › visual/visual.spec.ts:41:7 › molecules-accordion--surfaces (650ms)
  ✓  1446 [desktop] › visual/visual.spec.ts:41:7 › molecules-accordion--narrow (572ms)
  ✓  1447 [desktop] › visual/visual.spec.ts:41:7 › molecules-actionmenu--playground (626ms)
  ✓  1448 [desktop] › visual/visual.spec.ts:41:7 › molecules-actionmenu--variants (628ms)
  ✓  1449 [desktop] › visual/visual.spec.ts:41:7 › molecules-actionmenu--on-brand (657ms)
  ✓  1441 [desktop] › visual/visual.spec.ts:41:7 › molecules-field-react-hook-form-zod--keyboard-only (2.0s)
  ✓  1450 [desktop] › visual/visual.spec.ts:41:7 › molecules-actionmenu--open-in-row (672ms)
  ✓  1451 [desktop] › visual/visual.spec.ts:41:7 › molecules-actionmenu--three-dot-menu (711ms)
  ✓  1452 [desktop] › visual/visual.spec.ts:41:7 › molecules-alert--playground (630ms)
  ✓  1453 [desktop] › visual/visual.spec.ts:41:7 › molecules-alert--info-and-success (609ms)
  ✓  1454 [desktop] › visual/visual.spec.ts:41:7 › molecules-alert--warning-and-danger (641ms)
  ✓  1455 [desktop] › visual/visual.spec.ts:41:7 › molecules-alert--brand-with-action (694ms)
  ✓  1457 [desktop] › visual/visual.spec.ts:41:7 › molecules-alert--nudge (670ms)
  ✓  1458 [desktop] › visual/visual.spec.ts:41:7 › molecules-alert--neutral (635ms)
  ✓  1459 [desktop] › visual/visual.spec.ts:41:7 › molecules-alert--narrow (626ms)
  ✓  1460 [desktop] › visual/visual.spec.ts:41:7 › molecules-alert--on-surfaces-story (635ms)
  ✓  1461 [desktop] › visual/visual.spec.ts:41:7 › molecules-announcementbar--playground (567ms)
  ✓  1462 [desktop] › visual/visual.spec.ts:41:7 › molecules-announcementbar--launch-price (594ms)
  ✓  1463 [desktop] › visual/visual.spec.ts:41:7 › molecules-announcementbar--without-countdown (567ms)
  ✓  1456 [desktop] › visual/visual.spec.ts:41:7 › molecules-alert--dismissible (1.6s)
  ✓  1464 [desktop] › visual/visual.spec.ts:41:7 › molecules-announcementbar--expired (574ms)
  ✓  1465 [desktop] › visual/visual.spec.ts:41:7 › molecules-breadcrumb--playground (573ms)
  ✓  1466 [desktop] › visual/visual.spec.ts:41:7 › molecules-breadcrumb--two-levels (600ms)
  ✓  1467 [desktop] › visual/visual.spec.ts:41:7 › molecules-breadcrumb--long (655ms)
  ✓  1468 [desktop] › visual/visual.spec.ts:41:7 › molecules-breadcrumb--unlinked-level (721ms)
  ✓  1469 [desktop] › visual/visual.spec.ts:41:7 › molecules-breadcrumb--on-surfaces-story (727ms)
  ✓  1470 [desktop] › visual/visual.spec.ts:41:7 › molecules-checkcard--playground (616ms)
  ✓  1471 [desktop] › visual/visual.spec.ts:41:7 › molecules-checkcard--upfront (594ms)
  ✓  1472 [desktop] › visual/visual.spec.ts:41:7 › molecules-checkcard--no-onion-garlic (579ms)
  ✓  1473 [desktop] › visual/visual.spec.ts:41:7 › molecules-checkcard--invalid (602ms)
  ✓  1474 [desktop] › visual/visual.spec.ts:41:7 › molecules-checkcard--invalid-checked (600ms)
  ✓  1475 [desktop] › visual/visual.spec.ts:41:7 › molecules-checkcard--disabled (649ms)
  ✓  1476 [desktop] › visual/visual.spec.ts:41:7 › molecules-checkcard--disabled-checked (611ms)
  ✓  1477 [desktop] › visual/visual.spec.ts:41:7 › molecules-chipgroup--playground (659ms)
  ✓  1478 [desktop] › visual/visual.spec.ts:41:7 › molecules-chipgroup--which-meals (684ms)
  ✓  1479 [desktop] › visual/visual.spec.ts:41:7 › molecules-chipgroup--make-it-yours (637ms)
  ✓  1480 [desktop] › visual/visual.spec.ts:41:7 › molecules-chipgroup--standing-add-ons (673ms)
  ✓  1481 [desktop] › visual/visual.spec.ts:41:7 › molecules-chipgroup--starter-picks (747ms)
  ✓  1482 [desktop] › visual/visual.spec.ts:41:7 › molecules-chipgroup--segmented (676ms)
  ✓  1483 [desktop] › visual/visual.spec.ts:41:7 › molecules-chipgroup--with-error (680ms)
  ✓  1484 [desktop] › visual/visual.spec.ts:41:7 › molecules-chipgroup--on-ink (693ms)
  ✓  1485 [desktop] › visual/visual.spec.ts:41:7 › molecules-chipgroup--on-surfaces-story (642ms)
  ✓  1486 [desktop] › visual/visual.spec.ts:41:7 › molecules-chipgroup--on-surfaces-at-360 (608ms)
  ✓  1487 [desktop] › visual/visual.spec.ts:41:7 › molecules-choicecardgroup--playground (667ms)
  ✓  1488 [desktop] › visual/visual.spec.ts:41:7 › molecules-choicecardgroup--plates (688ms)
  ✓  1489 [desktop] › visual/visual.spec.ts:41:7 › molecules-choicecardgroup--with-error (690ms)
  ✓  1490 [desktop] › visual/visual.spec.ts:41:7 › molecules-choicecardgroup--plan-lengths (658ms)
  ✓  1491 [desktop] › visual/visual.spec.ts:41:7 › molecules-choicecardgroup--long-badge-in-narrow-tile (605ms)
  ✓  1492 [desktop] › visual/visual.spec.ts:41:7 › molecules-choicecardgroup--dawats (603ms)
  ✓  1493 [desktop] › visual/visual.spec.ts:41:7 › molecules-choicecardgroup--platters (628ms)
  ✓  1494 [desktop] › visual/visual.spec.ts:41:7 › molecules-choicecardgroup--service (589ms)
  ✓  1495 [desktop] › visual/visual.spec.ts:41:7 › molecules-choicecardgroup--service-at-360 (609ms)
  ✓  1496 [desktop] › visual/visual.spec.ts:41:7 › molecules-choicecardgroup--trial-on-brand (605ms)
  ✓  1497 [desktop] › visual/visual.spec.ts:41:7 › molecules-choicecardgroup--decide-list (604ms)
  ✓  1498 [desktop] › visual/visual.spec.ts:41:7 › molecules-combobox--playground (628ms)
  ✓  1499 [desktop] › visual/visual.spec.ts:41:7 › molecules-combobox--with-descriptions (626ms)
  ✓  1500 [desktop] › visual/visual.spec.ts:41:7 › molecules-combobox--loading (690ms)
  ✓  1501 [desktop] › visual/visual.spec.ts:41:7 › molecules-combobox--empty (644ms)
  ✓  1502 [desktop] › visual/visual.spec.ts:41:7 › molecules-combobox--disabled-options (658ms)
  ✓  1503 [desktop] › visual/visual.spec.ts:41:7 › molecules-combobox--clearable (636ms)
  ✓  1504 [desktop] › visual/visual.spec.ts:41:7 › molecules-combobox--disabled (649ms)
  ✓  1505 [desktop] › visual/visual.spec.ts:41:7 › molecules-combobox--in-field-with-error (605ms)
  ✓  1506 [desktop] › visual/visual.spec.ts:41:7 › molecules-combobox--controlled (623ms)
  ✓  1507 [desktop] › visual/visual.spec.ts:41:7 › molecules-combobox--mobile-360 (609ms)
  ✓  1508 [desktop] › visual/visual.spec.ts:41:7 › molecules-combobox--selected (617ms)
  ✓  1509 [desktop] › visual/visual.spec.ts:41:7 › molecules-couponticket--playground (648ms)
  ✓  1510 [desktop] › visual/visual.spec.ts:41:7 › molecules-couponticket--brand (726ms)
  ✓  1511 [desktop] › visual/visual.spec.ts:41:7 › molecules-couponticket--stub-focus-ring (676ms)
  ✓  1512 [desktop] › visual/visual.spec.ts:41:7 › molecules-couponticket--stub-focus-ring-narrow (678ms)
  ✓  1513 [desktop] › visual/visual.spec.ts:41:7 › molecules-couponticket--light (623ms)
  ✓  1514 [desktop] › visual/visual.spec.ts:41:7 › molecules-couponticket--on-pink-artwork (635ms)
  ✓  1515 [desktop] › visual/visual.spec.ts:41:7 › molecules-couponticket--on-tinted-page (646ms)
  ✓  1516 [desktop] › visual/visual.spec.ts:41:7 › molecules-couponticket--long-code (645ms)
  ✓  1517 [desktop] › visual/visual.spec.ts:41:7 › molecules-couponticket--narrow (738ms)
  ✓  1518 [desktop] › visual/visual.spec.ts:41:7 › molecules-datepicker--date-picker-playground (742ms)
  ✓  1519 [desktop] › visual/visual.spec.ts:41:7 › molecules-datepicker--empty (753ms)
  ✓  1520 [desktop] › visual/visual.spec.ts:41:7 › molecules-datepicker--disabled-days (730ms)
  ✓  1521 [desktop] › visual/visual.spec.ts:41:7 › molecules-datepicker--disabled (679ms)
  ✓  1522 [desktop] › visual/visual.spec.ts:41:7 › molecules-datepicker--in-field-with-error (750ms)
  ✓  1523 [desktop] › visual/visual.spec.ts:41:7 › molecules-datepicker--controlled (726ms)
  ✓  1524 [desktop] › visual/visual.spec.ts:41:7 › molecules-datepicker--mobile-360 (793ms)
  ✓  1525 [desktop] › visual/visual.spec.ts:41:7 › molecules-datepicker--calendar-single (635ms)
  ✓  1526 [desktop] › visual/visual.spec.ts:41:7 › molecules-datepicker--calendar-range (678ms)
  ✓  1527 [desktop] › visual/visual.spec.ts:41:7 › molecules-datepicker--calendar-disabled-days (648ms)
  ✓  1528 [desktop] › visual/visual.spec.ts:41:7 › molecules-datepicker--two-months (680ms)
  ✓  1529 [desktop] › visual/visual.spec.ts:41:7 › molecules-emptystate--playground (595ms)
  ✓  1530 [desktop] › visual/visual.spec.ts:41:7 › molecules-emptystate--with-icon (636ms)
  ✓  1531 [desktop] › visual/visual.spec.ts:41:7 › molecules-emptystate--large (609ms)
  ✓  1532 [desktop] › visual/visual.spec.ts:41:7 › molecules-emptystate--in-cart (591ms)
  ✓  1533 [desktop] › visual/visual.spec.ts:41:7 › molecules-emptystate--on-surfaces-story (652ms)
  ✓  1534 [desktop] › visual/visual.spec.ts:41:7 › molecules-featureitem--playground (615ms)
  ✓  1535 [desktop] › visual/visual.spec.ts:41:7 › molecules-featureitem--why-us (667ms)
  ✓  1536 [desktop] › visual/visual.spec.ts:41:7 › molecules-featureitem--office-perks (664ms)
  ✓  1537 [desktop] › visual/visual.spec.ts:41:7 › molecules-featureitem--what-you-get (635ms)
  ✓  1538 [desktop] › visual/visual.spec.ts:41:7 › molecules-featureitem--on-surfaces-story (638ms)
  ✓  1539 [desktop] › visual/visual.spec.ts:41:7 › molecules-field--playground (622ms)
  ✓  1540 [desktop] › visual/visual.spec.ts:41:7 › molecules-field--stack-with-hint (606ms)
  ✓  1541 [desktop] › visual/visual.spec.ts:41:7 › molecules-field--required (601ms)
  ✓  1542 [desktop] › visual/visual.spec.ts:41:7 › molecules-field--with-error (615ms)
  ✓  1543 [desktop] › visual/visual.spec.ts:41:7 › molecules-field--with-success (649ms)
  ✓  1544 [desktop] › visual/visual.spec.ts:41:7 › molecules-field--with-warning (747ms)
  ✓  1545 [desktop] › visual/visual.spec.ts:41:7 › molecules-field--optional (742ms)
  ✓  1546 [desktop] › visual/visual.spec.ts:41:7 › molecules-field--side (712ms)
  ✓  1547 [desktop] › visual/visual.spec.ts:41:7 › molecules-field--control-modes (694ms)
  ✓  1548 [desktop] › visual/visual.spec.ts:41:7 › molecules-filterbar--playground (569ms)
  ✓  1549 [desktop] › visual/visual.spec.ts:41:7 › molecules-filterbar--wrap (673ms)
  ✓  1550 [desktop] › visual/visual.spec.ts:41:7 › molecules-filterbar--scroll (664ms)
  ✓  1551 [desktop] › visual/visual.spec.ts:41:7 › molecules-filterbar--icons (714ms)
  ✓  1552 [desktop] › visual/visual.spec.ts:41:7 › molecules-filterbar--with-trailing (630ms)
  ✓  1553 [desktop] › visual/visual.spec.ts:41:7 › molecules-filterbar--scroll-pinned (640ms)
  ✓  1554 [desktop] › visual/visual.spec.ts:41:7 › molecules-filterbar--on-surfaces-story (659ms)
  ✓  1555 [desktop] › visual/visual.spec.ts:41:7 › molecules-keyvaluelist--playground (634ms)
  ✓  1556 [desktop] › visual/visual.spec.ts:41:7 › molecules-keyvaluelist--your-box (600ms)
  ✓  1557 [desktop] › visual/visual.spec.ts:41:7 › molecules-keyvaluelist--booking-rules (594ms)
  ✓  1558 [desktop] › visual/visual.spec.ts:41:7 › molecules-keyvaluelist--booking-rules-at-360 (568ms)
  ✓  1559 [desktop] › visual/visual.spec.ts:41:7 › molecules-keyvaluelist--customisations (576ms)
  ✓  1560 [desktop] › visual/visual.spec.ts:41:7 › molecules-keyvaluelist--upgrade-prices (608ms)
  ✓  1561 [desktop] › visual/visual.spec.ts:41:7 › molecules-keyvaluelist--quote-lines (579ms)
  ✓  1562 [desktop] › visual/visual.spec.ts:41:7 › molecules-keyvaluelist--on-surfaces-story (740ms)
  ✓  1563 [desktop] › visual/visual.spec.ts:41:7 › molecules-linkcard--playground (600ms)
  ✓  1564 [desktop] › visual/visual.spec.ts:41:7 › molecules-linkcard--home-doors (619ms)
  ✓  1565 [desktop] › visual/visual.spec.ts:41:7 › molecules-linkcard--about-ctas (631ms)
  ✓  1566 [desktop] › visual/visual.spec.ts:41:7 › molecules-linkcard--as-child (687ms)
  ✓  1567 [desktop] › visual/visual.spec.ts:41:7 › molecules-listrow--playground (580ms)
  ✓  1568 [desktop] › visual/visual.spec.ts:41:7 › molecules-listrow--trailing-control (630ms)
  ✓  1569 [desktop] › visual/visual.spec.ts:41:7 › molecules-listrow--with-description (577ms)
  ✓  1570 [desktop] › visual/visual.spec.ts:41:7 › molecules-listrow--trailing-badge (584ms)
  ✓  1571 [desktop] › visual/visual.spec.ts:41:7 › molecules-listrow--danger (648ms)
  ✓  1572 [desktop] › visual/visual.spec.ts:41:7 › molecules-listrow--account-list (601ms)
  ✓  1573 [desktop] › visual/visual.spec.ts:41:7 › molecules-listrow--narrow (613ms)
  ✓  1574 [desktop] › visual/visual.spec.ts:41:7 › molecules-logolockup--playground (597ms)
  ✓  1575 [desktop] › visual/visual.spec.ts:41:7 › molecules-logolockup--pink (597ms)
  ✓  1576 [desktop] › visual/visual.spec.ts:41:7 › molecules-logolockup--white (608ms)
  ✓  1577 [desktop] › visual/visual.spec.ts:41:7 › molecules-logolockup--centred (620ms)
  ✓  1578 [desktop] › visual/visual.spec.ts:41:7 › molecules-logolockup--badge (631ms)
  ✓  1579 [desktop] › visual/visual.spec.ts:41:7 › molecules-logolockup--wordmark (579ms)
  ✓  1580 [desktop] › visual/visual.spec.ts:41:7 › molecules-logolockup--sizes (620ms)
  ✓  1581 [desktop] › visual/visual.spec.ts:41:7 › molecules-logolockup--clear-space (639ms)
  ✓  1582 [desktop] › visual/visual.spec.ts:41:7 › molecules-logolockup--sx (692ms)
  ✓  1583 [desktop] › visual/visual.spec.ts:41:7 › molecules-loyaltycard--playground (601ms)
  ✓  1584 [desktop] › visual/visual.spec.ts:41:7 › molecules-loyaltycard--in-progress (620ms)
  ✓  1585 [desktop] › visual/visual.spec.ts:41:7 › molecules-loyaltycard--one-left (677ms)
  ✓  1586 [desktop] › visual/visual.spec.ts:41:7 › molecules-loyaltycard--complete (586ms)
  ✓  1587 [desktop] › visual/visual.spec.ts:41:7 › molecules-loyaltycard--brand (639ms)
  ✓  1588 [desktop] › visual/visual.spec.ts:41:7 › molecules-loyaltycard--empty (622ms)
  ✓  1589 [desktop] › visual/visual.spec.ts:41:7 › molecules-loyaltycard--long-reward (645ms)
  ✓  1590 [desktop] › visual/visual.spec.ts:41:7 › molecules-menuitemcard--playground (634ms)
  ✓  1591 [desktop] › visual/visual.spec.ts:41:7 › molecules-menuitemcard--variants (659ms)
  ✓  1592 [desktop] › visual/visual.spec.ts:41:7 › molecules-menuitemcard--as-link (620ms)
  ✓  1593 [desktop] › visual/visual.spec.ts:41:7 › molecules-menuitemcard--keyboard-focus (629ms)
  ✓  1594 [desktop] › visual/visual.spec.ts:41:7 › molecules-menuitemcard--in-a-grid (676ms)
  ✓  1595 [desktop] › visual/visual.spec.ts:41:7 › molecules-menuitemcard--narrow (639ms)
  ✓  1596 [desktop] › visual/visual.spec.ts:41:7 › molecules-menuitemrow--playground (674ms)
  ✓  1597 [desktop] › visual/visual.spec.ts:41:7 › molecules-menuitemrow--full (588ms)
  ✓  1598 [desktop] › visual/visual.spec.ts:41:7 › molecules-menuitemrow--discount (626ms)
  ✓  1599 [desktop] › visual/visual.spec.ts:41:7 › molecules-menuitemrow--devanagari (666ms)
  ✓  1600 [desktop] › visual/visual.spec.ts:41:7 › molecules-menuitemrow--minimal (670ms)
  ✓  1601 [desktop] › visual/visual.spec.ts:41:7 › molecules-menuitemrow--as-a-menu-section (660ms)
  ✓  1602 [desktop] › visual/visual.spec.ts:41:7 › molecules-menuitemrow--spice-levels (698ms)
  ✓  1603 [desktop] › visual/visual.spec.ts:41:7 › molecules-menuitemrow--in-cart (635ms)
  ✓  1604 [desktop] › visual/visual.spec.ts:41:7 › molecules-menuitemrow--narrow (666ms)
  ✓  1605 [desktop] › visual/visual.spec.ts:41:7 › molecules-menuitemrow--on-surfaces-story (751ms)
  ✓  1606 [desktop] › visual/visual.spec.ts:41:7 › molecules-offerseal--playground (606ms)
  ✓  1607 [desktop] › visual/visual.spec.ts:41:7 › molecules-offerseal--colors (571ms)
  ✓  1608 [desktop] › visual/visual.spec.ts:41:7 › molecules-offerseal--values (668ms)
  ✓  1609 [desktop] › visual/visual.spec.ts:41:7 › molecules-offerseal--handoff-hero (653ms)
  ✓  1610 [desktop] › visual/visual.spec.ts:41:7 › molecules-offerseal--sizes (655ms)
  ✓  1611 [desktop] › visual/visual.spec.ts:41:7 › molecules-offerseal--floor-360 (667ms)
  ✓  1612 [desktop] › visual/visual.spec.ts:41:7 › molecules-offerseal--bleed-off-corner (706ms)
  ✓  1613 [desktop] › visual/visual.spec.ts:41:7 › molecules-otpinput--playground (702ms)
  ✓  1614 [desktop] › visual/visual.spec.ts:41:7 › molecules-otpinput--partial (623ms)
  ✓  1615 [desktop] › visual/visual.spec.ts:41:7 › molecules-otpinput--complete (626ms)
  ✓  1616 [desktop] › visual/visual.spec.ts:41:7 › molecules-otpinput--verified (673ms)
  ✓  1617 [desktop] › visual/visual.spec.ts:41:7 › molecules-otpinput--expired (622ms)
  ✓  1618 [desktop] › visual/visual.spec.ts:41:7 › molecules-otpinput--disabled (610ms)
  ✓  1619 [desktop] › visual/visual.spec.ts:41:7 › molecules-otpinput--with-hint (643ms)
  ✓  1620 [desktop] › visual/visual.spec.ts:41:7 › molecules-otpinput--narrow (587ms)
  ✓  1621 [desktop] › visual/visual.spec.ts:41:7 › molecules-outletcard--playground (674ms)
  ✓  1622 [desktop] › visual/visual.spec.ts:41:7 › molecules-outletcard--with-image (675ms)
  ✓  1623 [desktop] › visual/visual.spec.ts:41:7 › molecules-outletcard--without-image (644ms)
  ✓  1624 [desktop] › visual/visual.spec.ts:41:7 › molecules-outletcard--as-link (624ms)
  ✓  1625 [desktop] › visual/visual.spec.ts:41:7 › molecules-outletcard--keyboard-focus (611ms)
  ✓  1626 [desktop] › visual/visual.spec.ts:41:7 › molecules-outletcard--status-states (655ms)
  ✓  1627 [desktop] › visual/visual.spec.ts:41:7 › molecules-outletcard--custom-status-line (637ms)
  ✓  1628 [desktop] › visual/visual.spec.ts:41:7 › molecules-outletcard--narrow (655ms)
  ✓  1629 [desktop] › visual/visual.spec.ts:41:7 › molecules-pagination--playground (589ms)
  ✓  1630 [desktop] › visual/visual.spec.ts:41:7 › molecules-pagination--first-page (577ms)
  ✓  1631 [desktop] › visual/visual.spec.ts:41:7 › molecules-pagination--three-pages (555ms)
  ✓  1632 [desktop] › visual/visual.spec.ts:41:7 › molecules-pagination--last-page (647ms)
  ✓  1633 [desktop] › visual/visual.spec.ts:41:7 › molecules-pagination--many-pages (703ms)
  ✓  1634 [desktop] › visual/visual.spec.ts:41:7 › molecules-pagination--narrow (639ms)
  ✓  1635 [desktop] › visual/visual.spec.ts:41:7 › molecules-pricesummary--playground (629ms)
  ✓  1636 [desktop] › visual/visual.spec.ts:41:7 › molecules-pricesummary--with-discount (629ms)
  ✓  1637 [desktop] › visual/visual.spec.ts:41:7 › molecules-pricesummary--on-ink (589ms)
  ✓  1638 [desktop] › visual/visual.spec.ts:41:7 › molecules-pricesummary--surfaces (639ms)
  ✓  1639 [desktop] › visual/visual.spec.ts:41:7 › molecules-pricesummary--with-strong-line (629ms)
  ✓  1640 [desktop] › visual/visual.spec.ts:41:7 › molecules-pricesummary--receipt (618ms)
  ✓  1641 [desktop] › visual/visual.spec.ts:41:7 › molecules-pricesummary--total-only (674ms)
  ✓  1642 [desktop] › visual/visual.spec.ts:41:7 › molecules-pricesummary--narrow (667ms)
  ✓  1643 [desktop] › visual/visual.spec.ts:41:7 › molecules-pricingcard--playground (599ms)
  ✓  1644 [desktop] › visual/visual.spec.ts:41:7 › molecules-pricingcard--home-plates (683ms)
  ✓  1645 [desktop] › visual/visual.spec.ts:41:7 › molecules-pricingcard--homely-plates (799ms)
  ✓  1647 [desktop] › visual/visual.spec.ts:41:7 › molecules-pricingcard--office-plates (655ms)
  ✓  1646 [desktop] › visual/visual.spec.ts:41:7 › molecules-pricingcard--catering-dawats (740ms)
  ✓  1648 [desktop] › visual/visual.spec.ts:41:7 › molecules-pricingcard--long-name (645ms)
  ✓  1649 [desktop] › visual/visual.spec.ts:41:7 › molecules-quantitystepper--playground (688ms)
  ✓  1650 [desktop] › visual/visual.spec.ts:41:7 › molecules-quantitystepper--sizes (637ms)
  ✓  1651 [desktop] › visual/visual.spec.ts:41:7 › molecules-quantitystepper--at-min (594ms)
  ✓  1652 [desktop] › visual/visual.spec.ts:41:7 › molecules-quantitystepper--min-zero (649ms)
  ✓  1653 [desktop] › visual/visual.spec.ts:41:7 › molecules-quantitystepper--at-max (664ms)
  ✓  1654 [desktop] › visual/visual.spec.ts:41:7 › molecules-quantitystepper--in-a-cart-row (606ms)
  ✓  1655 [desktop] › visual/visual.spec.ts:41:7 › molecules-quantitystepper--typed-guests (646ms)
  ✓  1656 [desktop] › visual/visual.spec.ts:41:7 › molecules-reviewcard--playground (658ms)
  ✓  1657 [desktop] › visual/visual.spec.ts:41:7 › molecules-reviewcard--default (671ms)
  ✓  1658 [desktop] › visual/visual.spec.ts:41:7 › molecules-reviewcard--brand (586ms)
  ✓  1659 [desktop] › visual/visual.spec.ts:41:7 › molecules-reviewcard--symbol-mark (575ms)
  ✓  1660 [desktop] › visual/visual.spec.ts:41:7 › molecules-reviewcard--google-review (649ms)
  ✓  1661 [desktop] › visual/visual.spec.ts:41:7 › molecules-reviewcard--without-score (608ms)
  ✓  1662 [desktop] › visual/visual.spec.ts:41:7 › molecules-searchfield--playground (604ms)
  ✓  1663 [desktop] › visual/visual.spec.ts:41:7 › molecules-searchfield--with-value (659ms)
  ✓  1664 [desktop] › visual/visual.spec.ts:41:7 › molecules-searchfield--clear-label (615ms)
  ✓  1665 [desktop] › visual/visual.spec.ts:41:7 › molecules-searchfield--loading (588ms)
  ✓  1666 [desktop] › visual/visual.spec.ts:41:7 › molecules-searchfield--no-results (632ms)
  ✓  1667 [desktop] › visual/visual.spec.ts:41:7 › molecules-searchfield--disabled (621ms)
  ✓  1668 [desktop] › visual/visual.spec.ts:41:7 › molecules-searchfield--small (633ms)
  ✓  1669 [desktop] › visual/visual.spec.ts:41:7 › molecules-searchfield--statuses (636ms)
  ✓  1670 [desktop] › visual/visual.spec.ts:41:7 › molecules-searchfield--narrow (630ms)
  ✓  1671 [desktop] › visual/visual.spec.ts:41:7 › molecules-sectionheader--playground (599ms)
  ✓  1672 [desktop] › visual/visual.spec.ts:41:7 › molecules-sectionheader--with-lede (634ms)
  ✓  1673 [desktop] › visual/visual.spec.ts:41:7 › molecules-sectionheader--centred (604ms)
  ✓  1674 [desktop] › visual/visual.spec.ts:41:7 › molecules-sectionheader--on-brand (614ms)
  ✓  1675 [desktop] › visual/visual.spec.ts:41:7 › molecules-sectionheader--surfaces (680ms)
  ✓  1676 [desktop] › visual/visual.spec.ts:41:7 › molecules-sectionheader--heading-levels (657ms)
  ✓  1677 [desktop] › visual/visual.spec.ts:41:7 › molecules-sectionheader--narrow (668ms)
  ✓  1678 [desktop] › visual/visual.spec.ts:41:7 › molecules-slotpicker--playground (676ms)
  ✓  1679 [desktop] › visual/visual.spec.ts:41:7 › molecules-slotpicker--with-error (634ms)
  ✓  1680 [desktop] › visual/visual.spec.ts:41:7 › molecules-slotpicker--disabled (605ms)
  ✓  1681 [desktop] › visual/visual.spec.ts:41:7 › molecules-slotpicker--columns (615ms)
  ✓  1682 [desktop] › visual/visual.spec.ts:41:7 › molecules-slotpicker--statuses (707ms)
  ✓  1683 [desktop] › visual/visual.spec.ts:41:7 › molecules-slotpicker--narrow (640ms)
  ✓  1684 [desktop] › visual/visual.spec.ts:41:7 › molecules-snackbar--playground (666ms)
  ✓  1685 [desktop] › visual/visual.spec.ts:41:7 › molecules-snackbar--success (655ms)
  ✓  1686 [desktop] › visual/visual.spec.ts:41:7 › molecules-snackbar--danger-with-retry (646ms)
  ✓  1687 [desktop] › visual/visual.spec.ts:41:7 › molecules-snackbar--undo-and-dismiss (623ms)
  ✓  1688 [desktop] › visual/visual.spec.ts:41:7 › molecules-snackbar--live-copy (681ms)
  ✓  1690 [desktop] › visual/visual.spec.ts:41:7 › molecules-snackbar--top-right (615ms)
  ✓  1691 [desktop] › visual/visual.spec.ts:41:7 › molecules-snackbar--top-center (584ms)
  ✓  1689 [desktop] › visual/visual.spec.ts:41:7 › molecules-snackbar--closed-by-parent (1.1s)
  ✓  1692 [desktop] › visual/visual.spec.ts:41:7 › molecules-snackbar--bottom-right (582ms)
  ✓  1693 [desktop] › visual/visual.spec.ts:41:7 › molecules-snackbar--brand (576ms)
  ✓  1694 [desktop] › visual/visual.spec.ts:41:7 › molecules-snackbar--narrow (582ms)
  ✓  1695 [desktop] › visual/visual.spec.ts:41:7 › molecules-speeddial--playground (633ms)
  ✓  1697 [desktop] › visual/visual.spec.ts:41:7 › molecules-speeddial--controlled (599ms)
  ✓  1696 [desktop] › visual/visual.spec.ts:41:7 › molecules-speeddial--directions (645ms)
  ✓  1698 [desktop] › visual/visual.spec.ts:41:7 › molecules-speeddial--mobile-360 (625ms)
  ✓  1699 [desktop] › visual/visual.spec.ts:41:7 › molecules-stat--playground (602ms)
  ✓  1700 [desktop] › visual/visual.spec.ts:41:7 › molecules-stat--default (599ms)
  ✓  1701 [desktop] › visual/visual.spec.ts:41:7 › molecules-stat--icon-brand (589ms)
  ✓  1702 [desktop] › visual/visual.spec.ts:41:7 › molecules-stat--inverse-centre (644ms)
  ✓  1703 [desktop] › visual/visual.spec.ts:41:7 › molecules-stat--with-sub (646ms)
  ✓  1704 [desktop] › visual/visual.spec.ts:41:7 › molecules-stat--row (580ms)
  ✓  1705 [desktop] › visual/visual.spec.ts:41:7 › molecules-stat--narrow (589ms)
  ✓  1706 [desktop] › visual/visual.spec.ts:41:7 › molecules-stat--on-surfaces-story (588ms)
  ✓  1707 [desktop] › visual/visual.spec.ts:41:7 › molecules-steptracker--playground (597ms)
  ✓  1708 [desktop] › visual/visual.spec.ts:41:7 › molecules-steptracker--horizontal (634ms)
  ✓  1709 [desktop] › visual/visual.spec.ts:41:7 › molecules-steptracker--on-brand (619ms)
  ✓  1710 [desktop] › visual/visual.spec.ts:41:7 › molecules-steptracker--complete (651ms)
  ✓  1711 [desktop] › visual/visual.spec.ts:41:7 › molecules-steptracker--surfaces (597ms)
  ✓  1712 [desktop] › visual/visual.spec.ts:41:7 › molecules-steptracker--not-started (607ms)
  ✓  1713 [desktop] › visual/visual.spec.ts:41:7 › molecules-steptracker--vertical-surfaces (715ms)
  ✓  1714 [desktop] › visual/visual.spec.ts:41:7 › molecules-steptracker--narrow (641ms)
  ✓  1715 [desktop] › visual/visual.spec.ts:41:7 › molecules-steps--playground (605ms)
  ✓  1716 [desktop] › visual/visual.spec.ts:41:7 › molecules-steps--how-it-works (642ms)
  ✓  1717 [desktop] › visual/visual.spec.ts:41:7 › molecules-steps--how-to-book (631ms)
  ✓  1718 [desktop] › visual/visual.spec.ts:41:7 › molecules-steps--starting-takes-one-message (627ms)
  ✓  1720 [desktop] › visual/visual.spec.ts:41:7 › molecules-stickyactionbar--playground (645ms)
  ✓  1719 [desktop] › visual/visual.spec.ts:41:7 › molecules-steps--on-surfaces-story (860ms)
  ✓  1721 [desktop] › visual/visual.spec.ts:41:7 › molecules-stickyactionbar--plan-calculator (627ms)
  ✓  1722 [desktop] › visual/visual.spec.ts:41:7 › molecules-stickyactionbar--dawat-calculator (671ms)
  ✓  1723 [desktop] › visual/visual.spec.ts:41:7 › molecules-stickyactionbar--in-a-scrolling-page (631ms)
  ✓  1724 [desktop] › visual/visual.spec.ts:41:7 › molecules-table--price-list (619ms)
  ✓  1725 [desktop] › visual/visual.spec.ts:41:7 › molecules-table--scrolls-at-360 (612ms)
  ✓  1726 [desktop] › visual/visual.spec.ts:41:7 › molecules-table--catering-glance (612ms)
  ✓  1727 [desktop] › visual/visual.spec.ts:41:7 › molecules-table--box-compare (632ms)
  ✓  1728 [desktop] › visual/visual.spec.ts:41:7 › molecules-table--offers (604ms)
  ✓  1729 [desktop] › visual/visual.spec.ts:41:7 › molecules-table--plan-vs-app (607ms)
  ✓  1730 [desktop] › visual/visual.spec.ts:41:7 › molecules-table--plan-vs-app-at-360 (592ms)
  ✓  1731 [desktop] › visual/visual.spec.ts:41:7 › molecules-table--caption-visible (639ms)
  ✓  1732 [desktop] › visual/visual.spec.ts:41:7 › molecules-tabs--playground (644ms)
  ✓  1733 [desktop] › visual/visual.spec.ts:41:7 › molecules-tabs--two-items (615ms)
  ✓  1734 [desktop] › visual/visual.spec.ts:41:7 › molecules-tabs--segmented (611ms)
  ✓  1735 [desktop] › visual/visual.spec.ts:41:7 › molecules-tabs--with-disabled-tab (621ms)
  ✓  1736 [desktop] › visual/visual.spec.ts:41:7 › molecules-tabs--full-width (631ms)
  ✓  1737 [desktop] › visual/visual.spec.ts:41:7 › molecules-tabs--full-width-long-labels (606ms)
  ✓  1738 [desktop] › visual/visual.spec.ts:41:7 › molecules-tabs--with-icons (613ms)
  ✓  1739 [desktop] › visual/visual.spec.ts:41:7 › molecules-tabs--narrow (599ms)
  ✓  1740 [desktop] › visual/visual.spec.ts:41:7 › molecules-tabs--on-surfaces-story (639ms)
  ✓  1741 [desktop] › visual/visual.spec.ts:41:7 › molecules-toast--playground (639ms)
  ✓  1742 [desktop] › visual/visual.spec.ts:41:7 › molecules-toast--tones (646ms)
  ✓  1743 [desktop] › visual/visual.spec.ts:41:7 › molecules-toast--status (666ms)
  ✓  1744 [desktop] › visual/visual.spec.ts:41:7 › molecules-toast--pop (644ms)
  ✓  1745 [desktop] › visual/visual.spec.ts:41:7 › molecules-toast--custom-glyph (666ms)
  ✓  1747 [desktop] › visual/visual.spec.ts:41:7 › molecules-toast--contained (611ms)
  ✓  1748 [desktop] › visual/visual.spec.ts:41:7 › molecules-togglebuttongroup--exclusive (683ms)
  ✓  1749 [desktop] › visual/visual.spec.ts:41:7 › molecules-togglebuttongroup--multiple (657ms)
  ✓  1750 [desktop] › visual/visual.spec.ts:41:7 › molecules-togglebuttongroup--enforce-value-set (663ms)
  ✓  1751 [desktop] › visual/visual.spec.ts:41:7 › molecules-togglebuttongroup--view-switcher (619ms)
  ✓  1752 [desktop] › visual/visual.spec.ts:41:7 › molecules-togglebuttongroup--vertical (605ms)
  ✓  1746 [desktop] › visual/visual.spec.ts:41:7 › molecules-toast--add-to-order (1.6s)
  ✓  1753 [desktop] › visual/visual.spec.ts:41:7 › molecules-togglebuttongroup--sizes (601ms)
  ✓  1754 [desktop] › visual/visual.spec.ts:41:7 › molecules-togglebuttongroup--colors (627ms)
  ✓  1755 [desktop] › visual/visual.spec.ts:41:7 › molecules-togglebuttongroup--full-width (604ms)
  ✓  1756 [desktop] › visual/visual.spec.ts:41:7 › molecules-togglebuttongroup--disabled (601ms)
  ✓  1757 [desktop] › visual/visual.spec.ts:41:7 › molecules-togglebuttongroup--on-surfaces (635ms)
  ✓  1758 [desktop] › visual/visual.spec.ts:41:7 › molecules-togglebuttongroup--mobile-360 (603ms)
  ✓  1759 [desktop] › visual/visual.spec.ts:41:7 › motion-specimens--durations (704ms)
  ✓  1760 [desktop] › visual/visual.spec.ts:41:7 › motion-specimens--easings (705ms)
  ✓  1761 [desktop] › visual/visual.spec.ts:41:7 › motion-specimens--animations (757ms)
  ✓  1762 [desktop] › visual/visual.spec.ts:41:7 › motion-specimens--motion-tokens (831ms)
  ✓  1763 [desktop] › visual/visual.spec.ts:41:7 › motion-specimens--states (885ms)
  ✓  1764 [desktop] › visual/visual.spec.ts:41:7 › motion-specimens--state-tokens (846ms)
  ✓  1765 [desktop] › visual/visual.spec.ts:41:7 › motion-specimens--form-states (782ms)
  ✓  1767 [desktop] › visual/visual.spec.ts:41:7 › organisms-actiondock--playground (732ms)
  ✓  1766 [desktop] › visual/visual.spec.ts:41:7 › motion-specimens--section-reveal (903ms)
  ✓  1768 [desktop] › visual/visual.spec.ts:41:7 › organisms-actiondock--mobile (784ms)
  ✓  1769 [desktop] › visual/visual.spec.ts:41:7 › organisms-actiondock--tablet (775ms)
  ✓  1770 [desktop] › visual/visual.spec.ts:41:7 › organisms-actiondock--desktop (728ms)
  ✓  1771 [desktop] › visual/visual.spec.ts:41:7 › organisms-actiondock--primary-only (624ms)
  ✓  1772 [desktop] › visual/visual.spec.ts:41:7 › organisms-cartpanel--playground (731ms)
  ✓  1773 [desktop] › visual/visual.spec.ts:41:7 › organisms-cartpanel--filled (748ms)
  ✓  1774 [desktop] › visual/visual.spec.ts:41:7 › organisms-cartpanel--empty (689ms)
  ✓  1775 [desktop] › visual/visual.spec.ts:41:7 › organisms-cartpanel--one-line (720ms)
  ✓  1776 [desktop] › visual/visual.spec.ts:41:7 › organisms-cartpanel--dine-in (816ms)
  ✓  1777 [desktop] › visual/visual.spec.ts:41:7 › organisms-cartpanel--mobile (747ms)
  ✓  1779 [desktop] › visual/visual.spec.ts:41:7 › organisms-ctaband--playground (660ms)
  ✓  1778 [desktop] › visual/visual.spec.ts:41:7 › organisms-cartpanel--on-surfaces-story (976ms)
  ✓  1780 [desktop] › visual/visual.spec.ts:41:7 › organisms-ctaband--ink-split (630ms)
  ✓  1781 [desktop] › visual/visual.spec.ts:41:7 › organisms-ctaband--brand-centred (627ms)
  ✓  1782 [desktop] › visual/visual.spec.ts:41:7 › organisms-ctaband--soft-split (649ms)
  ✓  1783 [desktop] › visual/visual.spec.ts:41:7 › organisms-ctaband--handoff-office-strip (648ms)
  ✓  1785 [desktop] › visual/visual.spec.ts:41:7 › organisms-ctaband--handoff-taste-first (616ms)
  ✓  1784 [desktop] › visual/visual.spec.ts:41:7 › organisms-ctaband--without-pattern (714ms)
  ✓  1786 [desktop] › visual/visual.spec.ts:41:7 › organisms-ctaband--heading-only (633ms)
  ✓  1787 [desktop] › visual/visual.spec.ts:41:7 › organisms-ctaband--without-action (635ms)
  ✓  1788 [desktop] › visual/visual.spec.ts:41:7 › organisms-ctaband--mobile (618ms)
  ✓  1789 [desktop] › visual/visual.spec.ts:41:7 › organisms-ctaband--tablet (603ms)
  ✓  1790 [desktop] › visual/visual.spec.ts:41:7 › organisms-ctaband--desktop (636ms)
  ✓  1791 [desktop] › visual/visual.spec.ts:41:7 › organisms-dialog--playground (627ms)
  ✓  1792 [desktop] › visual/visual.spec.ts:41:7 › organisms-dialog--centred-modal (774ms)
  ✓  1793 [desktop] › visual/visual.spec.ts:41:7 › organisms-dialog--sheet (660ms)
  ✓  1794 [desktop] › visual/visual.spec.ts:41:7 › organisms-dialog--large (683ms)
  ✓  1795 [desktop] › visual/visual.spec.ts:41:7 › organisms-dialog--keyboard-flow (667ms)
  ✓  1796 [desktop] › visual/visual.spec.ts:41:7 › organisms-dialog--must-be-answered (704ms)
  ✓  1797 [desktop] › visual/visual.spec.ts:41:7 › organisms-dialog--inside-a-phone-frame (644ms)
  ✓  1799 [desktop] › visual/visual.spec.ts:41:7 › organisms-dialog--drawer-end (734ms)
  ✓  1798 [desktop] › visual/visual.spec.ts:41:7 › organisms-dialog--mobile (802ms)
  ✓  1800 [desktop] › visual/visual.spec.ts:41:7 › organisms-dialog--drawer-start (673ms)
  ✓  1801 [desktop] › visual/visual.spec.ts:41:7 › organisms-dialog--drawer-sizes (778ms)
  ✓  1802 [desktop] › visual/visual.spec.ts:41:7 › organisms-dialog--drawer-with-footer (657ms)
  ✓  1804 [desktop] › visual/visual.spec.ts:41:7 › organisms-dialog--drawer-360 (660ms)
  ✓  1803 [desktop] › visual/visual.spec.ts:41:7 › organisms-dialog--drawer-long-content (702ms)
  ✓  1805 [desktop] › visual/visual.spec.ts:41:7 › organisms-faqsection--playground (715ms)
  ✓  1806 [desktop] › visual/visual.spec.ts:41:7 › organisms-faqsection--default (627ms)
  ✓  1807 [desktop] › visual/visual.spec.ts:41:7 › organisms-faqsection--handoff-with-aside (779ms)
  ✓  1808 [desktop] › visual/visual.spec.ts:41:7 › organisms-faqsection--multiple (639ms)
  ✓  1809 [desktop] › visual/visual.spec.ts:41:7 › organisms-faqsection--second-open (738ms)
  ✓  1810 [desktop] › visual/visual.spec.ts:41:7 › organisms-faqsection--all-closed (754ms)
  ✓  1811 [desktop] › visual/visual.spec.ts:41:7 › organisms-faqsection--without-lede (640ms)
  ✓  1812 [desktop] › visual/visual.spec.ts:41:7 › organisms-faqsection--heading-level-3 (740ms)
  ✓  1813 [desktop] › visual/visual.spec.ts:41:7 › organisms-faqsection--mobile (733ms)
  ✓  1814 [desktop] › visual/visual.spec.ts:41:7 › organisms-faqsection--tablet (670ms)
  ✓  1815 [desktop] › visual/visual.spec.ts:41:7 › organisms-faqsection--desktop (711ms)
  ✓  1816 [desktop] › visual/visual.spec.ts:41:7 › organisms-herobanner--playground (754ms)
  ✓  1817 [desktop] › visual/visual.spec.ts:41:7 › organisms-herobanner--brand-split (742ms)
  ✓  1818 [desktop] › visual/visual.spec.ts:41:7 › organisms-herobanner--soft-centred (655ms)
  ✓  1819 [desktop] › visual/visual.spec.ts:41:7 › organisms-herobanner--ink-split (695ms)
  ✓  1820 [desktop] › visual/visual.spec.ts:41:7 › organisms-herobanner--handoff-home (721ms)
  ✓  1821 [desktop] › visual/visual.spec.ts:41:7 › organisms-herobanner--handoff-catering (682ms)
  ✓  1822 [desktop] › visual/visual.spec.ts:41:7 › organisms-herobanner--handoff-office (591ms)
  ✓  1823 [desktop] › visual/visual.spec.ts:41:7 › organisms-herobanner--headline-only (632ms)
  ✓  1824 [desktop] › visual/visual.spec.ts:41:7 › organisms-herobanner--with-photograph (683ms)
  ✓  1825 [desktop] › visual/visual.spec.ts:41:7 › organisms-herobanner--mobile (619ms)
  ✓  1826 [desktop] › visual/visual.spec.ts:41:7 › organisms-herobanner--tablet (652ms)
  ✓  1827 [desktop] › visual/visual.spec.ts:41:7 › organisms-herobanner--desktop (629ms)
  ✓  1828 [desktop] › visual/visual.spec.ts:41:7 › organisms-menulist--playground (1.0s)
  ✓  1830 [desktop] › visual/visual.spec.ts:41:7 › organisms-menulist--list-app (932ms)
  ✓  1829 [desktop] › visual/visual.spec.ts:41:7 › organisms-menulist--grid-website (1.1s)
  ✓  1832 [desktop] › visual/visual.spec.ts:41:7 › organisms-menulist--small-grid (979ms)
  ✓  1831 [desktop] › visual/visual.spec.ts:41:7 › organisms-menulist--grid-only (1.2s)
  ✓  1833 [desktop] › visual/visual.spec.ts:41:7 › organisms-menulist--filter-by-category (947ms)
  ✓  1834 [desktop] › visual/visual.spec.ts:41:7 › organisms-menulist--preselected-category (830ms)
  ✓  1835 [desktop] › visual/visual.spec.ts:41:7 › organisms-menulist--with-lede (987ms)
  ✓  1836 [desktop] › visual/visual.spec.ts:41:7 › organisms-menulist--empty-category (727ms)
  ✓  1837 [desktop] › visual/visual.spec.ts:41:7 › organisms-menulist--mobile (1.2s)
  ✓  1840 [desktop] › visual/visual.spec.ts:41:7 › organisms-ordertracker--playground (649ms)
  ✓  1838 [desktop] › visual/visual.spec.ts:41:7 › organisms-menulist--tablet (1.0s)
  ✓  1841 [desktop] › visual/visual.spec.ts:41:7 › organisms-ordertracker--order-in (749ms)
  ✓  1839 [desktop] › visual/visual.spec.ts:41:7 › organisms-menulist--desktop (1.1s)
  ✓  1842 [desktop] › visual/visual.spec.ts:41:7 › organisms-ordertracker--on-the-tandoor (661ms)
  ✓  1843 [desktop] › visual/visual.spec.ts:41:7 › organisms-ordertracker--ready (666ms)
  ✓  1844 [desktop] › visual/visual.spec.ts:41:7 › organisms-ordertracker--as-card (704ms)
  ✓  1845 [desktop] › visual/visual.spec.ts:41:7 › organisms-ordertracker--delivery-steps (742ms)
  ✓  1846 [desktop] › visual/visual.spec.ts:41:7 › organisms-ordertracker--mobile (812ms)
  ✓  1847 [desktop] › visual/visual.spec.ts:41:7 › organisms-quotepanel--playground (616ms)
  ✓  1848 [desktop] › visual/visual.spec.ts:41:7 › organisms-quotepanel--handoff-plan (652ms)
  ✓  1849 [desktop] › visual/visual.spec.ts:41:7 › organisms-quotepanel--handoff-dawat (650ms)
  ✓  1850 [desktop] › visual/visual.spec.ts:41:7 › organisms-quotepanel--handoff-office (647ms)
  ✓  1851 [desktop] › visual/visual.spec.ts:41:7 › organisms-quotepanel--amount-only (603ms)
  ✓  1852 [desktop] › visual/visual.spec.ts:41:7 › organisms-quotepanel--mobile (656ms)
  ✓  1853 [desktop] › visual/visual.spec.ts:41:7 › organisms-quotepanel--tablet (608ms)
  ✓  1854 [desktop] › visual/visual.spec.ts:41:7 › organisms-quotepanel--desktop (608ms)
  ✓  1855 [desktop] › visual/visual.spec.ts:41:7 › organisms-reviewcarousel--playground (672ms)
  ✓  1856 [desktop] › visual/visual.spec.ts:41:7 › organisms-reviewcarousel--handoff-home (679ms)
  ✓  1857 [desktop] › visual/visual.spec.ts:41:7 › organisms-reviewcarousel--handoff-on-tint (683ms)
  ✓  1858 [desktop] › visual/visual.spec.ts:41:7 › organisms-reviewcarousel--one-review (681ms)
  ✓  1859 [desktop] › visual/visual.spec.ts:41:7 › organisms-reviewcarousel--empty (758ms)
  ✓  1860 [desktop] › visual/visual.spec.ts:41:7 › organisms-reviewcarousel--paging (822ms)
  ✓  1861 [desktop] › visual/visual.spec.ts:41:7 › organisms-reviewcarousel--mobile (885ms)
  ✓  1862 [desktop] › visual/visual.spec.ts:41:7 › organisms-reviewcarousel--tablet (697ms)
  ✓  1864 [desktop] › visual/visual.spec.ts:41:7 › organisms-sitefooter--playground (667ms)
  ✓  1863 [desktop] › visual/visual.spec.ts:41:7 › organisms-reviewcarousel--desktop (883ms)
  ✓  1865 [desktop] › visual/visual.spec.ts:41:7 › organisms-sitefooter--design-system-pink (842ms)
  ✓  1867 [desktop] › visual/visual.spec.ts:41:7 › organisms-sitefooter--columns-only (665ms)
  ✓  1866 [desktop] › visual/visual.spec.ts:41:7 › organisms-sitefooter--handoff-ink (842ms)
  ✓  1868 [desktop] › visual/visual.spec.ts:41:7 › organisms-sitefooter--four-columns (626ms)
  ✓  1869 [desktop] › visual/visual.spec.ts:41:7 › organisms-sitefooter--mobile (903ms)
  ✓  1871 [desktop] › visual/visual.spec.ts:41:7 › organisms-sitefooter--tablet (865ms)
  ✓  1872 [desktop] › visual/visual.spec.ts:41:7 › organisms-siteheader--playground (719ms)
  ✓  1870 [desktop] › visual/visual.spec.ts:41:7 › organisms-sitefooter--desktop (925ms)
  ✓  1873 [desktop] › visual/visual.spec.ts:41:7 › organisms-siteheader--rest (815ms)
  ✓  1874 [desktop] › visual/visual.spec.ts:41:7 › organisms-siteheader--scrolled-with-cart (686ms)
  ✓  1875 [desktop] › visual/visual.spec.ts:41:7 › organisms-siteheader--cart-counts (764ms)
  ✓  1876 [desktop] › visual/visual.spec.ts:41:7 › organisms-siteheader--handoff-compact (773ms)
  ✓  1877 [desktop] › visual/visual.spec.ts:41:7 › organisms-siteheader--six-links-at-1024 (860ms)
  ✓  1878 [desktop] › visual/visual.spec.ts:41:7 › organisms-siteheader--six-links-at-1279 (864ms)
  ✓  1879 [desktop] › visual/visual.spec.ts:41:7 › organisms-siteheader--six-links-at-1280 (799ms)
  ✓  1880 [desktop] › visual/visual.spec.ts:41:7 › organisms-siteheader--six-links-at-1440 (704ms)
  ✓  1881 [desktop] › visual/visual.spec.ts:41:7 › organisms-siteheader--six-links-at-1536 (717ms)
  ✓  1882 [desktop] › visual/visual.spec.ts:41:7 › organisms-siteheader--drawer-keyboard (753ms)
  ✓  1883 [desktop] › visual/visual.spec.ts:41:7 › organisms-siteheader--drawer-open (707ms)
  ✓  1884 [desktop] › visual/visual.spec.ts:41:7 › organisms-siteheader--mobile (685ms)
  ✓  1885 [desktop] › visual/visual.spec.ts:41:7 › organisms-siteheader--tablet (673ms)
  ✓  1886 [desktop] › visual/visual.spec.ts:41:7 › organisms-siteheader--desktop (728ms)
  ✓  1887 [desktop] › visual/visual.spec.ts:41:7 › organisms-statband--playground (656ms)
  ✓  1888 [desktop] › visual/visual.spec.ts:41:7 › organisms-statband--soft (633ms)
  ✓  1889 [desktop] › visual/visual.spec.ts:41:7 › organisms-statband--brand (649ms)
  ✓  1890 [desktop] › visual/visual.spec.ts:41:7 › organisms-statband--ink (651ms)
  ✓  1891 [desktop] › visual/visual.spec.ts:41:7 › organisms-statband--four-stats (626ms)
  ✓  1892 [desktop] › visual/visual.spec.ts:41:7 › organisms-statband--with-icons (679ms)
  ✓  1893 [desktop] › visual/visual.spec.ts:41:7 › organisms-statband--with-sub-lines (638ms)
  ✓  1894 [desktop] › visual/visual.spec.ts:41:7 › organisms-statband--mobile (615ms)
  ✓  1895 [desktop] › visual/visual.spec.ts:41:7 › organisms-statband--tablet (590ms)
  ✓  1896 [desktop] › visual/visual.spec.ts:41:7 › organisms-statband--desktop (592ms)
  ✓  1897 [desktop] › visual/visual.spec.ts:41:7 › organisms-tabbar--playground (587ms)
  ✓  1898 [desktop] › visual/visual.spec.ts:41:7 › organisms-tabbar--states (613ms)
  ✓  1899 [desktop] › visual/visual.spec.ts:41:7 › organisms-tabbar--four-tabs-with-count (643ms)
  ✓  1900 [desktop] › visual/visual.spec.ts:41:7 › organisms-tabbar--five-tabs (653ms)
  ✓  1901 [desktop] › visual/visual.spec.ts:41:7 › organisms-tabbar--as-links (679ms)
  ✓  1902 [desktop] › visual/visual.spec.ts:41:7 › organisms-tabbar--each-destination-active (662ms)
  ✓  1903 [desktop] › visual/visual.spec.ts:41:7 › organisms-tabbar--mobile (685ms)
  ✓  1904 [desktop] › visual/visual.spec.ts:41:7 › organisms-testimonialwall--playground (678ms)
  ✓  1905 [desktop] › visual/visual.spec.ts:41:7 › organisms-testimonialwall--default (635ms)
  ✓  1906 [desktop] › visual/visual.spec.ts:41:7 › organisms-testimonialwall--brand-cards (761ms)
  ✓  1907 [desktop] › visual/visual.spec.ts:41:7 › organisms-testimonialwall--four-reviews (792ms)
  ✓  1908 [desktop] › visual/visual.spec.ts:41:7 › organisms-testimonialwall--on-tint (727ms)
  ✓  1909 [desktop] › visual/visual.spec.ts:41:7 › organisms-testimonialwall--with-lede (867ms)
  ✓  1910 [desktop] › visual/visual.spec.ts:41:7 › organisms-testimonialwall--without-scores (712ms)
  ✓  1911 [desktop] › visual/visual.spec.ts:41:7 › organisms-testimonialwall--mobile (713ms)
  ✓  1912 [desktop] › visual/visual.spec.ts:41:7 › organisms-testimonialwall--tablet (653ms)
  ✓  1913 [desktop] › visual/visual.spec.ts:41:7 › organisms-testimonialwall--desktop (726ms)
  ✓  1915 [desktop] › visual/visual.spec.ts:41:7 › spacing-specimens--rhythm (634ms)
  ✓  1914 [desktop] › visual/visual.spec.ts:41:7 › spacing-specimens--scale (858ms)
  ✓  1917 [desktop] › visual/visual.spec.ts:41:7 › spacing-specimens--chrome-tokens (672ms)
  ✓  1916 [desktop] › visual/visual.spec.ts:41:7 › spacing-specimens--rhythm-tokens (801ms)
  ✓  1919 [desktop] › visual/visual.spec.ts:41:7 › type-specimens--display-steps (689ms)
  ✓  1920 [desktop] › visual/visual.spec.ts:41:7 › type-specimens--families-and-weights (695ms)
  ✓  1921 [desktop] › visual/visual.spec.ts:41:7 › type-specimens--heading-steps (738ms)
  ✓  1922 [desktop] › visual/visual.spec.ts:41:7 › type-specimens--body-steps (746ms)
  ✓  1923 [desktop] › visual/visual.spec.ts:41:7 › type-specimens--overline-and-mono (707ms)
  ✓  1924 [desktop] › visual/visual.spec.ts:41:7 › type-specimens--devanagari (733ms)
  ✓  1925 [desktop] › visual/visual.spec.ts:41:7 › type-specimens--fluid-steps (727ms)
  ✓  1926 [desktop] › visual/visual.spec.ts:41:7 › type-specimens--fluid-tokens (741ms)
  ✓  1918 [desktop] › visual/visual.spec.ts:41:7 › spacing-specimens--component-sizes (2.7s)
  ✓  1929 [desktop] › visual/visual.spec.ts:41:7 › foundations-interactions--global-base (669ms)
  ✓  1930 [desktop] › visual/visual.spec.ts:41:7 › foundations-system-specimens--spacing (666ms)
  ✓  1931 [desktop] › visual/visual.spec.ts:41:7 › foundations-system-specimens--display (571ms)
  ✓  1932 [desktop] › visual/visual.spec.ts:41:7 › foundations-system-specimens--size (597ms)
  ✓  1928 [desktop] › visual/visual.spec.ts:41:7 › website-homepage--homepage-360 (1.6s)
  ✓  1933 [desktop] › visual/visual.spec.ts:41:7 › foundations-system-specimens--flex-child (600ms)
  ✓  1934 [desktop] › visual/visual.spec.ts:41:7 › foundations-system-specimens--look (543ms)
  ✓  1935 [desktop] › visual/visual.spec.ts:41:7 › foundations-system-specimens--colour (530ms)
  ✓  1936 [desktop] › visual/visual.spec.ts:41:7 › foundations-system-specimens--responsive (559ms)
  ✘  1927 [desktop] › visual/visual.spec.ts:41:7 › website-homepage--homepage (6.7s)


  1) [desktop] › visual/visual.spec.ts:41:7 › website-homepage--homepage ───────────────────────────

    Error: expect(page).toHaveScreenshot(expected) failed

      1869791 pixels (ratio 0.15 of all image pixels) are different.

      Snapshot: website-homepage--homepage.png

    Call log:
      - Expect "toHaveScreenshot(website-homepage--homepage.png)" with timeout 10000ms
        - verifying given screenshot expectation
      - taking page screenshot
        - disabled all CSS animations
      - waiting for fonts to load...
      - fonts loaded
      - 1869791 pixels (ratio 0.15 of all image pixels) are different.
      - waiting 100ms before taking screenshot
      - taking page screenshot
        - disabled all CSS animations
      - waiting for fonts to load...
      - fonts loaded
      - captured a stable screenshot
      - 1869791 pixels (ratio 0.15 of all image pixels) are different.


      111 |     await expect(page.locator("body")).not.toHaveClass(/sb-show-errordisplay/);
      112 |
    > 113 |     await expect(page).toHaveScreenshot(`${story.id}.png`, {
          |                        ^
      114 |       fullPage: true,
      115 |       maxDiffPixelRatio: 0.001,
      116 |     });
        at /Users/rishavpa/Professional/pink-paprikaa-site/apps/storybook/visual/visual.spec.ts:113:24

    attachment #1: website-homepage--homepage (image/png) ──────────────────────────────────────────
    Expected: visual/__screenshots__/desktop/website-homepage--homepage.png
    Received: visual/test-results/visual-website-homepage--homepage-desktop/website-homepage--homepage-actual.png
    Diff:     visual/test-results/visual-website-homepage--homepage-desktop/website-homepage--homepage-diff.png
    ────────────────────────────────────────────────────────────────────────────────────────────────

    Error Context: visual/test-results/visual-website-homepage--homepage-desktop/error-context.md

  1 failed
    [desktop] › visual/visual.spec.ts:41:7 › website-homepage--homepage ────────────────────────────
  1935 passed (4.6m)
